2025-04-03 18:55:38 - __main__ - INFO - Starting PokeTogether
2025-04-03 18:55:38 - game.core.game - INFO - Initializing game
2025-04-03 18:55:38 - game.core.game - INFO - Game initialized
2025-04-03 18:55:38 - game.core.game - INFO - Starting game loop
2025-04-03 18:55:38 - game.core.game - INFO - Loading resources
2025-04-03 18:55:38 - game.core.game - INFO - Resources loaded
2025-04-03 18:59:45 - __main__ - INFO - Starting PokeTogether
2025-04-03 18:59:45 - game.core.game - INFO - Initializing game
2025-04-03 18:59:46 - game.core.game - INFO - Game initialized
2025-04-03 18:59:46 - game.core.game - INFO - Starting game loop
2025-04-03 18:59:46 - game.core.game - INFO - Loading resources
2025-04-03 18:59:46 - game.core.game - INFO - Resources loaded
2025-04-03 19:04:21 - __main__ - INFO - Starting PokeTogether
2025-04-03 19:04:21 - game.core.game - INFO - Initializing game
2025-04-03 19:04:22 - game.core.input_handler - INFO - Initialisiere Input-Handler
2025-04-03 19:04:22 - game.core.input_handler - INFO - Controller gefunden: Xbox 360 Controller
2025-04-03 19:04:22 - game.core.input_handler - INFO - Controller gefunden: Xbox 360 Controller
2025-04-03 19:04:22 - game.entities.player - INFO - Creating player 'Red' at position (400, 300)
2025-04-03 19:04:22 - game.core.camera - INFO - Creating camera with size 800x600, map size 1600x1200
2025-04-03 19:04:22 - game.core.game - INFO - Game initialized
2025-04-03 19:04:22 - game.core.game - INFO - Starting game loop
2025-04-03 19:04:22 - game.core.game - INFO - Loading resources
2025-04-03 19:04:22 - game.core.game - INFO - Resources loaded
2025-04-03 19:04:22 - game.core.input_handler - INFO - Controller gefunden: Xbox 360 Controller
2025-04-03 19:04:22 - game.core.input_handler - INFO - Controller gefunden: Xbox 360 Controller
2025-04-03 19:04:22 - game.core.input_handler - INFO - Controller gefunden: Xbox 360 Controller
2025-04-03 19:04:22 - game.core.input_handler - INFO - Controller gefunden: Xbox 360 Controller
2025-04-03 19:04:25 - game.core.game - INFO - Spiel gestartet
2025-04-03 19:07:40 - __main__ - INFO - Starte Steuerungstest
2025-04-03 19:07:41 - game.core.input_handler - INFO - Initialisiere Input-Handler
2025-04-03 19:07:41 - game.core.input_handler - INFO - Controller gefunden: Xbox 360 Controller
2025-04-03 19:07:41 - game.core.input_handler - INFO - Controller gefunden: Xbox 360 Controller
2025-04-03 19:07:41 - game.entities.player - INFO - Creating player 'Tester' at position (400, 300)
2025-04-03 19:07:41 - game.core.input_handler - INFO - Controller gefunden: Xbox 360 Controller
2025-04-03 19:07:41 - game.core.input_handler - INFO - Controller gefunden: Xbox 360 Controller
2025-04-03 19:07:41 - game.core.input_handler - INFO - Controller gefunden: Xbox 360 Controller
2025-04-03 19:07:41 - game.core.input_handler - INFO - Controller gefunden: Xbox 360 Controller
2025-04-03 19:07:47 - __main__ - INFO - Eingaben: {'left': True}, Bewegung: (-1, 0)
2025-04-03 19:07:47 - __main__ - INFO - Position: (400, 300) -> (397, 300), Änderung: (-3, 0)
2025-04-03 19:07:47 - __main__ - INFO - Eingaben: {'left': True}, Bewegung: (-1, 0)
2025-04-03 19:07:47 - __main__ - INFO - Position: (397, 300) -> (394, 300), Änderung: (-3, 0)
2025-04-03 19:07:47 - __main__ - INFO - Eingaben: {'left': True}, Bewegung: (-1, 0)
2025-04-03 19:07:47 - __main__ - INFO - Position: (394, 300) -> (391, 300), Änderung: (-3, 0)
2025-04-03 19:07:47 - __main__ - INFO - Eingaben: {'left': True}, Bewegung: (-1, 0)
2025-04-03 19:07:47 - __main__ - INFO - Position: (391, 300) -> (388, 300), Änderung: (-3, 0)
2025-04-03 19:07:47 - __main__ - INFO - Eingaben: {'left': True}, Bewegung: (-1, 0)
2025-04-03 19:07:47 - __main__ - INFO - Position: (388, 300) -> (385, 300), Änderung: (-3, 0)
2025-04-03 19:07:47 - __main__ - INFO - Eingaben: {'left': True}, Bewegung: (-1, 0)
2025-04-03 19:07:47 - __main__ - INFO - Position: (385, 300) -> (382, 300), Änderung: (-3, 0)
2025-04-03 19:07:47 - __main__ - INFO - Eingaben: {'left': True}, Bewegung: (-1, 0)
2025-04-03 19:07:47 - __main__ - INFO - Position: (382, 300) -> (379, 300), Änderung: (-3, 0)
2025-04-03 19:07:47 - __main__ - INFO - Eingaben: {'left': True}, Bewegung: (-1, 0)
2025-04-03 19:07:47 - __main__ - INFO - Position: (379, 300) -> (376, 300), Änderung: (-3, 0)
2025-04-03 19:07:47 - __main__ - INFO - Eingaben: {'left': True}, Bewegung: (-1, 0)
2025-04-03 19:07:47 - __main__ - INFO - Position: (376, 300) -> (373, 300), Änderung: (-3, 0)
2025-04-03 19:07:47 - __main__ - INFO - Eingaben: {'left': True}, Bewegung: (-1, 0)
2025-04-03 19:07:47 - __main__ - INFO - Position: (373, 300) -> (370, 300), Änderung: (-3, 0)
2025-04-03 19:07:47 - __main__ - INFO - Eingaben: {'left': True}, Bewegung: (-1, 0)
2025-04-03 19:07:47 - __main__ - INFO - Position: (370, 300) -> (367, 300), Änderung: (-3, 0)
2025-04-03 19:07:47 - __main__ - INFO - Eingaben: {'left': True}, Bewegung: (-1, 0)
2025-04-03 19:07:47 - __main__ - INFO - Position: (367, 300) -> (364, 300), Änderung: (-3, 0)
2025-04-03 19:07:47 - __main__ - INFO - Eingaben: {'left': True}, Bewegung: (-1, 0)
2025-04-03 19:07:47 - __main__ - INFO - Position: (364, 300) -> (361, 300), Änderung: (-3, 0)
2025-04-03 19:07:47 - __main__ - INFO - Eingaben: {'left': True}, Bewegung: (-1, 0)
2025-04-03 19:07:47 - __main__ - INFO - Position: (361, 300) -> (358, 300), Änderung: (-3, 0)
2025-04-03 19:07:47 - __main__ - INFO - Eingaben: {'left': True}, Bewegung: (-1, 0)
2025-04-03 19:07:47 - __main__ - INFO - Position: (358, 300) -> (355, 300), Änderung: (-3, 0)
2025-04-03 19:07:47 - __main__ - INFO - Eingaben: {'up': True, 'left': True}, Bewegung: (-1, -1)
2025-04-03 19:07:47 - __main__ - INFO - Position: (355, 300) -> (352, 297), Änderung: (-3, -3)
2025-04-03 19:07:47 - __main__ - INFO - Eingaben: {'up': True, 'left': True}, Bewegung: (-1, -1)
2025-04-03 19:07:47 - __main__ - INFO - Position: (352, 297) -> (349, 294), Änderung: (-3, -3)
2025-04-03 19:07:47 - __main__ - INFO - Eingaben: {'up': True, 'left': True}, Bewegung: (-1, -1)
2025-04-03 19:07:47 - __main__ - INFO - Position: (349, 294) -> (346, 291), Änderung: (-3, -3)
2025-04-03 19:07:47 - __main__ - INFO - Eingaben: {'up': True}, Bewegung: (0, -1)
2025-04-03 19:07:47 - __main__ - INFO - Position: (346, 291) -> (346, 288), Änderung: (0, -3)
2025-04-03 19:07:47 - __main__ - INFO - Eingaben: {'up': True}, Bewegung: (0, -1)
2025-04-03 19:07:47 - __main__ - INFO - Position: (346, 288) -> (346, 285), Änderung: (0, -3)
2025-04-03 19:07:47 - __main__ - INFO - Eingaben: {'up': True}, Bewegung: (0, -1)
2025-04-03 19:07:47 - __main__ - INFO - Position: (346, 285) -> (346, 282), Änderung: (0, -3)
2025-04-03 19:07:47 - __main__ - INFO - Eingaben: {'up': True}, Bewegung: (0, -1)
2025-04-03 19:07:47 - __main__ - INFO - Position: (346, 282) -> (346, 279), Änderung: (0, -3)
2025-04-03 19:07:47 - __main__ - INFO - Eingaben: {'up': True}, Bewegung: (0, -1)
2025-04-03 19:07:47 - __main__ - INFO - Position: (346, 279) -> (346, 276), Änderung: (0, -3)
2025-04-03 19:07:47 - __main__ - INFO - Eingaben: {'up': True}, Bewegung: (0, -1)
2025-04-03 19:07:47 - __main__ - INFO - Position: (346, 276) -> (346, 273), Änderung: (0, -3)
2025-04-03 19:07:47 - __main__ - INFO - Eingaben: {'up': True}, Bewegung: (0, -1)
2025-04-03 19:07:47 - __main__ - INFO - Position: (346, 273) -> (346, 270), Änderung: (0, -3)
2025-04-03 19:07:47 - __main__ - INFO - Eingaben: {'up': True}, Bewegung: (0, -1)
2025-04-03 19:07:47 - __main__ - INFO - Position: (346, 270) -> (346, 267), Änderung: (0, -3)
2025-04-03 19:07:47 - __main__ - INFO - Eingaben: {'up': True}, Bewegung: (0, -1)
2025-04-03 19:07:47 - __main__ - INFO - Position: (346, 267) -> (346, 264), Änderung: (0, -3)
2025-04-03 19:07:47 - __main__ - INFO - Eingaben: {'up': True}, Bewegung: (0, -1)
2025-04-03 19:07:47 - __main__ - INFO - Position: (346, 264) -> (346, 261), Änderung: (0, -3)
2025-04-03 19:07:47 - __main__ - INFO - Eingaben: {'up': True}, Bewegung: (0, -1)
2025-04-03 19:07:47 - __main__ - INFO - Position: (346, 261) -> (346, 258), Änderung: (0, -3)
2025-04-03 19:07:47 - __main__ - INFO - Eingaben: {'up': True}, Bewegung: (0, -1)
2025-04-03 19:07:47 - __main__ - INFO - Position: (346, 258) -> (346, 255), Änderung: (0, -3)
2025-04-03 19:07:47 - __main__ - INFO - Eingaben: {'up': True}, Bewegung: (0, -1)
2025-04-03 19:07:47 - __main__ - INFO - Position: (346, 255) -> (346, 252), Änderung: (0, -3)
2025-04-03 19:07:47 - __main__ - INFO - Eingaben: {'up': True, 'right': True}, Bewegung: (1, -1)
2025-04-03 19:07:47 - __main__ - INFO - Position: (346, 252) -> (349, 249), Änderung: (3, -3)
2025-04-03 19:07:47 - __main__ - INFO - Eingaben: {'up': True, 'right': True}, Bewegung: (1, -1)
2025-04-03 19:07:47 - __main__ - INFO - Position: (349, 249) -> (352, 246), Änderung: (3, -3)
2025-04-03 19:07:47 - __main__ - INFO - Eingaben: {'up': True, 'right': True}, Bewegung: (1, -1)
2025-04-03 19:07:47 - __main__ - INFO - Position: (352, 246) -> (355, 243), Änderung: (3, -3)
2025-04-03 19:07:47 - __main__ - INFO - Eingaben: {'right': True}, Bewegung: (1, 0)
2025-04-03 19:07:47 - __main__ - INFO - Position: (355, 243) -> (358, 243), Änderung: (3, 0)
2025-04-03 19:07:47 - __main__ - INFO - Eingaben: {'right': True}, Bewegung: (1, 0)
2025-04-03 19:07:47 - __main__ - INFO - Position: (358, 243) -> (361, 243), Änderung: (3, 0)
2025-04-03 19:07:48 - __main__ - INFO - Eingaben: {'right': True}, Bewegung: (1, 0)
2025-04-03 19:07:48 - __main__ - INFO - Position: (361, 243) -> (364, 243), Änderung: (3, 0)
2025-04-03 19:07:48 - __main__ - INFO - Eingaben: {'right': True}, Bewegung: (1, 0)
2025-04-03 19:07:48 - __main__ - INFO - Position: (364, 243) -> (367, 243), Änderung: (3, 0)
2025-04-03 19:07:48 - __main__ - INFO - Eingaben: {'right': True}, Bewegung: (1, 0)
2025-04-03 19:07:48 - __main__ - INFO - Position: (367, 243) -> (370, 243), Änderung: (3, 0)
2025-04-03 19:07:48 - __main__ - INFO - Eingaben: {'right': True}, Bewegung: (1, 0)
2025-04-03 19:07:48 - __main__ - INFO - Position: (370, 243) -> (373, 243), Änderung: (3, 0)
2025-04-03 19:07:48 - __main__ - INFO - Eingaben: {'right': True}, Bewegung: (1, 0)
2025-04-03 19:07:48 - __main__ - INFO - Position: (373, 243) -> (376, 243), Änderung: (3, 0)
2025-04-03 19:07:48 - __main__ - INFO - Eingaben: {'right': True}, Bewegung: (1, 0)
2025-04-03 19:07:48 - __main__ - INFO - Position: (376, 243) -> (379, 243), Änderung: (3, 0)
2025-04-03 19:07:48 - __main__ - INFO - Eingaben: {'right': True}, Bewegung: (1, 0)
2025-04-03 19:07:48 - __main__ - INFO - Position: (379, 243) -> (382, 243), Änderung: (3, 0)
2025-04-03 19:07:48 - __main__ - INFO - Eingaben: {'right': True}, Bewegung: (1, 0)
2025-04-03 19:07:48 - __main__ - INFO - Position: (382, 243) -> (385, 243), Änderung: (3, 0)
2025-04-03 19:07:48 - __main__ - INFO - Eingaben: {'right': True}, Bewegung: (1, 0)
2025-04-03 19:07:48 - __main__ - INFO - Position: (385, 243) -> (388, 243), Änderung: (3, 0)
2025-04-03 19:07:48 - __main__ - INFO - Eingaben: {'right': True}, Bewegung: (1, 0)
2025-04-03 19:07:48 - __main__ - INFO - Position: (388, 243) -> (391, 243), Änderung: (3, 0)
2025-04-03 19:07:48 - __main__ - INFO - Eingaben: {'right': True}, Bewegung: (1, 0)
2025-04-03 19:07:48 - __main__ - INFO - Position: (391, 243) -> (394, 243), Änderung: (3, 0)
2025-04-03 19:07:48 - __main__ - INFO - Eingaben: {'right': True}, Bewegung: (1, 0)
2025-04-03 19:07:48 - __main__ - INFO - Position: (394, 243) -> (397, 243), Änderung: (3, 0)
2025-04-03 19:07:48 - __main__ - INFO - Eingaben: {'right': True}, Bewegung: (1, 0)
2025-04-03 19:07:48 - __main__ - INFO - Position: (397, 243) -> (400, 243), Änderung: (3, 0)
2025-04-03 19:07:48 - __main__ - INFO - Eingaben: {'right': True}, Bewegung: (1, 0)
2025-04-03 19:07:48 - __main__ - INFO - Position: (400, 243) -> (403, 243), Änderung: (3, 0)
2025-04-03 19:07:48 - __main__ - INFO - Eingaben: {'right': True}, Bewegung: (1, 0)
2025-04-03 19:07:48 - __main__ - INFO - Position: (403, 243) -> (406, 243), Änderung: (3, 0)
2025-04-03 19:07:48 - __main__ - INFO - Eingaben: {'right': True}, Bewegung: (1, 0)
2025-04-03 19:07:48 - __main__ - INFO - Position: (406, 243) -> (409, 243), Änderung: (3, 0)
2025-04-03 19:07:48 - __main__ - INFO - Eingaben: {'right': True}, Bewegung: (1, 0)
2025-04-03 19:07:48 - __main__ - INFO - Position: (409, 243) -> (412, 243), Änderung: (3, 0)
2025-04-03 19:07:48 - __main__ - INFO - Eingaben: {'right': True}, Bewegung: (1, 0)
2025-04-03 19:07:48 - __main__ - INFO - Position: (412, 243) -> (415, 243), Änderung: (3, 0)
2025-04-03 19:07:48 - __main__ - INFO - Eingaben: {'right': True}, Bewegung: (1, 0)
2025-04-03 19:07:48 - __main__ - INFO - Position: (415, 243) -> (418, 243), Änderung: (3, 0)
2025-04-03 19:07:48 - __main__ - INFO - Eingaben: {'right': True}, Bewegung: (1, 0)
2025-04-03 19:07:48 - __main__ - INFO - Position: (418, 243) -> (421, 243), Änderung: (3, 0)
2025-04-03 19:07:48 - __main__ - INFO - Eingaben: {'down': True, 'right': True}, Bewegung: (1, 1)
2025-04-03 19:07:48 - __main__ - INFO - Position: (421, 243) -> (424, 246), Änderung: (3, 3)
2025-04-03 19:07:48 - __main__ - INFO - Eingaben: {'down': True}, Bewegung: (0, 1)
2025-04-03 19:07:48 - __main__ - INFO - Position: (424, 246) -> (424, 249), Änderung: (0, 3)
2025-04-03 19:07:48 - __main__ - INFO - Eingaben: {'down': True}, Bewegung: (0, 1)
2025-04-03 19:07:48 - __main__ - INFO - Position: (424, 249) -> (424, 252), Änderung: (0, 3)
2025-04-03 19:07:48 - __main__ - INFO - Eingaben: {'down': True}, Bewegung: (0, 1)
2025-04-03 19:07:48 - __main__ - INFO - Position: (424, 252) -> (424, 255), Änderung: (0, 3)
2025-04-03 19:07:48 - __main__ - INFO - Eingaben: {'down': True}, Bewegung: (0, 1)
2025-04-03 19:07:48 - __main__ - INFO - Position: (424, 255) -> (424, 258), Änderung: (0, 3)
2025-04-03 19:07:48 - __main__ - INFO - Eingaben: {'down': True}, Bewegung: (0, 1)
2025-04-03 19:07:48 - __main__ - INFO - Position: (424, 258) -> (424, 261), Änderung: (0, 3)
2025-04-03 19:07:48 - __main__ - INFO - Eingaben: {'down': True}, Bewegung: (0, 1)
2025-04-03 19:07:48 - __main__ - INFO - Position: (424, 261) -> (424, 264), Änderung: (0, 3)
2025-04-03 19:07:48 - __main__ - INFO - Eingaben: {'down': True}, Bewegung: (0, 1)
2025-04-03 19:07:48 - __main__ - INFO - Position: (424, 264) -> (424, 267), Änderung: (0, 3)
2025-04-03 19:07:48 - __main__ - INFO - Eingaben: {'down': True}, Bewegung: (0, 1)
2025-04-03 19:07:48 - __main__ - INFO - Position: (424, 267) -> (424, 270), Änderung: (0, 3)
2025-04-03 19:07:48 - __main__ - INFO - Eingaben: {'down': True}, Bewegung: (0, 1)
2025-04-03 19:07:48 - __main__ - INFO - Position: (424, 270) -> (424, 273), Änderung: (0, 3)
2025-04-03 19:07:48 - __main__ - INFO - Eingaben: {'down': True, 'left': True}, Bewegung: (-1, 1)
2025-04-03 19:07:48 - __main__ - INFO - Position: (424, 273) -> (421, 276), Änderung: (-3, 3)
2025-04-03 19:07:48 - __main__ - INFO - Eingaben: {'down': True, 'left': True}, Bewegung: (-1, 1)
2025-04-03 19:07:48 - __main__ - INFO - Position: (421, 276) -> (418, 279), Änderung: (-3, 3)
2025-04-03 19:07:48 - __main__ - INFO - Eingaben: {'down': True, 'left': True}, Bewegung: (-1, 1)
2025-04-03 19:07:48 - __main__ - INFO - Position: (418, 279) -> (415, 282), Änderung: (-3, 3)
2025-04-03 19:07:48 - __main__ - INFO - Eingaben: {'down': True, 'left': True}, Bewegung: (-1, 1)
2025-04-03 19:07:48 - __main__ - INFO - Position: (415, 282) -> (412, 285), Änderung: (-3, 3)
2025-04-03 19:07:48 - __main__ - INFO - Eingaben: {'left': True}, Bewegung: (-1, 0)
2025-04-03 19:07:48 - __main__ - INFO - Position: (412, 285) -> (409, 285), Änderung: (-3, 0)
2025-04-03 19:07:48 - __main__ - INFO - Eingaben: {'left': True}, Bewegung: (-1, 0)
2025-04-03 19:07:48 - __main__ - INFO - Position: (409, 285) -> (406, 285), Änderung: (-3, 0)
2025-04-03 19:07:48 - __main__ - INFO - Eingaben: {'left': True}, Bewegung: (-1, 0)
2025-04-03 19:07:48 - __main__ - INFO - Position: (406, 285) -> (403, 285), Änderung: (-3, 0)
2025-04-03 19:07:48 - __main__ - INFO - Eingaben: {'left': True}, Bewegung: (-1, 0)
2025-04-03 19:07:48 - __main__ - INFO - Position: (403, 285) -> (400, 285), Änderung: (-3, 0)
2025-04-03 19:07:48 - __main__ - INFO - Eingaben: {'left': True}, Bewegung: (-1, 0)
2025-04-03 19:07:48 - __main__ - INFO - Position: (400, 285) -> (397, 285), Änderung: (-3, 0)
2025-04-03 19:07:48 - __main__ - INFO - Eingaben: {'left': True}, Bewegung: (-1, 0)
2025-04-03 19:07:48 - __main__ - INFO - Position: (397, 285) -> (394, 285), Änderung: (-3, 0)
2025-04-03 19:07:48 - __main__ - INFO - Eingaben: {'left': True}, Bewegung: (-1, 0)
2025-04-03 19:07:48 - __main__ - INFO - Position: (394, 285) -> (391, 285), Änderung: (-3, 0)
2025-04-03 19:07:48 - __main__ - INFO - Eingaben: {'left': True}, Bewegung: (-1, 0)
2025-04-03 19:07:48 - __main__ - INFO - Position: (391, 285) -> (388, 285), Änderung: (-3, 0)
2025-04-03 19:07:48 - __main__ - INFO - Eingaben: {'left': True}, Bewegung: (-1, 0)
2025-04-03 19:07:48 - __main__ - INFO - Position: (388, 285) -> (385, 285), Änderung: (-3, 0)
2025-04-03 19:07:48 - __main__ - INFO - Eingaben: {'left': True}, Bewegung: (-1, 0)
2025-04-03 19:07:48 - __main__ - INFO - Position: (385, 285) -> (382, 285), Änderung: (-3, 0)
2025-04-03 19:07:48 - __main__ - INFO - Eingaben: {'up': True, 'left': True}, Bewegung: (-1, -1)
2025-04-03 19:07:48 - __main__ - INFO - Position: (382, 285) -> (379, 282), Änderung: (-3, -3)
2025-04-03 19:07:48 - __main__ - INFO - Eingaben: {'up': True, 'left': True}, Bewegung: (-1, -1)
2025-04-03 19:07:48 - __main__ - INFO - Position: (379, 282) -> (376, 279), Änderung: (-3, -3)
2025-04-03 19:07:48 - __main__ - INFO - Eingaben: {'up': True, 'left': True}, Bewegung: (-1, -1)
2025-04-03 19:07:48 - __main__ - INFO - Position: (376, 279) -> (373, 276), Änderung: (-3, -3)
2025-04-03 19:07:48 - __main__ - INFO - Eingaben: {'up': True, 'left': True}, Bewegung: (-1, -1)
2025-04-03 19:07:48 - __main__ - INFO - Position: (373, 276) -> (370, 273), Änderung: (-3, -3)
2025-04-03 19:07:48 - __main__ - INFO - Eingaben: {'up': True, 'left': True}, Bewegung: (-1, -1)
2025-04-03 19:07:48 - __main__ - INFO - Position: (370, 273) -> (367, 270), Änderung: (-3, -3)
2025-04-03 19:07:48 - __main__ - INFO - Eingaben: {'up': True, 'left': True}, Bewegung: (-1, -1)
2025-04-03 19:07:48 - __main__ - INFO - Position: (367, 270) -> (364, 267), Änderung: (-3, -3)
2025-04-03 19:07:48 - __main__ - INFO - Eingaben: {'up': True, 'left': True}, Bewegung: (-1, -1)
2025-04-03 19:07:48 - __main__ - INFO - Position: (364, 267) -> (361, 264), Änderung: (-3, -3)
2025-04-03 19:07:48 - __main__ - INFO - Eingaben: {'up': True, 'left': True}, Bewegung: (-1, -1)
2025-04-03 19:07:48 - __main__ - INFO - Position: (361, 264) -> (358, 261), Änderung: (-3, -3)
2025-04-03 19:07:48 - __main__ - INFO - Eingaben: {'up': True, 'left': True}, Bewegung: (-1, -1)
2025-04-03 19:07:48 - __main__ - INFO - Position: (358, 261) -> (355, 258), Änderung: (-3, -3)
2025-04-03 19:07:48 - __main__ - INFO - Eingaben: {'up': True, 'left': True}, Bewegung: (-1, -1)
2025-04-03 19:07:48 - __main__ - INFO - Position: (355, 258) -> (352, 255), Änderung: (-3, -3)
2025-04-03 19:07:48 - __main__ - INFO - Eingaben: {'up': True, 'left': True}, Bewegung: (-1, -1)
2025-04-03 19:07:48 - __main__ - INFO - Position: (352, 255) -> (349, 252), Änderung: (-3, -3)
2025-04-03 19:07:48 - __main__ - INFO - Eingaben: {'up': True}, Bewegung: (0, -1)
2025-04-03 19:07:48 - __main__ - INFO - Position: (349, 252) -> (349, 249), Änderung: (0, -3)
2025-04-03 19:07:48 - __main__ - INFO - Eingaben: {'up': True}, Bewegung: (0, -1)
2025-04-03 19:07:48 - __main__ - INFO - Position: (349, 249) -> (349, 246), Änderung: (0, -3)
2025-04-03 19:07:48 - __main__ - INFO - Eingaben: {'up': True}, Bewegung: (0, -1)
2025-04-03 19:07:48 - __main__ - INFO - Position: (349, 246) -> (349, 243), Änderung: (0, -3)
2025-04-03 19:07:48 - __main__ - INFO - Eingaben: {'up': True, 'right': True}, Bewegung: (1, -1)
2025-04-03 19:07:48 - __main__ - INFO - Position: (349, 243) -> (352, 240), Änderung: (3, -3)
2025-04-03 19:07:48 - __main__ - INFO - Eingaben: {'up': True, 'right': True}, Bewegung: (1, -1)
2025-04-03 19:07:48 - __main__ - INFO - Position: (352, 240) -> (355, 237), Änderung: (3, -3)
2025-04-03 19:07:48 - __main__ - INFO - Eingaben: {'up': True, 'right': True}, Bewegung: (1, -1)
2025-04-03 19:07:48 - __main__ - INFO - Position: (355, 237) -> (358, 234), Änderung: (3, -3)
2025-04-03 19:07:48 - __main__ - INFO - Eingaben: {'up': True, 'right': True}, Bewegung: (1, -1)
2025-04-03 19:07:48 - __main__ - INFO - Position: (358, 234) -> (361, 231), Änderung: (3, -3)
2025-04-03 19:07:49 - __main__ - INFO - Eingaben: {'up': True, 'right': True}, Bewegung: (1, -1)
2025-04-03 19:07:49 - __main__ - INFO - Position: (361, 231) -> (364, 228), Änderung: (3, -3)
2025-04-03 19:07:49 - __main__ - INFO - Eingaben: {'right': True}, Bewegung: (1, 0)
2025-04-03 19:07:49 - __main__ - INFO - Position: (364, 228) -> (367, 228), Änderung: (3, 0)
2025-04-03 19:07:49 - __main__ - INFO - Eingaben: {'right': True}, Bewegung: (1, 0)
2025-04-03 19:07:49 - __main__ - INFO - Position: (367, 228) -> (370, 228), Änderung: (3, 0)
2025-04-03 19:07:49 - __main__ - INFO - Eingaben: {'right': True}, Bewegung: (1, 0)
2025-04-03 19:07:49 - __main__ - INFO - Position: (370, 228) -> (373, 228), Änderung: (3, 0)
2025-04-03 19:07:49 - __main__ - INFO - Eingaben: {'right': True}, Bewegung: (1, 0)
2025-04-03 19:07:49 - __main__ - INFO - Position: (373, 228) -> (376, 228), Änderung: (3, 0)
2025-04-03 19:07:49 - __main__ - INFO - Eingaben: {'right': True}, Bewegung: (1, 0)
2025-04-03 19:07:49 - __main__ - INFO - Position: (376, 228) -> (379, 228), Änderung: (3, 0)
2025-04-03 19:07:49 - __main__ - INFO - Eingaben: {'right': True}, Bewegung: (1, 0)
2025-04-03 19:07:49 - __main__ - INFO - Position: (379, 228) -> (382, 228), Änderung: (3, 0)
2025-04-03 19:07:49 - __main__ - INFO - Eingaben: {'right': True}, Bewegung: (1, 0)
2025-04-03 19:07:49 - __main__ - INFO - Position: (382, 228) -> (385, 228), Änderung: (3, 0)
2025-04-03 19:07:49 - __main__ - INFO - Eingaben: {'right': True}, Bewegung: (1, 0)
2025-04-03 19:07:49 - __main__ - INFO - Position: (385, 228) -> (388, 228), Änderung: (3, 0)
2025-04-03 19:07:49 - __main__ - INFO - Eingaben: {'down': True, 'right': True}, Bewegung: (1, 1)
2025-04-03 19:07:49 - __main__ - INFO - Position: (388, 228) -> (391, 231), Änderung: (3, 3)
2025-04-03 19:07:49 - __main__ - INFO - Eingaben: {'down': True, 'right': True}, Bewegung: (1, 1)
2025-04-03 19:07:49 - __main__ - INFO - Position: (391, 231) -> (394, 234), Änderung: (3, 3)
2025-04-03 19:07:49 - __main__ - INFO - Eingaben: {'down': True, 'right': True}, Bewegung: (1, 1)
2025-04-03 19:07:49 - __main__ - INFO - Position: (394, 234) -> (397, 237), Änderung: (3, 3)
2025-04-03 19:07:49 - __main__ - INFO - Eingaben: {'down': True}, Bewegung: (0, 1)
2025-04-03 19:07:49 - __main__ - INFO - Position: (397, 237) -> (397, 240), Änderung: (0, 3)
2025-04-03 19:07:49 - __main__ - INFO - Eingaben: {'down': True}, Bewegung: (0, 1)
2025-04-03 19:07:49 - __main__ - INFO - Position: (397, 240) -> (397, 243), Änderung: (0, 3)
2025-04-03 19:07:49 - __main__ - INFO - Eingaben: {'down': True}, Bewegung: (0, 1)
2025-04-03 19:07:49 - __main__ - INFO - Position: (397, 243) -> (397, 246), Änderung: (0, 3)
2025-04-03 19:07:49 - __main__ - INFO - Eingaben: {'down': True}, Bewegung: (0, 1)
2025-04-03 19:07:49 - __main__ - INFO - Position: (397, 246) -> (397, 249), Änderung: (0, 3)
2025-04-03 19:07:49 - __main__ - INFO - Eingaben: {'down': True}, Bewegung: (0, 1)
2025-04-03 19:07:49 - __main__ - INFO - Position: (397, 249) -> (397, 252), Änderung: (0, 3)
2025-04-03 19:07:49 - __main__ - INFO - Eingaben: {'down': True, 'left': True}, Bewegung: (-1, 1)
2025-04-03 19:07:49 - __main__ - INFO - Position: (397, 252) -> (394, 255), Änderung: (-3, 3)
2025-04-03 19:07:49 - __main__ - INFO - Eingaben: {'down': True, 'left': True}, Bewegung: (-1, 1)
2025-04-03 19:07:49 - __main__ - INFO - Position: (394, 255) -> (391, 258), Änderung: (-3, 3)
2025-04-03 19:07:49 - __main__ - INFO - Eingaben: {'down': True, 'left': True}, Bewegung: (-1, 1)
2025-04-03 19:07:49 - __main__ - INFO - Position: (391, 258) -> (388, 261), Änderung: (-3, 3)
2025-04-03 19:07:49 - __main__ - INFO - Eingaben: {'left': True}, Bewegung: (-1, 0)
2025-04-03 19:07:49 - __main__ - INFO - Position: (388, 261) -> (385, 261), Änderung: (-3, 0)
2025-04-03 19:07:49 - __main__ - INFO - Eingaben: {'left': True}, Bewegung: (-1, 0)
2025-04-03 19:07:49 - __main__ - INFO - Position: (385, 261) -> (382, 261), Änderung: (-3, 0)
2025-04-03 19:07:49 - __main__ - INFO - Eingaben: {'left': True}, Bewegung: (-1, 0)
2025-04-03 19:07:49 - __main__ - INFO - Position: (382, 261) -> (379, 261), Änderung: (-3, 0)
2025-04-03 19:07:49 - __main__ - INFO - Eingaben: {'left': True}, Bewegung: (-1, 0)
2025-04-03 19:07:49 - __main__ - INFO - Position: (379, 261) -> (376, 261), Änderung: (-3, 0)
2025-04-03 19:07:49 - __main__ - INFO - Eingaben: {'left': True}, Bewegung: (-1, 0)
2025-04-03 19:07:49 - __main__ - INFO - Position: (376, 261) -> (373, 261), Änderung: (-3, 0)
2025-04-03 19:07:49 - __main__ - INFO - Eingaben: {'left': True}, Bewegung: (-1, 0)
2025-04-03 19:07:49 - __main__ - INFO - Position: (373, 261) -> (370, 261), Änderung: (-3, 0)
2025-04-03 19:07:49 - __main__ - INFO - Eingaben: {'left': True}, Bewegung: (-1, 0)
2025-04-03 19:07:49 - __main__ - INFO - Position: (370, 261) -> (367, 261), Änderung: (-3, 0)
2025-04-03 19:07:49 - __main__ - INFO - Eingaben: {'left': True}, Bewegung: (-1, 0)
2025-04-03 19:07:49 - __main__ - INFO - Position: (367, 261) -> (364, 261), Änderung: (-3, 0)
2025-04-03 19:07:49 - __main__ - INFO - Eingaben: {'left': True}, Bewegung: (-1, 0)
2025-04-03 19:07:49 - __main__ - INFO - Position: (364, 261) -> (361, 261), Änderung: (-3, 0)
2025-04-03 19:07:49 - __main__ - INFO - Eingaben: {'left': True}, Bewegung: (-1, 0)
2025-04-03 19:07:49 - __main__ - INFO - Position: (361, 261) -> (358, 261), Änderung: (-3, 0)
2025-04-03 19:07:49 - __main__ - INFO - Eingaben: {'left': True}, Bewegung: (-1, 0)
2025-04-03 19:07:49 - __main__ - INFO - Position: (358, 261) -> (355, 261), Änderung: (-3, 0)
2025-04-03 19:07:49 - __main__ - INFO - Eingaben: {'up': True, 'left': True}, Bewegung: (-1, -1)
2025-04-03 19:07:49 - __main__ - INFO - Position: (355, 261) -> (352, 258), Änderung: (-3, -3)
2025-04-03 19:07:49 - __main__ - INFO - Eingaben: {'up': True, 'left': True}, Bewegung: (-1, -1)
2025-04-03 19:07:49 - __main__ - INFO - Position: (352, 258) -> (349, 255), Änderung: (-3, -3)
2025-04-03 19:07:49 - __main__ - INFO - Eingaben: {'up': True, 'left': True}, Bewegung: (-1, -1)
2025-04-03 19:07:49 - __main__ - INFO - Position: (349, 255) -> (346, 252), Änderung: (-3, -3)
2025-04-03 19:07:49 - __main__ - INFO - Eingaben: {'up': True}, Bewegung: (0, -1)
2025-04-03 19:07:49 - __main__ - INFO - Position: (346, 252) -> (346, 249), Änderung: (0, -3)
2025-04-03 19:07:49 - __main__ - INFO - Eingaben: {'up': True}, Bewegung: (0, -1)
2025-04-03 19:07:49 - __main__ - INFO - Position: (346, 249) -> (346, 246), Änderung: (0, -3)
2025-04-03 19:07:49 - __main__ - INFO - Eingaben: {'up': True, 'right': True}, Bewegung: (1, -1)
2025-04-03 19:07:49 - __main__ - INFO - Position: (346, 246) -> (349, 243), Änderung: (3, -3)
2025-04-03 19:07:49 - __main__ - INFO - Eingaben: {'right': True}, Bewegung: (1, 0)
2025-04-03 19:07:49 - __main__ - INFO - Position: (349, 243) -> (352, 243), Änderung: (3, 0)
2025-04-03 19:07:49 - __main__ - INFO - Eingaben: {'right': True}, Bewegung: (1, 0)
2025-04-03 19:07:49 - __main__ - INFO - Position: (352, 243) -> (355, 243), Änderung: (3, 0)
2025-04-03 19:07:50 - __main__ - INFO - Eingaben: {'right': True}, Bewegung: (1, 0)
2025-04-03 19:07:50 - __main__ - INFO - Position: (355, 243) -> (358, 243), Änderung: (3, 0)
2025-04-03 19:07:50 - __main__ - INFO - Eingaben: {'right': True}, Bewegung: (1, 0)
2025-04-03 19:07:50 - __main__ - INFO - Position: (358, 243) -> (361, 243), Änderung: (3, 0)
2025-04-03 19:07:50 - __main__ - INFO - Eingaben: {'right': True}, Bewegung: (1, 0)
2025-04-03 19:07:50 - __main__ - INFO - Position: (361, 243) -> (364, 243), Änderung: (3, 0)
2025-04-03 19:07:50 - __main__ - INFO - Eingaben: {'right': True}, Bewegung: (1, 0)
2025-04-03 19:07:50 - __main__ - INFO - Position: (364, 243) -> (367, 243), Änderung: (3, 0)
2025-04-03 19:07:50 - __main__ - INFO - Eingaben: {'right': True}, Bewegung: (1, 0)
2025-04-03 19:07:50 - __main__ - INFO - Position: (367, 243) -> (370, 243), Änderung: (3, 0)
2025-04-03 19:07:50 - __main__ - INFO - Eingaben: {'right': True}, Bewegung: (1, 0)
2025-04-03 19:07:50 - __main__ - INFO - Position: (370, 243) -> (373, 243), Änderung: (3, 0)
2025-04-03 19:07:50 - __main__ - INFO - Eingaben: {'right': True}, Bewegung: (1, 0)
2025-04-03 19:07:50 - __main__ - INFO - Position: (373, 243) -> (376, 243), Änderung: (3, 0)
2025-04-03 19:07:50 - __main__ - INFO - Eingaben: {'right': True}, Bewegung: (1, 0)
2025-04-03 19:07:50 - __main__ - INFO - Position: (376, 243) -> (379, 243), Änderung: (3, 0)
2025-04-03 19:07:50 - __main__ - INFO - Eingaben: {'right': True}, Bewegung: (1, 0)
2025-04-03 19:07:50 - __main__ - INFO - Position: (379, 243) -> (382, 243), Änderung: (3, 0)
2025-04-03 19:07:50 - __main__ - INFO - Eingaben: {'right': True}, Bewegung: (1, 0)
2025-04-03 19:07:50 - __main__ - INFO - Position: (382, 243) -> (385, 243), Änderung: (3, 0)
2025-04-03 19:07:50 - __main__ - INFO - Eingaben: {'right': True}, Bewegung: (1, 0)
2025-04-03 19:07:50 - __main__ - INFO - Position: (385, 243) -> (388, 243), Änderung: (3, 0)
2025-04-03 19:07:50 - __main__ - INFO - Eingaben: {'right': True}, Bewegung: (1, 0)
2025-04-03 19:07:50 - __main__ - INFO - Position: (388, 243) -> (391, 243), Änderung: (3, 0)
2025-04-03 19:07:50 - __main__ - INFO - Eingaben: {'right': True}, Bewegung: (1, 0)
2025-04-03 19:07:50 - __main__ - INFO - Position: (391, 243) -> (394, 243), Änderung: (3, 0)
2025-04-03 19:07:50 - __main__ - INFO - Eingaben: {'right': True}, Bewegung: (1, 0)
2025-04-03 19:07:50 - __main__ - INFO - Position: (394, 243) -> (397, 243), Änderung: (3, 0)
2025-04-03 19:07:50 - __main__ - INFO - Eingaben: {'right': True}, Bewegung: (1, 0)
2025-04-03 19:07:50 - __main__ - INFO - Position: (397, 243) -> (400, 243), Änderung: (3, 0)
2025-04-03 19:07:50 - __main__ - INFO - Eingaben: {'right': True}, Bewegung: (1, 0)
2025-04-03 19:07:50 - __main__ - INFO - Position: (400, 243) -> (403, 243), Änderung: (3, 0)
2025-04-03 19:07:50 - __main__ - INFO - Eingaben: {'left': True}, Bewegung: (-1, 0)
2025-04-03 19:07:50 - __main__ - INFO - Position: (403, 243) -> (400, 243), Änderung: (-3, 0)
2025-04-03 19:07:50 - __main__ - INFO - Eingaben: {'left': True}, Bewegung: (-1, 0)
2025-04-03 19:07:50 - __main__ - INFO - Position: (400, 243) -> (397, 243), Änderung: (-3, 0)
2025-04-03 19:07:50 - __main__ - INFO - Eingaben: {'left': True}, Bewegung: (-1, 0)
2025-04-03 19:07:50 - __main__ - INFO - Position: (397, 243) -> (394, 243), Änderung: (-3, 0)
2025-04-03 19:07:50 - __main__ - INFO - Eingaben: {'left': True}, Bewegung: (-1, 0)
2025-04-03 19:07:50 - __main__ - INFO - Position: (394, 243) -> (391, 243), Änderung: (-3, 0)
2025-04-03 19:07:50 - __main__ - INFO - Eingaben: {'left': True}, Bewegung: (-1, 0)
2025-04-03 19:07:50 - __main__ - INFO - Position: (391, 243) -> (388, 243), Änderung: (-3, 0)
2025-04-03 19:07:50 - __main__ - INFO - Eingaben: {'left': True}, Bewegung: (-1, 0)
2025-04-03 19:07:50 - __main__ - INFO - Position: (388, 243) -> (385, 243), Änderung: (-3, 0)
2025-04-03 19:07:50 - __main__ - INFO - Eingaben: {'left': True}, Bewegung: (-1, 0)
2025-04-03 19:07:50 - __main__ - INFO - Position: (385, 243) -> (382, 243), Änderung: (-3, 0)
2025-04-03 19:07:50 - __main__ - INFO - Eingaben: {'left': True}, Bewegung: (-1, 0)
2025-04-03 19:07:50 - __main__ - INFO - Position: (382, 243) -> (379, 243), Änderung: (-3, 0)
2025-04-03 19:07:50 - __main__ - INFO - Eingaben: {'left': True}, Bewegung: (-1, 0)
2025-04-03 19:07:50 - __main__ - INFO - Position: (379, 243) -> (376, 243), Änderung: (-3, 0)
2025-04-03 19:07:50 - __main__ - INFO - Eingaben: {'left': True}, Bewegung: (-1, 0)
2025-04-03 19:07:50 - __main__ - INFO - Position: (376, 243) -> (373, 243), Änderung: (-3, 0)
2025-04-03 19:07:50 - __main__ - INFO - Eingaben: {'left': True}, Bewegung: (-1, 0)
2025-04-03 19:07:50 - __main__ - INFO - Position: (373, 243) -> (370, 243), Änderung: (-3, 0)
2025-04-03 19:07:50 - __main__ - INFO - Eingaben: {'down': True, 'left': True}, Bewegung: (-1, 1)
2025-04-03 19:07:50 - __main__ - INFO - Position: (370, 243) -> (367, 246), Änderung: (-3, 3)
2025-04-03 19:07:50 - __main__ - INFO - Eingaben: {'down': True, 'left': True}, Bewegung: (-1, 1)
2025-04-03 19:07:50 - __main__ - INFO - Position: (367, 246) -> (364, 249), Änderung: (-3, 3)
2025-04-03 19:07:50 - __main__ - INFO - Eingaben: {'down': True}, Bewegung: (0, 1)
2025-04-03 19:07:50 - __main__ - INFO - Position: (364, 249) -> (364, 252), Änderung: (0, 3)
2025-04-03 19:07:50 - __main__ - INFO - Eingaben: {'down': True}, Bewegung: (0, 1)
2025-04-03 19:07:50 - __main__ - INFO - Position: (364, 252) -> (364, 255), Änderung: (0, 3)
2025-04-03 19:07:50 - __main__ - INFO - Eingaben: {'down': True}, Bewegung: (0, 1)
2025-04-03 19:07:50 - __main__ - INFO - Position: (364, 255) -> (364, 258), Änderung: (0, 3)
2025-04-03 19:07:50 - __main__ - INFO - Eingaben: {'down': True}, Bewegung: (0, 1)
2025-04-03 19:07:50 - __main__ - INFO - Position: (364, 258) -> (364, 261), Änderung: (0, 3)
2025-04-03 19:07:50 - __main__ - INFO - Eingaben: {'down': True}, Bewegung: (0, 1)
2025-04-03 19:07:50 - __main__ - INFO - Position: (364, 261) -> (364, 264), Änderung: (0, 3)
2025-04-03 19:07:50 - __main__ - INFO - Eingaben: {'down': True}, Bewegung: (0, 1)
2025-04-03 19:07:50 - __main__ - INFO - Position: (364, 264) -> (364, 267), Änderung: (0, 3)
2025-04-03 19:07:50 - __main__ - INFO - Eingaben: {'down': True}, Bewegung: (0, 1)
2025-04-03 19:07:50 - __main__ - INFO - Position: (364, 267) -> (364, 270), Änderung: (0, 3)
2025-04-03 19:07:50 - __main__ - INFO - Eingaben: {'down': True}, Bewegung: (0, 1)
2025-04-03 19:07:50 - __main__ - INFO - Position: (364, 270) -> (364, 273), Änderung: (0, 3)
2025-04-03 19:07:50 - __main__ - INFO - Eingaben: {'down': True}, Bewegung: (0, 1)
2025-04-03 19:07:50 - __main__ - INFO - Position: (364, 273) -> (364, 276), Änderung: (0, 3)
2025-04-03 19:07:50 - __main__ - INFO - Eingaben: {'down': True}, Bewegung: (0, 1)
2025-04-03 19:07:50 - __main__ - INFO - Position: (364, 276) -> (364, 279), Änderung: (0, 3)
2025-04-03 19:07:50 - __main__ - INFO - Eingaben: {'down': True, 'right': True}, Bewegung: (1, 1)
2025-04-03 19:07:50 - __main__ - INFO - Position: (364, 279) -> (367, 282), Änderung: (3, 3)
2025-04-03 19:07:51 - __main__ - INFO - Eingaben: {'right': True}, Bewegung: (1, 0)
2025-04-03 19:07:51 - __main__ - INFO - Position: (367, 282) -> (370, 282), Änderung: (3, 0)
2025-04-03 19:07:51 - __main__ - INFO - Eingaben: {'right': True}, Bewegung: (1, 0)
2025-04-03 19:07:51 - __main__ - INFO - Position: (370, 282) -> (373, 282), Änderung: (3, 0)
2025-04-03 19:07:51 - __main__ - INFO - Eingaben: {'right': True}, Bewegung: (1, 0)
2025-04-03 19:07:51 - __main__ - INFO - Position: (373, 282) -> (376, 282), Änderung: (3, 0)
2025-04-03 19:07:51 - __main__ - INFO - Eingaben: {'right': True}, Bewegung: (1, 0)
2025-04-03 19:07:51 - __main__ - INFO - Position: (376, 282) -> (379, 282), Änderung: (3, 0)
2025-04-03 19:07:51 - __main__ - INFO - Eingaben: {'right': True}, Bewegung: (1, 0)
2025-04-03 19:07:51 - __main__ - INFO - Position: (379, 282) -> (382, 282), Änderung: (3, 0)
2025-04-03 19:07:51 - __main__ - INFO - Eingaben: {'right': True}, Bewegung: (1, 0)
2025-04-03 19:07:51 - __main__ - INFO - Position: (382, 282) -> (385, 282), Änderung: (3, 0)
2025-04-03 19:07:51 - __main__ - INFO - Eingaben: {'right': True}, Bewegung: (1, 0)
2025-04-03 19:07:51 - __main__ - INFO - Position: (385, 282) -> (388, 282), Änderung: (3, 0)
2025-04-03 19:07:51 - __main__ - INFO - Eingaben: {'right': True}, Bewegung: (1, 0)
2025-04-03 19:07:51 - __main__ - INFO - Position: (388, 282) -> (391, 282), Änderung: (3, 0)
2025-04-03 19:07:51 - __main__ - INFO - Eingaben: {'right': True}, Bewegung: (1, 0)
2025-04-03 19:07:51 - __main__ - INFO - Position: (391, 282) -> (394, 282), Änderung: (3, 0)
2025-04-03 19:07:51 - __main__ - INFO - Eingaben: {'up': True, 'right': True}, Bewegung: (1, -1)
2025-04-03 19:07:51 - __main__ - INFO - Position: (394, 282) -> (397, 279), Änderung: (3, -3)
2025-04-03 19:07:51 - __main__ - INFO - Eingaben: {'up': True, 'right': True}, Bewegung: (1, -1)
2025-04-03 19:07:51 - __main__ - INFO - Position: (397, 279) -> (400, 276), Änderung: (3, -3)
2025-04-03 19:07:51 - __main__ - INFO - Eingaben: {'up': True}, Bewegung: (0, -1)
2025-04-03 19:07:51 - __main__ - INFO - Position: (400, 276) -> (400, 273), Änderung: (0, -3)
2025-04-03 19:07:51 - __main__ - INFO - Eingaben: {'up': True}, Bewegung: (0, -1)
2025-04-03 19:07:51 - __main__ - INFO - Position: (400, 273) -> (400, 270), Änderung: (0, -3)
2025-04-03 19:07:51 - __main__ - INFO - Eingaben: {'up': True}, Bewegung: (0, -1)
2025-04-03 19:07:51 - __main__ - INFO - Position: (400, 270) -> (400, 267), Änderung: (0, -3)
2025-04-03 19:07:51 - __main__ - INFO - Eingaben: {'up': True}, Bewegung: (0, -1)
2025-04-03 19:07:51 - __main__ - INFO - Position: (400, 267) -> (400, 264), Änderung: (0, -3)
2025-04-03 19:07:51 - __main__ - INFO - Eingaben: {'up': True}, Bewegung: (0, -1)
2025-04-03 19:07:51 - __main__ - INFO - Position: (400, 264) -> (400, 261), Änderung: (0, -3)
2025-04-03 19:07:51 - __main__ - INFO - Eingaben: {'up': True}, Bewegung: (0, -1)
2025-04-03 19:07:51 - __main__ - INFO - Position: (400, 261) -> (400, 258), Änderung: (0, -3)
2025-04-03 19:07:51 - __main__ - INFO - Eingaben: {'up': True, 'left': True}, Bewegung: (-1, -1)
2025-04-03 19:07:51 - __main__ - INFO - Position: (400, 258) -> (397, 255), Änderung: (-3, -3)
2025-04-03 19:07:51 - __main__ - INFO - Eingaben: {'up': True, 'left': True}, Bewegung: (-1, -1)
2025-04-03 19:07:51 - __main__ - INFO - Position: (397, 255) -> (394, 252), Änderung: (-3, -3)
2025-04-03 19:07:51 - __main__ - INFO - Eingaben: {'left': True}, Bewegung: (-1, 0)
2025-04-03 19:07:51 - __main__ - INFO - Position: (394, 252) -> (391, 252), Änderung: (-3, 0)
2025-04-03 19:07:51 - __main__ - INFO - Eingaben: {'left': True}, Bewegung: (-1, 0)
2025-04-03 19:07:51 - __main__ - INFO - Position: (391, 252) -> (388, 252), Änderung: (-3, 0)
2025-04-03 19:07:51 - __main__ - INFO - Eingaben: {'left': True}, Bewegung: (-1, 0)
2025-04-03 19:07:51 - __main__ - INFO - Position: (388, 252) -> (385, 252), Änderung: (-3, 0)
2025-04-03 19:07:51 - __main__ - INFO - Eingaben: {'left': True}, Bewegung: (-1, 0)
2025-04-03 19:07:51 - __main__ - INFO - Position: (385, 252) -> (382, 252), Änderung: (-3, 0)
2025-04-03 19:07:51 - __main__ - INFO - Eingaben: {'left': True}, Bewegung: (-1, 0)
2025-04-03 19:07:51 - __main__ - INFO - Position: (382, 252) -> (379, 252), Änderung: (-3, 0)
2025-04-03 19:07:51 - __main__ - INFO - Eingaben: {'left': True}, Bewegung: (-1, 0)
2025-04-03 19:07:51 - __main__ - INFO - Position: (379, 252) -> (376, 252), Änderung: (-3, 0)
2025-04-03 19:07:51 - __main__ - INFO - Eingaben: {'left': True}, Bewegung: (-1, 0)
2025-04-03 19:07:51 - __main__ - INFO - Position: (376, 252) -> (373, 252), Änderung: (-3, 0)
2025-04-03 19:07:51 - __main__ - INFO - Eingaben: {'left': True}, Bewegung: (-1, 0)
2025-04-03 19:07:51 - __main__ - INFO - Position: (373, 252) -> (370, 252), Änderung: (-3, 0)
2025-04-03 19:07:51 - __main__ - INFO - Eingaben: {'left': True}, Bewegung: (-1, 0)
2025-04-03 19:07:51 - __main__ - INFO - Position: (370, 252) -> (367, 252), Änderung: (-3, 0)
2025-04-03 19:07:51 - __main__ - INFO - Eingaben: {'down': True, 'left': True}, Bewegung: (-1, 1)
2025-04-03 19:07:51 - __main__ - INFO - Position: (367, 252) -> (364, 255), Änderung: (-3, 3)
2025-04-03 19:07:51 - __main__ - INFO - Eingaben: {'down': True, 'left': True}, Bewegung: (-1, 1)
2025-04-03 19:07:51 - __main__ - INFO - Position: (364, 255) -> (361, 258), Änderung: (-3, 3)
2025-04-03 19:07:51 - __main__ - INFO - Eingaben: {'down': True}, Bewegung: (0, 1)
2025-04-03 19:07:51 - __main__ - INFO - Position: (361, 258) -> (361, 261), Änderung: (0, 3)
2025-04-03 19:07:51 - __main__ - INFO - Eingaben: {'down': True}, Bewegung: (0, 1)
2025-04-03 19:07:51 - __main__ - INFO - Position: (361, 261) -> (361, 264), Änderung: (0, 3)
2025-04-03 19:07:51 - __main__ - INFO - Eingaben: {'down': True}, Bewegung: (0, 1)
2025-04-03 19:07:51 - __main__ - INFO - Position: (361, 264) -> (361, 267), Änderung: (0, 3)
2025-04-03 19:07:51 - __main__ - INFO - Eingaben: {'down': True}, Bewegung: (0, 1)
2025-04-03 19:07:51 - __main__ - INFO - Position: (361, 267) -> (361, 270), Änderung: (0, 3)
2025-04-03 19:07:51 - __main__ - INFO - Eingaben: {'down': True}, Bewegung: (0, 1)
2025-04-03 19:07:51 - __main__ - INFO - Position: (361, 270) -> (361, 273), Änderung: (0, 3)
2025-04-03 19:07:51 - __main__ - INFO - Eingaben: {'down': True}, Bewegung: (0, 1)
2025-04-03 19:07:51 - __main__ - INFO - Position: (361, 273) -> (361, 276), Änderung: (0, 3)
2025-04-03 19:07:57 - __main__ - INFO - Eingaben: {'left': True}, Bewegung: (-1, 0)
2025-04-03 19:07:57 - __main__ - INFO - Position: (361, 276) -> (358, 276), Änderung: (-3, 0)
2025-04-03 19:07:57 - __main__ - INFO - Eingaben: {'left': True}, Bewegung: (-1, 0)
2025-04-03 19:07:57 - __main__ - INFO - Position: (358, 276) -> (355, 276), Änderung: (-3, 0)
2025-04-03 19:07:57 - __main__ - INFO - Eingaben: {'down': True, 'left': True}, Bewegung: (-1, 1)
2025-04-03 19:07:57 - __main__ - INFO - Position: (355, 276) -> (352, 279), Änderung: (-3, 3)
2025-04-03 19:07:57 - __main__ - INFO - Eingaben: {'down': True, 'left': True}, Bewegung: (-1, 1)
2025-04-03 19:07:57 - __main__ - INFO - Position: (352, 279) -> (349, 282), Änderung: (-3, 3)
2025-04-03 19:07:57 - __main__ - INFO - Eingaben: {'down': True, 'left': True}, Bewegung: (-1, 1)
2025-04-03 19:07:57 - __main__ - INFO - Position: (349, 282) -> (346, 285), Änderung: (-3, 3)
2025-04-03 19:07:57 - __main__ - INFO - Eingaben: {'down': True, 'left': True}, Bewegung: (-1, 1)
2025-04-03 19:07:57 - __main__ - INFO - Position: (346, 285) -> (343, 288), Änderung: (-3, 3)
2025-04-03 19:07:57 - __main__ - INFO - Eingaben: {'down': True, 'left': True}, Bewegung: (-1, 1)
2025-04-03 19:07:57 - __main__ - INFO - Position: (343, 288) -> (340, 291), Änderung: (-3, 3)
2025-04-03 19:07:57 - __main__ - INFO - Eingaben: {'down': True, 'left': True}, Bewegung: (-1, 1)
2025-04-03 19:07:57 - __main__ - INFO - Position: (340, 291) -> (337, 294), Änderung: (-3, 3)
2025-04-03 19:07:57 - __main__ - INFO - Eingaben: {'down': True, 'left': True}, Bewegung: (-1, 1)
2025-04-03 19:07:57 - __main__ - INFO - Position: (337, 294) -> (334, 297), Änderung: (-3, 3)
2025-04-03 19:07:57 - __main__ - INFO - Eingaben: {'down': True, 'left': True}, Bewegung: (-1, 1)
2025-04-03 19:07:57 - __main__ - INFO - Position: (334, 297) -> (331, 300), Änderung: (-3, 3)
2025-04-03 19:07:57 - __main__ - INFO - Eingaben: {'down': True, 'left': True}, Bewegung: (-1, 1)
2025-04-03 19:07:57 - __main__ - INFO - Position: (331, 300) -> (328, 303), Änderung: (-3, 3)
2025-04-03 19:07:57 - __main__ - INFO - Eingaben: {'down': True, 'left': True}, Bewegung: (-1, 1)
2025-04-03 19:07:57 - __main__ - INFO - Position: (328, 303) -> (325, 306), Änderung: (-3, 3)
2025-04-03 19:07:57 - __main__ - INFO - Eingaben: {'down': True, 'left': True}, Bewegung: (-1, 1)
2025-04-03 19:07:57 - __main__ - INFO - Position: (325, 306) -> (322, 309), Änderung: (-3, 3)
2025-04-03 19:07:57 - __main__ - INFO - Eingaben: {'down': True, 'left': True}, Bewegung: (-1, 1)
2025-04-03 19:07:57 - __main__ - INFO - Position: (322, 309) -> (319, 312), Änderung: (-3, 3)
2025-04-03 19:07:57 - __main__ - INFO - Eingaben: {'down': True}, Bewegung: (0, 1)
2025-04-03 19:07:57 - __main__ - INFO - Position: (319, 312) -> (319, 315), Änderung: (0, 3)
2025-04-03 19:07:57 - __main__ - INFO - Eingaben: {'down': True}, Bewegung: (0, 1)
2025-04-03 19:07:57 - __main__ - INFO - Position: (319, 315) -> (319, 318), Änderung: (0, 3)
2025-04-03 19:07:57 - __main__ - INFO - Eingaben: {'down': True}, Bewegung: (0, 1)
2025-04-03 19:07:57 - __main__ - INFO - Position: (319, 318) -> (319, 321), Änderung: (0, 3)
2025-04-03 19:07:57 - __main__ - INFO - Eingaben: {'down': True}, Bewegung: (0, 1)
2025-04-03 19:07:57 - __main__ - INFO - Position: (319, 321) -> (319, 324), Änderung: (0, 3)
2025-04-03 19:07:57 - __main__ - INFO - Eingaben: {'down': True, 'right': True}, Bewegung: (1, 1)
2025-04-03 19:07:57 - __main__ - INFO - Position: (319, 324) -> (322, 327), Änderung: (3, 3)
2025-04-03 19:07:57 - __main__ - INFO - Eingaben: {'down': True, 'right': True}, Bewegung: (1, 1)
2025-04-03 19:07:57 - __main__ - INFO - Position: (322, 327) -> (325, 330), Änderung: (3, 3)
2025-04-03 19:07:57 - __main__ - INFO - Eingaben: {'right': True}, Bewegung: (1, 0)
2025-04-03 19:07:57 - __main__ - INFO - Position: (325, 330) -> (328, 330), Änderung: (3, 0)
2025-04-03 19:07:57 - __main__ - INFO - Eingaben: {'right': True}, Bewegung: (1, 0)
2025-04-03 19:07:57 - __main__ - INFO - Position: (328, 330) -> (331, 330), Änderung: (3, 0)
2025-04-03 19:07:57 - __main__ - INFO - Eingaben: {'right': True}, Bewegung: (1, 0)
2025-04-03 19:07:57 - __main__ - INFO - Position: (331, 330) -> (334, 330), Änderung: (3, 0)
2025-04-03 19:07:57 - __main__ - INFO - Eingaben: {'right': True}, Bewegung: (1, 0)
2025-04-03 19:07:57 - __main__ - INFO - Position: (334, 330) -> (337, 330), Änderung: (3, 0)
2025-04-03 19:07:57 - __main__ - INFO - Eingaben: {'right': True}, Bewegung: (1, 0)
2025-04-03 19:07:57 - __main__ - INFO - Position: (337, 330) -> (340, 330), Änderung: (3, 0)
2025-04-03 19:07:57 - __main__ - INFO - Eingaben: {'up': True, 'right': True}, Bewegung: (1, -1)
2025-04-03 19:07:57 - __main__ - INFO - Position: (340, 330) -> (343, 327), Änderung: (3, -3)
2025-04-03 19:07:57 - __main__ - INFO - Eingaben: {'up': True, 'right': True}, Bewegung: (1, -1)
2025-04-03 19:07:57 - __main__ - INFO - Position: (343, 327) -> (346, 324), Änderung: (3, -3)
2025-04-03 19:07:57 - __main__ - INFO - Eingaben: {'up': True, 'right': True}, Bewegung: (1, -1)
2025-04-03 19:07:57 - __main__ - INFO - Position: (346, 324) -> (349, 321), Änderung: (3, -3)
2025-04-03 19:07:57 - __main__ - INFO - Eingaben: {'up': True, 'right': True}, Bewegung: (1, -1)
2025-04-03 19:07:57 - __main__ - INFO - Position: (349, 321) -> (352, 318), Änderung: (3, -3)
2025-04-03 19:07:57 - __main__ - INFO - Eingaben: {'up': True, 'right': True}, Bewegung: (1, -1)
2025-04-03 19:07:57 - __main__ - INFO - Position: (352, 318) -> (355, 315), Änderung: (3, -3)
2025-04-03 19:07:58 - __main__ - INFO - Eingaben: {'up': True, 'right': True}, Bewegung: (1, -1)
2025-04-03 19:07:58 - __main__ - INFO - Position: (355, 315) -> (358, 312), Änderung: (3, -3)
2025-04-03 19:07:58 - __main__ - INFO - Eingaben: {'up': True, 'right': True}, Bewegung: (1, -1)
2025-04-03 19:07:58 - __main__ - INFO - Position: (358, 312) -> (361, 309), Änderung: (3, -3)
2025-04-03 19:07:58 - __main__ - INFO - Eingaben: {'up': True, 'right': True}, Bewegung: (1, -1)
2025-04-03 19:07:58 - __main__ - INFO - Position: (361, 309) -> (364, 306), Änderung: (3, -3)
2025-04-03 19:07:58 - __main__ - INFO - Eingaben: {'up': True, 'right': True}, Bewegung: (1, -1)
2025-04-03 19:07:58 - __main__ - INFO - Position: (364, 306) -> (367, 303), Änderung: (3, -3)
2025-04-03 19:07:58 - __main__ - INFO - Eingaben: {'up': True}, Bewegung: (0, -1)
2025-04-03 19:07:58 - __main__ - INFO - Position: (367, 303) -> (367, 300), Änderung: (0, -3)
2025-04-03 19:07:58 - __main__ - INFO - Eingaben: {'up': True}, Bewegung: (0, -1)
2025-04-03 19:07:58 - __main__ - INFO - Position: (367, 300) -> (367, 297), Änderung: (0, -3)
2025-04-03 19:07:58 - __main__ - INFO - Eingaben: {'up': True}, Bewegung: (0, -1)
2025-04-03 19:07:58 - __main__ - INFO - Position: (367, 297) -> (367, 294), Änderung: (0, -3)
2025-04-03 19:07:58 - __main__ - INFO - Eingaben: {'up': True, 'left': True}, Bewegung: (-1, -1)
2025-04-03 19:07:58 - __main__ - INFO - Position: (367, 294) -> (364, 291), Änderung: (-3, -3)
2025-04-03 19:07:58 - __main__ - INFO - Eingaben: {'up': True, 'left': True}, Bewegung: (-1, -1)
2025-04-03 19:07:58 - __main__ - INFO - Position: (364, 291) -> (361, 288), Änderung: (-3, -3)
2025-04-03 19:07:58 - __main__ - INFO - Eingaben: {'left': True}, Bewegung: (-1, 0)
2025-04-03 19:07:58 - __main__ - INFO - Position: (361, 288) -> (358, 288), Änderung: (-3, 0)
2025-04-03 19:07:58 - __main__ - INFO - Eingaben: {'left': True}, Bewegung: (-1, 0)
2025-04-03 19:07:58 - __main__ - INFO - Position: (358, 288) -> (355, 288), Änderung: (-3, 0)
2025-04-03 19:07:58 - __main__ - INFO - Eingaben: {'left': True}, Bewegung: (-1, 0)
2025-04-03 19:07:58 - __main__ - INFO - Position: (355, 288) -> (352, 288), Änderung: (-3, 0)
2025-04-03 19:07:58 - __main__ - INFO - Eingaben: {'left': True}, Bewegung: (-1, 0)
2025-04-03 19:07:58 - __main__ - INFO - Position: (352, 288) -> (349, 288), Änderung: (-3, 0)
2025-04-03 19:07:58 - __main__ - INFO - Eingaben: {'left': True}, Bewegung: (-1, 0)
2025-04-03 19:07:58 - __main__ - INFO - Position: (349, 288) -> (346, 288), Änderung: (-3, 0)
2025-04-03 19:07:58 - __main__ - INFO - Eingaben: {'down': True, 'left': True}, Bewegung: (-1, 1)
2025-04-03 19:07:58 - __main__ - INFO - Position: (346, 288) -> (343, 291), Änderung: (-3, 3)
2025-04-03 19:07:58 - __main__ - INFO - Eingaben: {'down': True}, Bewegung: (0, 1)
2025-04-03 19:07:58 - __main__ - INFO - Position: (343, 291) -> (343, 294), Änderung: (0, 3)
2025-04-03 19:08:00 - __main__ - INFO - Eingaben: {'left': True}, Bewegung: (-1, 0)
2025-04-03 19:08:00 - __main__ - INFO - Position: (343, 294) -> (340, 294), Änderung: (-3, 0)
2025-04-03 19:08:00 - __main__ - INFO - Eingaben: {'left': True}, Bewegung: (-1, 0)
2025-04-03 19:08:00 - __main__ - INFO - Position: (340, 294) -> (337, 294), Änderung: (-3, 0)
2025-04-03 19:08:00 - __main__ - INFO - Eingaben: {'left': True}, Bewegung: (-1, 0)
2025-04-03 19:08:00 - __main__ - INFO - Position: (337, 294) -> (334, 294), Änderung: (-3, 0)
2025-04-03 19:08:00 - __main__ - INFO - Eingaben: {'left': True}, Bewegung: (-1, 0)
2025-04-03 19:08:00 - __main__ - INFO - Position: (334, 294) -> (331, 294), Änderung: (-3, 0)
2025-04-03 19:08:00 - __main__ - INFO - Eingaben: {'left': True}, Bewegung: (-1, 0)
2025-04-03 19:08:00 - __main__ - INFO - Position: (331, 294) -> (328, 294), Änderung: (-3, 0)
2025-04-03 19:08:00 - __main__ - INFO - Eingaben: {'left': True}, Bewegung: (-1, 0)
2025-04-03 19:08:00 - __main__ - INFO - Position: (328, 294) -> (325, 294), Änderung: (-3, 0)
2025-04-03 19:08:00 - __main__ - INFO - Eingaben: {'left': True}, Bewegung: (-1, 0)
2025-04-03 19:08:00 - __main__ - INFO - Position: (325, 294) -> (322, 294), Änderung: (-3, 0)
2025-04-03 19:08:00 - __main__ - INFO - Eingaben: {'left': True}, Bewegung: (-1, 0)
2025-04-03 19:08:00 - __main__ - INFO - Position: (322, 294) -> (319, 294), Änderung: (-3, 0)
2025-04-03 19:08:00 - __main__ - INFO - Eingaben: {'down': True, 'left': True}, Bewegung: (-1, 1)
2025-04-03 19:08:00 - __main__ - INFO - Position: (319, 294) -> (316, 297), Änderung: (-3, 3)
2025-04-03 19:08:00 - __main__ - INFO - Eingaben: {'down': True, 'left': True}, Bewegung: (-1, 1)
2025-04-03 19:08:00 - __main__ - INFO - Position: (316, 297) -> (313, 300), Änderung: (-3, 3)
2025-04-03 19:08:00 - __main__ - INFO - Eingaben: {'down': True}, Bewegung: (0, 1)
2025-04-03 19:08:00 - __main__ - INFO - Position: (313, 300) -> (313, 303), Änderung: (0, 3)
2025-04-03 19:08:00 - __main__ - INFO - Eingaben: {'down': True}, Bewegung: (0, 1)
2025-04-03 19:08:00 - __main__ - INFO - Position: (313, 303) -> (313, 306), Änderung: (0, 3)
2025-04-03 19:08:00 - __main__ - INFO - Eingaben: {'down': True}, Bewegung: (0, 1)
2025-04-03 19:08:00 - __main__ - INFO - Position: (313, 306) -> (313, 309), Änderung: (0, 3)
2025-04-03 19:08:00 - __main__ - INFO - Eingaben: {'down': True, 'right': True}, Bewegung: (1, 1)
2025-04-03 19:08:00 - __main__ - INFO - Position: (313, 309) -> (316, 312), Änderung: (3, 3)
2025-04-03 19:08:00 - __main__ - INFO - Eingaben: {'right': True}, Bewegung: (1, 0)
2025-04-03 19:08:00 - __main__ - INFO - Position: (316, 312) -> (319, 312), Änderung: (3, 0)
2025-04-03 19:08:00 - __main__ - INFO - Eingaben: {'right': True}, Bewegung: (1, 0)
2025-04-03 19:08:00 - __main__ - INFO - Position: (319, 312) -> (322, 312), Änderung: (3, 0)
2025-04-03 19:08:00 - __main__ - INFO - Eingaben: {'up': True, 'right': True}, Bewegung: (1, -1)
2025-04-03 19:08:00 - __main__ - INFO - Position: (322, 312) -> (325, 309), Änderung: (3, -3)
2025-04-03 19:08:00 - __main__ - INFO - Eingaben: {'up': True, 'right': True}, Bewegung: (1, -1)
2025-04-03 19:08:00 - __main__ - INFO - Position: (325, 309) -> (328, 306), Änderung: (3, -3)
2025-04-03 19:08:00 - __main__ - INFO - Eingaben: {'up': True, 'right': True}, Bewegung: (1, -1)
2025-04-03 19:08:00 - __main__ - INFO - Position: (328, 306) -> (331, 303), Änderung: (3, -3)
2025-04-03 19:08:00 - __main__ - INFO - Eingaben: {'up': True}, Bewegung: (0, -1)
2025-04-03 19:08:00 - __main__ - INFO - Position: (331, 303) -> (331, 300), Änderung: (0, -3)
2025-04-03 19:08:00 - __main__ - INFO - Eingaben: {'up': True}, Bewegung: (0, -1)
2025-04-03 19:08:00 - __main__ - INFO - Position: (331, 300) -> (331, 297), Änderung: (0, -3)
2025-04-03 19:08:00 - __main__ - INFO - Eingaben: {'up': True}, Bewegung: (0, -1)
2025-04-03 19:08:00 - __main__ - INFO - Position: (331, 297) -> (331, 294), Änderung: (0, -3)
2025-04-03 19:08:00 - __main__ - INFO - Eingaben: {'up': True}, Bewegung: (0, -1)
2025-04-03 19:08:00 - __main__ - INFO - Position: (331, 294) -> (331, 291), Änderung: (0, -3)
2025-04-03 19:08:00 - __main__ - INFO - Eingaben: {'up': True, 'left': True}, Bewegung: (-1, -1)
2025-04-03 19:08:00 - __main__ - INFO - Position: (331, 291) -> (328, 288), Änderung: (-3, -3)
2025-04-03 19:08:00 - __main__ - INFO - Eingaben: {'up': True, 'left': True}, Bewegung: (-1, -1)
2025-04-03 19:08:00 - __main__ - INFO - Position: (328, 288) -> (325, 285), Änderung: (-3, -3)
2025-04-03 19:08:00 - __main__ - INFO - Eingaben: {'up': True, 'left': True}, Bewegung: (-1, -1)
2025-04-03 19:08:00 - __main__ - INFO - Position: (325, 285) -> (322, 282), Änderung: (-3, -3)
2025-04-03 19:08:00 - __main__ - INFO - Eingaben: {'left': True}, Bewegung: (-1, 0)
2025-04-03 19:08:00 - __main__ - INFO - Position: (322, 282) -> (319, 282), Änderung: (-3, 0)
2025-04-03 19:08:00 - __main__ - INFO - Eingaben: {'left': True}, Bewegung: (-1, 0)
2025-04-03 19:08:00 - __main__ - INFO - Position: (319, 282) -> (316, 282), Änderung: (-3, 0)
2025-04-03 19:08:00 - __main__ - INFO - Eingaben: {'left': True}, Bewegung: (-1, 0)
2025-04-03 19:08:00 - __main__ - INFO - Position: (316, 282) -> (313, 282), Änderung: (-3, 0)
2025-04-03 19:08:00 - __main__ - INFO - Eingaben: {'left': True}, Bewegung: (-1, 0)
2025-04-03 19:08:00 - __main__ - INFO - Position: (313, 282) -> (310, 282), Änderung: (-3, 0)
2025-04-03 19:08:03 - __main__ - INFO - Eingaben: {'menu': True}, Bewegung: (0, 0)
2025-04-03 19:08:03 - __main__ - INFO - Eingaben: {'menu': True}, Bewegung: (0, 0)
2025-04-03 19:08:03 - __main__ - INFO - Eingaben: {'menu': True}, Bewegung: (0, 0)
2025-04-03 19:08:03 - __main__ - INFO - Eingaben: {'menu': True}, Bewegung: (0, 0)
2025-04-03 19:08:03 - __main__ - INFO - Eingaben: {'menu': True}, Bewegung: (0, 0)
2025-04-03 19:08:03 - __main__ - INFO - Eingaben: {'menu': True}, Bewegung: (0, 0)
2025-04-03 19:08:03 - __main__ - INFO - Eingaben: {'menu': True}, Bewegung: (0, 0)
2025-04-03 19:08:03 - __main__ - INFO - Eingaben: {'menu': True}, Bewegung: (0, 0)
2025-04-03 19:08:03 - __main__ - INFO - Eingaben: {'menu': True}, Bewegung: (0, 0)
2025-04-03 19:08:03 - __main__ - INFO - Eingaben: {'menu': True}, Bewegung: (0, 0)
2025-04-03 19:08:03 - __main__ - INFO - Eingaben: {'menu': True}, Bewegung: (0, 0)
2025-04-03 19:08:03 - __main__ - INFO - Eingaben: {'menu': True}, Bewegung: (0, 0)
2025-04-03 19:08:03 - __main__ - INFO - Eingaben: {'menu': True}, Bewegung: (0, 0)
2025-04-03 19:08:03 - __main__ - INFO - Eingaben: {'menu': True}, Bewegung: (0, 0)
2025-04-03 19:08:03 - __main__ - INFO - Eingaben: {'menu': True}, Bewegung: (0, 0)
2025-04-03 19:08:03 - __main__ - INFO - Eingaben: {'menu': True}, Bewegung: (0, 0)
2025-04-03 19:08:03 - __main__ - INFO - Eingaben: {'menu': True}, Bewegung: (0, 0)
2025-04-03 19:08:03 - __main__ - INFO - Eingaben: {'menu': True}, Bewegung: (0, 0)
2025-04-03 19:08:03 - __main__ - INFO - Eingaben: {'menu': True}, Bewegung: (0, 0)
2025-04-03 19:08:03 - __main__ - INFO - Eingaben: {'menu': True}, Bewegung: (0, 0)
2025-04-03 19:08:03 - __main__ - INFO - Eingaben: {'menu': True}, Bewegung: (0, 0)
2025-04-03 19:08:03 - __main__ - INFO - Eingaben: {'menu': True}, Bewegung: (0, 0)
2025-04-03 19:08:03 - __main__ - INFO - Eingaben: {'menu': True}, Bewegung: (0, 0)
2025-04-03 19:08:03 - __main__ - INFO - Eingaben: {'menu': True}, Bewegung: (0, 0)
2025-04-03 19:08:03 - __main__ - INFO - Eingaben: {'menu': True}, Bewegung: (0, 0)
2025-04-03 19:08:03 - __main__ - INFO - Eingaben: {'menu': True}, Bewegung: (0, 0)
2025-04-03 19:08:03 - __main__ - INFO - Eingaben: {'menu': True}, Bewegung: (0, 0)
2025-04-03 19:08:03 - __main__ - INFO - Eingaben: {'menu': True}, Bewegung: (0, 0)
2025-04-03 19:08:04 - __main__ - INFO - Eingaben: {'menu': True}, Bewegung: (0, 0)
2025-04-03 19:08:04 - __main__ - INFO - Eingaben: {'menu': True}, Bewegung: (0, 0)
2025-04-03 19:08:04 - __main__ - INFO - Eingaben: {'menu': True}, Bewegung: (0, 0)
2025-04-03 19:08:04 - __main__ - INFO - Eingaben: {'menu': True}, Bewegung: (0, 0)
2025-04-03 19:08:04 - __main__ - INFO - Eingaben: {'menu': True}, Bewegung: (0, 0)
2025-04-03 19:08:04 - __main__ - INFO - Eingaben: {'menu': True}, Bewegung: (0, 0)
2025-04-03 19:08:04 - __main__ - INFO - Eingaben: {'menu': True}, Bewegung: (0, 0)
2025-04-03 19:08:04 - __main__ - INFO - Eingaben: {'menu': True}, Bewegung: (0, 0)
2025-04-03 19:08:04 - __main__ - INFO - Eingaben: {'menu': True}, Bewegung: (0, 0)
2025-04-03 19:08:04 - __main__ - INFO - Eingaben: {'menu': True}, Bewegung: (0, 0)
2025-04-03 19:08:04 - __main__ - INFO - Eingaben: {'menu': True}, Bewegung: (0, 0)
2025-04-03 19:08:04 - __main__ - INFO - Eingaben: {'menu': True}, Bewegung: (0, 0)
2025-04-03 19:08:04 - __main__ - INFO - Eingaben: {'menu': True}, Bewegung: (0, 0)
2025-04-03 19:08:04 - __main__ - INFO - Eingaben: {'menu': True}, Bewegung: (0, 0)
2025-04-03 19:08:04 - __main__ - INFO - Eingaben: {'menu': True}, Bewegung: (0, 0)
2025-04-03 19:08:04 - __main__ - INFO - Eingaben: {'menu': True}, Bewegung: (0, 0)
2025-04-03 19:08:04 - __main__ - INFO - Eingaben: {'menu': True}, Bewegung: (0, 0)
2025-04-03 19:08:04 - __main__ - INFO - Eingaben: {'menu': True}, Bewegung: (0, 0)
2025-04-03 19:08:04 - __main__ - INFO - Eingaben: {'menu': True}, Bewegung: (0, 0)
2025-04-03 19:08:08 - __main__ - INFO - Steuerungstest beendet
2025-04-03 19:12:00 - __main__ - INFO - Starte Controller-Test
2025-04-03 19:12:01 - game.core.input_handler - INFO - Initialisiere Input-Handler
2025-04-03 19:12:01 - game.core.input_handler - INFO - Controller gefunden: Xbox 360 Controller
2025-04-03 19:12:01 - game.core.input_handler - INFO - Controller gefunden: Xbox 360 Controller
2025-04-03 19:12:01 - game.core.input_handler - INFO - Controller gefunden: Xbox 360 Controller
2025-04-03 19:12:01 - game.core.input_handler - INFO - Controller gefunden: Xbox 360 Controller
2025-04-03 19:12:01 - game.core.input_handler - INFO - Controller gefunden: Xbox 360 Controller
2025-04-03 19:12:01 - game.core.input_handler - INFO - Controller gefunden: Xbox 360 Controller
2025-04-03 19:13:08 - __main__ - INFO - Starte Controller-Test
2025-04-03 19:13:08 - game.core.input_handler - INFO - Initialisiere Input-Handler
2025-04-03 19:13:08 - game.core.input_handler - INFO - Controller gefunden: Xbox 360 Controller
2025-04-03 19:13:08 - game.core.input_handler - INFO - Controller gefunden: Xbox 360 Controller
2025-04-03 19:13:08 - game.core.input_handler - INFO - Controller gefunden: Xbox 360 Controller
2025-04-03 19:13:08 - game.core.input_handler - INFO - Controller gefunden: Xbox 360 Controller
2025-04-03 19:13:08 - game.core.input_handler - INFO - Controller gefunden: Xbox 360 Controller
2025-04-03 19:13:08 - game.core.input_handler - INFO - Controller gefunden: Xbox 360 Controller
2025-04-03 19:13:22 - __main__ - INFO - Starting PokeTogether
2025-04-03 19:13:22 - game.core.game - INFO - Initializing game
2025-04-03 19:13:22 - __main__ - INFO - Eingaben: {'right': True}
2025-04-03 19:13:22 - __main__ - INFO - Bewegung: (1, 0)
2025-04-03 19:13:22 - __main__ - INFO - Eingaben: {'right': True}
2025-04-03 19:13:22 - __main__ - INFO - Bewegung: (1, 0)
2025-04-03 19:13:22 - __main__ - INFO - Eingaben: {'right': True}
2025-04-03 19:13:22 - __main__ - INFO - Bewegung: (1, 0)
2025-04-03 19:13:22 - __main__ - INFO - Eingaben: {'right': True}
2025-04-03 19:13:22 - __main__ - INFO - Bewegung: (1, 0)
2025-04-03 19:13:22 - __main__ - INFO - Eingaben: {'right': True}
2025-04-03 19:13:22 - __main__ - INFO - Bewegung: (1, 0)
2025-04-03 19:13:22 - game.core.input_handler - INFO - Initialisiere Input-Handler
2025-04-03 19:13:22 - game.core.input_handler - INFO - Controller gefunden: Xbox 360 Controller
2025-04-03 19:13:22 - game.core.input_handler - INFO - Controller gefunden: Xbox 360 Controller
2025-04-03 19:13:22 - game.entities.player - INFO - Creating player 'Red' at position (400, 300)
2025-04-03 19:13:22 - game.core.camera - INFO - Creating camera with size 800x600, map size 1600x1200
2025-04-03 19:13:22 - game.core.game - INFO - Game initialized
2025-04-03 19:13:22 - game.core.game - INFO - Starting game loop
2025-04-03 19:13:22 - game.core.game - INFO - Loading resources
2025-04-03 19:13:22 - game.core.game - INFO - Resources loaded
2025-04-03 19:13:22 - __main__ - INFO - Eingaben: {'right': True}
2025-04-03 19:13:22 - __main__ - INFO - Bewegung: (1, 0)
2025-04-03 19:13:22 - game.core.input_handler - INFO - Controller gefunden: Xbox 360 Controller
2025-04-03 19:13:22 - game.core.input_handler - INFO - Controller gefunden: Xbox 360 Controller
2025-04-03 19:13:22 - game.core.input_handler - INFO - Controller gefunden: Xbox 360 Controller
2025-04-03 19:13:22 - game.core.input_handler - INFO - Controller gefunden: Xbox 360 Controller
2025-04-03 19:13:22 - __main__ - INFO - Eingaben: {'right': True}
2025-04-03 19:13:22 - __main__ - INFO - Bewegung: (1, 0)
2025-04-03 19:13:22 - __main__ - INFO - Eingaben: {'right': True}
2025-04-03 19:13:22 - __main__ - INFO - Bewegung: (1, 0)
2025-04-03 19:13:22 - __main__ - INFO - Eingaben: {'right': True}
2025-04-03 19:13:22 - __main__ - INFO - Bewegung: (1, 0)
2025-04-03 19:13:22 - __main__ - INFO - Eingaben: {'right': True}
2025-04-03 19:13:22 - __main__ - INFO - Bewegung: (1, 0)
2025-04-03 19:13:22 - __main__ - INFO - Eingaben: {'right': True}
2025-04-03 19:13:22 - __main__ - INFO - Bewegung: (1, 0)
2025-04-03 19:13:22 - __main__ - INFO - Eingaben: {'right': True}
2025-04-03 19:13:22 - __main__ - INFO - Bewegung: (1, 0)
2025-04-03 19:13:22 - __main__ - INFO - Eingaben: {'right': True}
2025-04-03 19:13:22 - __main__ - INFO - Bewegung: (1, 0)
2025-04-03 19:13:22 - __main__ - INFO - Eingaben: {'right': True}
2025-04-03 19:13:22 - __main__ - INFO - Bewegung: (1, 0)
2025-04-03 19:13:22 - __main__ - INFO - Eingaben: {'right': True}
2025-04-03 19:13:22 - __main__ - INFO - Bewegung: (1, 0)
2025-04-03 19:13:22 - __main__ - INFO - Eingaben: {'right': True}
2025-04-03 19:13:22 - __main__ - INFO - Bewegung: (1, 0)
2025-04-03 19:13:22 - __main__ - INFO - Eingaben: {'right': True}
2025-04-03 19:13:22 - __main__ - INFO - Bewegung: (1, 0)
2025-04-03 19:13:22 - __main__ - INFO - Eingaben: {'right': True}
2025-04-03 19:13:22 - __main__ - INFO - Bewegung: (1, 0)
2025-04-03 19:13:22 - __main__ - INFO - Eingaben: {'right': True}
2025-04-03 19:13:22 - __main__ - INFO - Bewegung: (1, 0)
2025-04-03 19:13:22 - __main__ - INFO - Eingaben: {'right': True}
2025-04-03 19:13:22 - __main__ - INFO - Bewegung: (1, 0)
2025-04-03 19:13:22 - __main__ - INFO - Eingaben: {'right': True}
2025-04-03 19:13:22 - __main__ - INFO - Bewegung: (1, 0)
2025-04-03 19:13:23 - __main__ - INFO - Eingaben: {'right': True}
2025-04-03 19:13:23 - __main__ - INFO - Bewegung: (1, 0)
2025-04-03 19:13:26 - game.core.game - INFO - Spiel gestartet
2025-04-03 19:13:26 - game.core.game - INFO - Eingaben: {'action': True}, Bewegung: (0, 0)
2025-04-03 19:13:26 - game.core.game - INFO - Eingaben: {'action': True}, Bewegung: (0, 0)
2025-04-03 19:13:26 - game.core.game - INFO - Eingaben: {'action': True}, Bewegung: (0, 0)
2025-04-03 19:13:26 - game.core.game - INFO - Eingaben: {'action': True}, Bewegung: (0, 0)
2025-04-03 19:13:26 - game.core.game - INFO - Eingaben: {'up': True}, Bewegung: (0, -1)
2025-04-03 19:13:26 - game.core.game - INFO - Position: (400, 300) -> (400, 297), Änderung: (0, -3)
2025-04-03 19:13:26 - game.core.game - INFO - Eingaben: {'up': True}, Bewegung: (0, -1)
2025-04-03 19:13:26 - game.core.game - INFO - Position: (400, 297) -> (400, 294), Änderung: (0, -3)
2025-04-03 19:13:26 - game.core.game - INFO - Eingaben: {'up': True}, Bewegung: (0, -1)
2025-04-03 19:13:26 - game.core.game - INFO - Position: (400, 294) -> (400, 291), Änderung: (0, -3)
2025-04-03 19:13:26 - game.core.game - INFO - Eingaben: {'up': True}, Bewegung: (0, -1)
2025-04-03 19:13:26 - game.core.game - INFO - Position: (400, 291) -> (400, 288), Änderung: (0, -3)
2025-04-03 19:13:27 - game.core.game - INFO - Eingaben: {'up': True}, Bewegung: (0, -1)
2025-04-03 19:13:27 - game.core.game - INFO - Position: (400, 288) -> (400, 285), Änderung: (0, -3)
2025-04-03 19:13:27 - game.core.game - INFO - Eingaben: {'up': True}, Bewegung: (0, -1)
2025-04-03 19:13:27 - game.core.game - INFO - Position: (400, 285) -> (400, 282), Änderung: (0, -3)
2025-04-03 19:13:27 - game.core.game - INFO - Eingaben: {'up': True}, Bewegung: (0, -1)
2025-04-03 19:13:27 - game.core.game - INFO - Position: (400, 282) -> (400, 279), Änderung: (0, -3)
2025-04-03 19:13:27 - game.core.game - INFO - Eingaben: {'up': True}, Bewegung: (0, -1)
2025-04-03 19:13:27 - game.core.game - INFO - Position: (400, 279) -> (400, 276), Änderung: (0, -3)
2025-04-03 19:13:27 - game.core.game - INFO - Eingaben: {'up': True}, Bewegung: (0, -1)
2025-04-03 19:13:27 - game.core.game - INFO - Position: (400, 276) -> (400, 273), Änderung: (0, -3)
2025-04-03 19:13:27 - game.core.game - INFO - Eingaben: {'up': True}, Bewegung: (0, -1)
2025-04-03 19:13:27 - game.core.game - INFO - Position: (400, 273) -> (400, 270), Änderung: (0, -3)
2025-04-03 19:13:27 - game.core.game - INFO - Eingaben: {'up': True}, Bewegung: (0, -1)
2025-04-03 19:13:27 - game.core.game - INFO - Position: (400, 270) -> (400, 267), Änderung: (0, -3)
2025-04-03 19:13:27 - game.core.game - INFO - Eingaben: {'up': True}, Bewegung: (0, -1)
2025-04-03 19:13:27 - game.core.game - INFO - Position: (400, 267) -> (400, 264), Änderung: (0, -3)
2025-04-03 19:13:27 - game.core.game - INFO - Eingaben: {'up': True}, Bewegung: (0, -1)
2025-04-03 19:13:27 - game.core.game - INFO - Position: (400, 264) -> (400, 261), Änderung: (0, -3)
2025-04-03 19:13:27 - game.core.game - INFO - Eingaben: {'up': True}, Bewegung: (0, -1)
2025-04-03 19:13:27 - game.core.game - INFO - Position: (400, 261) -> (400, 258), Änderung: (0, -3)
2025-04-03 19:13:27 - game.core.game - INFO - Eingaben: {'up': True}, Bewegung: (0, -1)
2025-04-03 19:13:27 - game.core.game - INFO - Position: (400, 258) -> (400, 255), Änderung: (0, -3)
2025-04-03 19:13:27 - game.core.game - INFO - Eingaben: {'up': True}, Bewegung: (0, -1)
2025-04-03 19:13:27 - game.core.game - INFO - Position: (400, 255) -> (400, 252), Änderung: (0, -3)
2025-04-03 19:13:27 - game.core.game - INFO - Eingaben: {'up': True}, Bewegung: (0, -1)
2025-04-03 19:13:27 - game.core.game - INFO - Position: (400, 252) -> (400, 249), Änderung: (0, -3)
2025-04-03 19:13:27 - game.core.game - INFO - Eingaben: {'up': True}, Bewegung: (0, -1)
2025-04-03 19:13:27 - game.core.game - INFO - Position: (400, 249) -> (400, 246), Änderung: (0, -3)
2025-04-03 19:13:27 - game.core.game - INFO - Eingaben: {'up': True}, Bewegung: (0, -1)
2025-04-03 19:13:27 - game.core.game - INFO - Position: (400, 246) -> (400, 243), Änderung: (0, -3)
2025-04-03 19:13:27 - game.core.game - INFO - Eingaben: {'up': True}, Bewegung: (0, -1)
2025-04-03 19:13:27 - game.core.game - INFO - Position: (400, 243) -> (400, 240), Änderung: (0, -3)
2025-04-03 19:13:27 - game.core.game - INFO - Eingaben: {'up': True}, Bewegung: (0, -1)
2025-04-03 19:13:27 - game.core.game - INFO - Position: (400, 240) -> (400, 237), Änderung: (0, -3)
2025-04-03 19:13:27 - game.core.game - INFO - Eingaben: {'up': True}, Bewegung: (0, -1)
2025-04-03 19:13:27 - game.core.game - INFO - Position: (400, 237) -> (400, 234), Änderung: (0, -3)
2025-04-03 19:13:27 - game.core.game - INFO - Eingaben: {'up': True}, Bewegung: (0, -1)
2025-04-03 19:13:27 - game.core.game - INFO - Position: (400, 234) -> (400, 231), Änderung: (0, -3)
2025-04-03 19:13:27 - game.core.game - INFO - Eingaben: {'up': True}, Bewegung: (0, -1)
2025-04-03 19:13:27 - game.core.game - INFO - Position: (400, 231) -> (400, 228), Änderung: (0, -3)
2025-04-03 19:13:27 - game.core.game - INFO - Eingaben: {'up': True}, Bewegung: (0, -1)
2025-04-03 19:13:27 - game.core.game - INFO - Position: (400, 228) -> (400, 225), Änderung: (0, -3)
2025-04-03 19:13:27 - game.core.game - INFO - Eingaben: {'left': True}, Bewegung: (-1, 0)
2025-04-03 19:13:27 - game.core.game - INFO - Position: (400, 225) -> (397, 225), Änderung: (-3, 0)
2025-04-03 19:13:27 - game.core.game - INFO - Eingaben: {'left': True}, Bewegung: (-1, 0)
2025-04-03 19:13:27 - game.core.game - INFO - Position: (397, 225) -> (394, 225), Änderung: (-3, 0)
2025-04-03 19:13:27 - game.core.game - INFO - Eingaben: {'left': True}, Bewegung: (-1, 0)
2025-04-03 19:13:27 - game.core.game - INFO - Position: (394, 225) -> (391, 225), Änderung: (-3, 0)
2025-04-03 19:13:27 - game.core.game - INFO - Eingaben: {'left': True}, Bewegung: (-1, 0)
2025-04-03 19:13:27 - game.core.game - INFO - Position: (391, 225) -> (388, 225), Änderung: (-3, 0)
2025-04-03 19:13:27 - game.core.game - INFO - Eingaben: {'left': True}, Bewegung: (-1, 0)
2025-04-03 19:13:27 - game.core.game - INFO - Position: (388, 225) -> (385, 225), Änderung: (-3, 0)
2025-04-03 19:13:27 - game.core.game - INFO - Eingaben: {'left': True}, Bewegung: (-1, 0)
2025-04-03 19:13:27 - game.core.game - INFO - Position: (385, 225) -> (382, 225), Änderung: (-3, 0)
2025-04-03 19:13:27 - game.core.game - INFO - Eingaben: {'left': True}, Bewegung: (-1, 0)
2025-04-03 19:13:27 - game.core.game - INFO - Position: (382, 225) -> (379, 225), Änderung: (-3, 0)
2025-04-03 19:13:27 - game.core.game - INFO - Eingaben: {'left': True}, Bewegung: (-1, 0)
2025-04-03 19:13:27 - game.core.game - INFO - Position: (379, 225) -> (376, 225), Änderung: (-3, 0)
2025-04-03 19:13:27 - game.core.game - INFO - Eingaben: {'left': True}, Bewegung: (-1, 0)
2025-04-03 19:13:27 - game.core.game - INFO - Position: (376, 225) -> (373, 225), Änderung: (-3, 0)
2025-04-03 19:13:27 - game.core.game - INFO - Eingaben: {'left': True}, Bewegung: (-1, 0)
2025-04-03 19:13:27 - game.core.game - INFO - Position: (373, 225) -> (370, 225), Änderung: (-3, 0)
2025-04-03 19:13:27 - game.core.game - INFO - Eingaben: {'left': True}, Bewegung: (-1, 0)
2025-04-03 19:13:27 - game.core.game - INFO - Position: (370, 225) -> (367, 225), Änderung: (-3, 0)
2025-04-03 19:13:27 - game.core.game - INFO - Eingaben: {'down': True, 'left': True}, Bewegung: (-1, 1)
2025-04-03 19:13:27 - game.core.game - INFO - Position: (367, 225) -> (364, 228), Änderung: (-3, 3)
2025-04-03 19:13:27 - game.core.game - INFO - Eingaben: {'down': True, 'left': True}, Bewegung: (-1, 1)
2025-04-03 19:13:27 - game.core.game - INFO - Position: (364, 228) -> (361, 231), Änderung: (-3, 3)
2025-04-03 19:13:27 - game.core.game - INFO - Eingaben: {'down': True, 'left': True}, Bewegung: (-1, 1)
2025-04-03 19:13:27 - game.core.game - INFO - Position: (361, 231) -> (358, 234), Änderung: (-3, 3)
2025-04-03 19:13:27 - game.core.game - INFO - Eingaben: {'down': True, 'left': True}, Bewegung: (-1, 1)
2025-04-03 19:13:27 - game.core.game - INFO - Position: (358, 234) -> (355, 237), Änderung: (-3, 3)
2025-04-03 19:13:27 - game.core.game - INFO - Eingaben: {'down': True}, Bewegung: (0, 1)
2025-04-03 19:13:27 - game.core.game - INFO - Position: (355, 237) -> (355, 240), Änderung: (0, 3)
2025-04-03 19:13:27 - game.core.game - INFO - Eingaben: {'down': True}, Bewegung: (0, 1)
2025-04-03 19:13:27 - game.core.game - INFO - Position: (355, 240) -> (355, 243), Änderung: (0, 3)
2025-04-03 19:13:27 - game.core.game - INFO - Eingaben: {'down': True}, Bewegung: (0, 1)
2025-04-03 19:13:27 - game.core.game - INFO - Position: (355, 243) -> (355, 246), Änderung: (0, 3)
2025-04-03 19:13:27 - game.core.game - INFO - Eingaben: {'down': True}, Bewegung: (0, 1)
2025-04-03 19:13:27 - game.core.game - INFO - Position: (355, 246) -> (355, 249), Änderung: (0, 3)
2025-04-03 19:13:27 - game.core.game - INFO - Eingaben: {'down': True}, Bewegung: (0, 1)
2025-04-03 19:13:27 - game.core.game - INFO - Position: (355, 249) -> (355, 252), Änderung: (0, 3)
2025-04-03 19:13:27 - game.core.game - INFO - Eingaben: {'down': True}, Bewegung: (0, 1)
2025-04-03 19:13:27 - game.core.game - INFO - Position: (355, 252) -> (355, 255), Änderung: (0, 3)
2025-04-03 19:13:27 - game.core.game - INFO - Eingaben: {'down': True}, Bewegung: (0, 1)
2025-04-03 19:13:27 - game.core.game - INFO - Position: (355, 255) -> (355, 258), Änderung: (0, 3)
2025-04-03 19:13:27 - game.core.game - INFO - Eingaben: {'down': True}, Bewegung: (0, 1)
2025-04-03 19:13:27 - game.core.game - INFO - Position: (355, 258) -> (355, 261), Änderung: (0, 3)
2025-04-03 19:13:27 - game.core.game - INFO - Eingaben: {'down': True, 'right': True}, Bewegung: (1, 1)
2025-04-03 19:13:27 - game.core.game - INFO - Position: (355, 261) -> (358, 264), Änderung: (3, 3)
2025-04-03 19:13:27 - game.core.game - INFO - Eingaben: {'down': True, 'right': True}, Bewegung: (1, 1)
2025-04-03 19:13:27 - game.core.game - INFO - Position: (358, 264) -> (361, 267), Änderung: (3, 3)
2025-04-03 19:13:27 - game.core.game - INFO - Eingaben: {'down': True, 'right': True}, Bewegung: (1, 1)
2025-04-03 19:13:27 - game.core.game - INFO - Position: (361, 267) -> (364, 270), Änderung: (3, 3)
2025-04-03 19:13:27 - game.core.game - INFO - Eingaben: {'down': True, 'right': True}, Bewegung: (1, 1)
2025-04-03 19:13:27 - game.core.game - INFO - Position: (364, 270) -> (367, 273), Änderung: (3, 3)
2025-04-03 19:13:27 - game.core.game - INFO - Eingaben: {'right': True}, Bewegung: (1, 0)
2025-04-03 19:13:27 - game.core.game - INFO - Position: (367, 273) -> (370, 273), Änderung: (3, 0)
2025-04-03 19:13:27 - game.core.game - INFO - Eingaben: {'right': True}, Bewegung: (1, 0)
2025-04-03 19:13:27 - game.core.game - INFO - Position: (370, 273) -> (373, 273), Änderung: (3, 0)
2025-04-03 19:13:27 - game.core.game - INFO - Eingaben: {'up': True, 'right': True}, Bewegung: (1, -1)
2025-04-03 19:13:27 - game.core.game - INFO - Position: (373, 273) -> (376, 270), Änderung: (3, -3)
2025-04-03 19:13:27 - game.core.game - INFO - Eingaben: {'up': True, 'right': True}, Bewegung: (1, -1)
2025-04-03 19:13:27 - game.core.game - INFO - Position: (376, 270) -> (379, 267), Änderung: (3, -3)
2025-04-03 19:13:27 - game.core.game - INFO - Eingaben: {'up': True, 'right': True}, Bewegung: (1, -1)
2025-04-03 19:13:27 - game.core.game - INFO - Position: (379, 267) -> (382, 264), Änderung: (3, -3)
2025-04-03 19:13:27 - game.core.game - INFO - Eingaben: {'up': True, 'right': True}, Bewegung: (1, -1)
2025-04-03 19:13:27 - game.core.game - INFO - Position: (382, 264) -> (385, 261), Änderung: (3, -3)
2025-04-03 19:13:27 - game.core.game - INFO - Eingaben: {'up': True, 'right': True}, Bewegung: (1, -1)
2025-04-03 19:13:27 - game.core.game - INFO - Position: (385, 261) -> (388, 258), Änderung: (3, -3)
2025-04-03 19:13:27 - game.core.game - INFO - Eingaben: {'up': True, 'right': True}, Bewegung: (1, -1)
2025-04-03 19:13:27 - game.core.game - INFO - Position: (388, 258) -> (391, 255), Änderung: (3, -3)
2025-04-03 19:13:27 - game.core.game - INFO - Eingaben: {'up': True}, Bewegung: (0, -1)
2025-04-03 19:13:27 - game.core.game - INFO - Position: (391, 255) -> (391, 252), Änderung: (0, -3)
2025-04-03 19:13:27 - game.core.game - INFO - Eingaben: {'up': True, 'left': True}, Bewegung: (-1, -1)
2025-04-03 19:13:27 - game.core.game - INFO - Position: (391, 252) -> (388, 249), Änderung: (-3, -3)
2025-04-03 19:13:27 - game.core.game - INFO - Eingaben: {'up': True, 'left': True}, Bewegung: (-1, -1)
2025-04-03 19:13:27 - game.core.game - INFO - Position: (388, 249) -> (385, 246), Änderung: (-3, -3)
2025-04-03 19:13:28 - game.core.game - INFO - Eingaben: {'up': True, 'left': True}, Bewegung: (-1, -1)
2025-04-03 19:13:28 - game.core.game - INFO - Position: (385, 246) -> (382, 243), Änderung: (-3, -3)
2025-04-03 19:13:28 - game.core.game - INFO - Eingaben: {'up': True, 'left': True}, Bewegung: (-1, -1)
2025-04-03 19:13:28 - game.core.game - INFO - Position: (382, 243) -> (379, 240), Änderung: (-3, -3)
2025-04-03 19:13:28 - game.core.game - INFO - Eingaben: {'up': True, 'left': True}, Bewegung: (-1, -1)
2025-04-03 19:13:28 - game.core.game - INFO - Position: (379, 240) -> (376, 237), Änderung: (-3, -3)
2025-04-03 19:13:28 - game.core.game - INFO - Eingaben: {'up': True, 'left': True}, Bewegung: (-1, -1)
2025-04-03 19:13:28 - game.core.game - INFO - Position: (376, 237) -> (373, 234), Änderung: (-3, -3)
2025-04-03 19:13:28 - game.core.game - INFO - Eingaben: {'left': True}, Bewegung: (-1, 0)
2025-04-03 19:13:28 - game.core.game - INFO - Position: (373, 234) -> (370, 234), Änderung: (-3, 0)
2025-04-03 19:13:28 - game.core.game - INFO - Eingaben: {'left': True}, Bewegung: (-1, 0)
2025-04-03 19:13:28 - game.core.game - INFO - Position: (370, 234) -> (367, 234), Änderung: (-3, 0)
2025-04-03 19:13:28 - game.core.game - INFO - Eingaben: {'left': True}, Bewegung: (-1, 0)
2025-04-03 19:13:28 - game.core.game - INFO - Position: (367, 234) -> (364, 234), Änderung: (-3, 0)
2025-04-03 19:13:28 - game.core.game - INFO - Eingaben: {'left': True}, Bewegung: (-1, 0)
2025-04-03 19:13:28 - game.core.game - INFO - Position: (364, 234) -> (361, 234), Änderung: (-3, 0)
2025-04-03 19:13:28 - game.core.game - INFO - Eingaben: {'left': True}, Bewegung: (-1, 0)
2025-04-03 19:13:28 - game.core.game - INFO - Position: (361, 234) -> (358, 234), Änderung: (-3, 0)
2025-04-03 19:13:28 - game.core.game - INFO - Eingaben: {'left': True}, Bewegung: (-1, 0)
2025-04-03 19:13:28 - game.core.game - INFO - Position: (358, 234) -> (355, 234), Änderung: (-3, 0)
2025-04-03 19:13:28 - game.core.game - INFO - Eingaben: {'left': True}, Bewegung: (-1, 0)
2025-04-03 19:13:28 - game.core.game - INFO - Position: (355, 234) -> (352, 234), Änderung: (-3, 0)
2025-04-03 19:13:28 - game.core.game - INFO - Eingaben: {'left': True}, Bewegung: (-1, 0)
2025-04-03 19:13:28 - game.core.game - INFO - Position: (352, 234) -> (349, 234), Änderung: (-3, 0)
2025-04-03 19:13:28 - game.core.game - INFO - Eingaben: {'down': True, 'left': True}, Bewegung: (-1, 1)
2025-04-03 19:13:28 - game.core.game - INFO - Position: (349, 234) -> (346, 237), Änderung: (-3, 3)
2025-04-03 19:13:28 - game.core.game - INFO - Eingaben: {'down': True, 'left': True}, Bewegung: (-1, 1)
2025-04-03 19:13:28 - game.core.game - INFO - Position: (346, 237) -> (343, 240), Änderung: (-3, 3)
2025-04-03 19:13:28 - game.core.game - INFO - Eingaben: {'down': True, 'left': True}, Bewegung: (-1, 1)
2025-04-03 19:13:28 - game.core.game - INFO - Position: (343, 240) -> (340, 243), Änderung: (-3, 3)
2025-04-03 19:13:28 - game.core.game - INFO - Eingaben: {'down': True, 'left': True}, Bewegung: (-1, 1)
2025-04-03 19:13:28 - game.core.game - INFO - Position: (340, 243) -> (337, 246), Änderung: (-3, 3)
2025-04-03 19:13:28 - game.core.game - INFO - Eingaben: {'down': True}, Bewegung: (0, 1)
2025-04-03 19:13:28 - game.core.game - INFO - Position: (337, 246) -> (337, 249), Änderung: (0, 3)
2025-04-03 19:13:28 - game.core.game - INFO - Eingaben: {'down': True}, Bewegung: (0, 1)
2025-04-03 19:13:28 - game.core.game - INFO - Position: (337, 249) -> (337, 252), Änderung: (0, 3)
2025-04-03 19:13:28 - game.core.game - INFO - Eingaben: {'down': True}, Bewegung: (0, 1)
2025-04-03 19:13:28 - game.core.game - INFO - Position: (337, 252) -> (337, 255), Änderung: (0, 3)
2025-04-03 19:13:28 - game.core.game - INFO - Eingaben: {'down': True}, Bewegung: (0, 1)
2025-04-03 19:13:28 - game.core.game - INFO - Position: (337, 255) -> (337, 258), Änderung: (0, 3)
2025-04-03 19:13:28 - game.core.game - INFO - Eingaben: {'down': True}, Bewegung: (0, 1)
2025-04-03 19:13:28 - game.core.game - INFO - Position: (337, 258) -> (337, 261), Änderung: (0, 3)
2025-04-03 19:13:28 - game.core.game - INFO - Eingaben: {'down': True}, Bewegung: (0, 1)
2025-04-03 19:13:28 - game.core.game - INFO - Position: (337, 261) -> (337, 264), Änderung: (0, 3)
2025-04-03 19:13:28 - game.core.game - INFO - Eingaben: {'down': True, 'right': True}, Bewegung: (1, 1)
2025-04-03 19:13:28 - game.core.game - INFO - Position: (337, 264) -> (340, 267), Änderung: (3, 3)
2025-04-03 19:13:28 - game.core.game - INFO - Eingaben: {'down': True, 'right': True}, Bewegung: (1, 1)
2025-04-03 19:13:28 - game.core.game - INFO - Position: (340, 267) -> (343, 270), Änderung: (3, 3)
2025-04-03 19:13:28 - game.core.game - INFO - Eingaben: {'down': True, 'right': True}, Bewegung: (1, 1)
2025-04-03 19:13:28 - game.core.game - INFO - Position: (343, 270) -> (346, 273), Änderung: (3, 3)
2025-04-03 19:13:28 - game.core.game - INFO - Eingaben: {'down': True, 'right': True}, Bewegung: (1, 1)
2025-04-03 19:13:28 - game.core.game - INFO - Position: (346, 273) -> (349, 276), Änderung: (3, 3)
2025-04-03 19:13:28 - game.core.game - INFO - Eingaben: {'right': True}, Bewegung: (1, 0)
2025-04-03 19:13:28 - game.core.game - INFO - Position: (349, 276) -> (352, 276), Änderung: (3, 0)
2025-04-03 19:13:28 - game.core.game - INFO - Eingaben: {'right': True}, Bewegung: (1, 0)
2025-04-03 19:13:28 - game.core.game - INFO - Position: (352, 276) -> (355, 276), Änderung: (3, 0)
2025-04-03 19:13:28 - game.core.game - INFO - Eingaben: {'up': True, 'right': True}, Bewegung: (1, -1)
2025-04-03 19:13:28 - game.core.game - INFO - Position: (355, 276) -> (358, 273), Änderung: (3, -3)
2025-04-03 19:13:28 - game.core.game - INFO - Eingaben: {'up': True, 'right': True}, Bewegung: (1, -1)
2025-04-03 19:13:28 - game.core.game - INFO - Position: (358, 273) -> (361, 270), Änderung: (3, -3)
2025-04-03 19:13:28 - game.core.game - INFO - Eingaben: {'up': True, 'right': True}, Bewegung: (1, -1)
2025-04-03 19:13:28 - game.core.game - INFO - Position: (361, 270) -> (364, 267), Änderung: (3, -3)
2025-04-03 19:13:28 - game.core.game - INFO - Eingaben: {'up': True, 'right': True}, Bewegung: (1, -1)
2025-04-03 19:13:28 - game.core.game - INFO - Position: (364, 267) -> (367, 264), Änderung: (3, -3)
2025-04-03 19:13:28 - game.core.game - INFO - Eingaben: {'up': True, 'right': True}, Bewegung: (1, -1)
2025-04-03 19:13:28 - game.core.game - INFO - Position: (367, 264) -> (370, 261), Änderung: (3, -3)
2025-04-03 19:13:28 - game.core.game - INFO - Eingaben: {'up': True}, Bewegung: (0, -1)
2025-04-03 19:13:28 - game.core.game - INFO - Position: (370, 261) -> (370, 258), Änderung: (0, -3)
2025-04-03 19:13:28 - game.core.game - INFO - Eingaben: {'up': True, 'left': True}, Bewegung: (-1, -1)
2025-04-03 19:13:28 - game.core.game - INFO - Position: (370, 258) -> (367, 255), Änderung: (-3, -3)
2025-04-03 19:13:28 - game.core.game - INFO - Eingaben: {'up': True, 'left': True}, Bewegung: (-1, -1)
2025-04-03 19:13:28 - game.core.game - INFO - Position: (367, 255) -> (364, 252), Änderung: (-3, -3)
2025-04-03 19:13:28 - game.core.game - INFO - Eingaben: {'up': True, 'left': True}, Bewegung: (-1, -1)
2025-04-03 19:13:28 - game.core.game - INFO - Position: (364, 252) -> (361, 249), Änderung: (-3, -3)
2025-04-03 19:13:28 - game.core.game - INFO - Eingaben: {'up': True, 'left': True}, Bewegung: (-1, -1)
2025-04-03 19:13:28 - game.core.game - INFO - Position: (361, 249) -> (358, 246), Änderung: (-3, -3)
2025-04-03 19:13:28 - game.core.game - INFO - Eingaben: {'left': True}, Bewegung: (-1, 0)
2025-04-03 19:13:28 - game.core.game - INFO - Position: (358, 246) -> (355, 246), Änderung: (-3, 0)
2025-04-03 19:13:28 - game.core.game - INFO - Eingaben: {'left': True}, Bewegung: (-1, 0)
2025-04-03 19:13:28 - game.core.game - INFO - Position: (355, 246) -> (352, 246), Änderung: (-3, 0)
2025-04-03 19:13:28 - game.core.game - INFO - Eingaben: {'left': True}, Bewegung: (-1, 0)
2025-04-03 19:13:28 - game.core.game - INFO - Position: (352, 246) -> (349, 246), Änderung: (-3, 0)
2025-04-03 19:13:28 - game.core.game - INFO - Eingaben: {'left': True}, Bewegung: (-1, 0)
2025-04-03 19:13:28 - game.core.game - INFO - Position: (349, 246) -> (346, 246), Änderung: (-3, 0)
2025-04-03 19:13:28 - game.core.game - INFO - Eingaben: {'down': True, 'left': True}, Bewegung: (-1, 1)
2025-04-03 19:13:28 - game.core.game - INFO - Position: (346, 246) -> (343, 249), Änderung: (-3, 3)
2025-04-03 19:13:28 - game.core.game - INFO - Eingaben: {'down': True, 'left': True}, Bewegung: (-1, 1)
2025-04-03 19:13:28 - game.core.game - INFO - Position: (343, 249) -> (340, 252), Änderung: (-3, 3)
2025-04-03 19:13:28 - game.core.game - INFO - Eingaben: {'down': True, 'left': True}, Bewegung: (-1, 1)
2025-04-03 19:13:28 - game.core.game - INFO - Position: (340, 252) -> (337, 255), Änderung: (-3, 3)
2025-04-03 19:13:28 - game.core.game - INFO - Eingaben: {'down': True, 'left': True}, Bewegung: (-1, 1)
2025-04-03 19:13:28 - game.core.game - INFO - Position: (337, 255) -> (334, 258), Änderung: (-3, 3)
2025-04-03 19:13:28 - game.core.game - INFO - Eingaben: {'down': True}, Bewegung: (0, 1)
2025-04-03 19:13:28 - game.core.game - INFO - Position: (334, 258) -> (334, 261), Änderung: (0, 3)
2025-04-03 19:13:28 - game.core.game - INFO - Eingaben: {'down': True, 'right': True}, Bewegung: (1, 1)
2025-04-03 19:13:28 - game.core.game - INFO - Position: (334, 261) -> (337, 264), Änderung: (3, 3)
2025-04-03 19:13:28 - game.core.game - INFO - Eingaben: {'down': True, 'right': True}, Bewegung: (1, 1)
2025-04-03 19:13:28 - game.core.game - INFO - Position: (337, 264) -> (340, 267), Änderung: (3, 3)
2025-04-03 19:13:28 - game.core.game - INFO - Eingaben: {'down': True, 'right': True}, Bewegung: (1, 1)
2025-04-03 19:13:28 - game.core.game - INFO - Position: (340, 267) -> (343, 270), Änderung: (3, 3)
2025-04-03 19:13:28 - game.core.game - INFO - Eingaben: {'right': True}, Bewegung: (1, 0)
2025-04-03 19:13:28 - game.core.game - INFO - Position: (343, 270) -> (346, 270), Änderung: (3, 0)
2025-04-03 19:13:28 - game.core.game - INFO - Eingaben: {'right': True}, Bewegung: (1, 0)
2025-04-03 19:13:28 - game.core.game - INFO - Position: (346, 270) -> (349, 270), Änderung: (3, 0)
2025-04-03 19:13:28 - game.core.game - INFO - Eingaben: {'up': True, 'right': True}, Bewegung: (1, -1)
2025-04-03 19:13:28 - game.core.game - INFO - Position: (349, 270) -> (352, 267), Änderung: (3, -3)
2025-04-03 19:13:28 - game.core.game - INFO - Eingaben: {'up': True, 'right': True}, Bewegung: (1, -1)
2025-04-03 19:13:28 - game.core.game - INFO - Position: (352, 267) -> (355, 264), Änderung: (3, -3)
2025-04-03 19:13:28 - game.core.game - INFO - Eingaben: {'up': True, 'right': True}, Bewegung: (1, -1)
2025-04-03 19:13:28 - game.core.game - INFO - Position: (355, 264) -> (358, 261), Änderung: (3, -3)
2025-04-03 19:13:28 - game.core.game - INFO - Eingaben: {'up': True, 'right': True}, Bewegung: (1, -1)
2025-04-03 19:13:28 - game.core.game - INFO - Position: (358, 261) -> (361, 258), Änderung: (3, -3)
2025-04-03 19:13:28 - game.core.game - INFO - Eingaben: {'up': True, 'right': True}, Bewegung: (1, -1)
2025-04-03 19:13:28 - game.core.game - INFO - Position: (361, 258) -> (364, 255), Änderung: (3, -3)
2025-04-03 19:13:28 - game.core.game - INFO - Eingaben: {'up': True, 'right': True}, Bewegung: (1, -1)
2025-04-03 19:13:28 - game.core.game - INFO - Position: (364, 255) -> (367, 252), Änderung: (3, -3)
2025-04-03 19:13:28 - game.core.game - INFO - Eingaben: {'up': True, 'right': True}, Bewegung: (1, -1)
2025-04-03 19:13:28 - game.core.game - INFO - Position: (367, 252) -> (370, 249), Änderung: (3, -3)
2025-04-03 19:13:28 - game.core.game - INFO - Eingaben: {'up': True}, Bewegung: (0, -1)
2025-04-03 19:13:28 - game.core.game - INFO - Position: (370, 249) -> (370, 246), Änderung: (0, -3)
2025-04-03 19:13:28 - game.core.game - INFO - Eingaben: {'up': True, 'left': True}, Bewegung: (-1, -1)
2025-04-03 19:13:28 - game.core.game - INFO - Position: (370, 246) -> (367, 243), Änderung: (-3, -3)
2025-04-03 19:13:29 - game.core.game - INFO - Eingaben: {'up': True, 'left': True}, Bewegung: (-1, -1)
2025-04-03 19:13:29 - game.core.game - INFO - Position: (367, 243) -> (364, 240), Änderung: (-3, -3)
2025-04-03 19:13:29 - game.core.game - INFO - Eingaben: {'up': True, 'left': True}, Bewegung: (-1, -1)
2025-04-03 19:13:29 - game.core.game - INFO - Position: (364, 240) -> (361, 237), Änderung: (-3, -3)
2025-04-03 19:13:29 - game.core.game - INFO - Eingaben: {'up': True, 'left': True}, Bewegung: (-1, -1)
2025-04-03 19:13:29 - game.core.game - INFO - Position: (361, 237) -> (358, 234), Änderung: (-3, -3)
2025-04-03 19:13:29 - game.core.game - INFO - Eingaben: {'left': True}, Bewegung: (-1, 0)
2025-04-03 19:13:29 - game.core.game - INFO - Position: (358, 234) -> (355, 234), Änderung: (-3, 0)
2025-04-03 19:13:29 - game.core.game - INFO - Eingaben: {'left': True}, Bewegung: (-1, 0)
2025-04-03 19:13:29 - game.core.game - INFO - Position: (355, 234) -> (352, 234), Änderung: (-3, 0)
2025-04-03 19:13:29 - game.core.game - INFO - Eingaben: {'left': True}, Bewegung: (-1, 0)
2025-04-03 19:13:29 - game.core.game - INFO - Position: (352, 234) -> (349, 234), Änderung: (-3, 0)
2025-04-03 19:13:29 - game.core.game - INFO - Eingaben: {'left': True}, Bewegung: (-1, 0)
2025-04-03 19:13:29 - game.core.game - INFO - Position: (349, 234) -> (346, 234), Änderung: (-3, 0)
2025-04-03 19:13:29 - game.core.game - INFO - Eingaben: {'left': True}, Bewegung: (-1, 0)
2025-04-03 19:13:29 - game.core.game - INFO - Position: (346, 234) -> (343, 234), Änderung: (-3, 0)
2025-04-03 19:13:29 - game.core.game - INFO - Eingaben: {'left': True}, Bewegung: (-1, 0)
2025-04-03 19:13:29 - game.core.game - INFO - Position: (343, 234) -> (340, 234), Änderung: (-3, 0)
2025-04-03 19:13:29 - game.core.game - INFO - Eingaben: {'left': True}, Bewegung: (-1, 0)
2025-04-03 19:13:29 - game.core.game - INFO - Position: (340, 234) -> (337, 234), Änderung: (-3, 0)
2025-04-03 19:13:29 - game.core.game - INFO - Eingaben: {'left': True}, Bewegung: (-1, 0)
2025-04-03 19:13:29 - game.core.game - INFO - Position: (337, 234) -> (334, 234), Änderung: (-3, 0)
2025-04-03 19:13:29 - game.core.game - INFO - Eingaben: {'left': True}, Bewegung: (-1, 0)
2025-04-03 19:13:29 - game.core.game - INFO - Position: (334, 234) -> (331, 234), Änderung: (-3, 0)
2025-04-03 19:13:29 - game.core.game - INFO - Eingaben: {'left': True}, Bewegung: (-1, 0)
2025-04-03 19:13:29 - game.core.game - INFO - Position: (331, 234) -> (328, 234), Änderung: (-3, 0)
2025-04-03 19:13:29 - game.core.game - INFO - Eingaben: {'left': True}, Bewegung: (-1, 0)
2025-04-03 19:13:29 - game.core.game - INFO - Position: (328, 234) -> (325, 234), Änderung: (-3, 0)
2025-04-03 19:13:29 - game.core.game - INFO - Eingaben: {'left': True}, Bewegung: (-1, 0)
2025-04-03 19:13:29 - game.core.game - INFO - Position: (325, 234) -> (322, 234), Änderung: (-3, 0)
2025-04-03 19:13:29 - game.core.game - INFO - Eingaben: {'left': True}, Bewegung: (-1, 0)
2025-04-03 19:13:29 - game.core.game - INFO - Position: (322, 234) -> (319, 234), Änderung: (-3, 0)
2025-04-03 19:13:29 - game.core.game - INFO - Eingaben: {'left': True}, Bewegung: (-1, 0)
2025-04-03 19:13:29 - game.core.game - INFO - Position: (319, 234) -> (316, 234), Änderung: (-3, 0)
2025-04-03 19:13:29 - game.core.game - INFO - Eingaben: {'left': True}, Bewegung: (-1, 0)
2025-04-03 19:13:29 - game.core.game - INFO - Position: (316, 234) -> (313, 234), Änderung: (-3, 0)
2025-04-03 19:13:29 - game.core.game - INFO - Eingaben: {'left': True}, Bewegung: (-1, 0)
2025-04-03 19:13:29 - game.core.game - INFO - Position: (313, 234) -> (310, 234), Änderung: (-3, 0)
2025-04-03 19:13:29 - game.core.game - INFO - Eingaben: {'left': True}, Bewegung: (-1, 0)
2025-04-03 19:13:29 - game.core.game - INFO - Position: (310, 234) -> (307, 234), Änderung: (-3, 0)
2025-04-03 19:13:29 - game.core.game - INFO - Eingaben: {'left': True}, Bewegung: (-1, 0)
2025-04-03 19:13:29 - game.core.game - INFO - Position: (307, 234) -> (304, 234), Änderung: (-3, 0)
2025-04-03 19:13:29 - game.core.game - INFO - Eingaben: {'left': True}, Bewegung: (-1, 0)
2025-04-03 19:13:29 - game.core.game - INFO - Position: (304, 234) -> (301, 234), Änderung: (-3, 0)
2025-04-03 19:13:29 - game.core.game - INFO - Eingaben: {'left': True}, Bewegung: (-1, 0)
2025-04-03 19:13:29 - game.core.game - INFO - Position: (301, 234) -> (298, 234), Änderung: (-3, 0)
2025-04-03 19:13:29 - game.core.game - INFO - Eingaben: {'left': True}, Bewegung: (-1, 0)
2025-04-03 19:13:29 - game.core.game - INFO - Position: (298, 234) -> (295, 234), Änderung: (-3, 0)
2025-04-03 19:13:29 - game.core.game - INFO - Eingaben: {'left': True}, Bewegung: (-1, 0)
2025-04-03 19:13:29 - game.core.game - INFO - Position: (295, 234) -> (292, 234), Änderung: (-3, 0)
2025-04-03 19:13:29 - game.core.game - INFO - Eingaben: {'left': True}, Bewegung: (-1, 0)
2025-04-03 19:13:29 - game.core.game - INFO - Position: (292, 234) -> (289, 234), Änderung: (-3, 0)
2025-04-03 19:13:29 - game.core.game - INFO - Eingaben: {'left': True}, Bewegung: (-1, 0)
2025-04-03 19:13:29 - game.core.game - INFO - Position: (289, 234) -> (286, 234), Änderung: (-3, 0)
2025-04-03 19:13:29 - game.core.game - INFO - Eingaben: {'left': True}, Bewegung: (-1, 0)
2025-04-03 19:13:29 - game.core.game - INFO - Position: (286, 234) -> (283, 234), Änderung: (-3, 0)
2025-04-03 19:13:29 - game.core.game - INFO - Eingaben: {'left': True}, Bewegung: (-1, 0)
2025-04-03 19:13:29 - game.core.game - INFO - Position: (283, 234) -> (280, 234), Änderung: (-3, 0)
2025-04-03 19:13:29 - game.core.game - INFO - Eingaben: {'down': True}, Bewegung: (0, 1)
2025-04-03 19:13:29 - game.core.game - INFO - Position: (280, 234) -> (280, 237), Änderung: (0, 3)
2025-04-03 19:13:29 - game.core.game - INFO - Eingaben: {'down': True}, Bewegung: (0, 1)
2025-04-03 19:13:29 - game.core.game - INFO - Position: (280, 237) -> (280, 240), Änderung: (0, 3)
2025-04-03 19:13:29 - game.core.game - INFO - Eingaben: {'down': True}, Bewegung: (0, 1)
2025-04-03 19:13:29 - game.core.game - INFO - Position: (280, 240) -> (280, 243), Änderung: (0, 3)
2025-04-03 19:13:29 - game.core.game - INFO - Eingaben: {'down': True}, Bewegung: (0, 1)
2025-04-03 19:13:29 - game.core.game - INFO - Position: (280, 243) -> (280, 246), Änderung: (0, 3)
2025-04-03 19:13:29 - game.core.game - INFO - Eingaben: {'down': True}, Bewegung: (0, 1)
2025-04-03 19:13:29 - game.core.game - INFO - Position: (280, 246) -> (280, 249), Änderung: (0, 3)
2025-04-03 19:13:29 - game.core.game - INFO - Eingaben: {'down': True}, Bewegung: (0, 1)
2025-04-03 19:13:29 - game.core.game - INFO - Position: (280, 249) -> (280, 252), Änderung: (0, 3)
2025-04-03 19:13:29 - game.core.game - INFO - Eingaben: {'down': True}, Bewegung: (0, 1)
2025-04-03 19:13:29 - game.core.game - INFO - Position: (280, 252) -> (280, 255), Änderung: (0, 3)
2025-04-03 19:13:29 - game.core.game - INFO - Eingaben: {'down': True}, Bewegung: (0, 1)
2025-04-03 19:13:29 - game.core.game - INFO - Position: (280, 255) -> (280, 258), Änderung: (0, 3)
2025-04-03 19:13:29 - game.core.game - INFO - Eingaben: {'down': True}, Bewegung: (0, 1)
2025-04-03 19:13:29 - game.core.game - INFO - Position: (280, 258) -> (280, 261), Änderung: (0, 3)
2025-04-03 19:13:29 - game.core.game - INFO - Eingaben: {'down': True}, Bewegung: (0, 1)
2025-04-03 19:13:29 - game.core.game - INFO - Position: (280, 261) -> (280, 264), Änderung: (0, 3)
2025-04-03 19:13:29 - game.core.game - INFO - Eingaben: {'down': True}, Bewegung: (0, 1)
2025-04-03 19:13:29 - game.core.game - INFO - Position: (280, 264) -> (280, 267), Änderung: (0, 3)
2025-04-03 19:13:29 - game.core.game - INFO - Eingaben: {'down': True}, Bewegung: (0, 1)
2025-04-03 19:13:29 - game.core.game - INFO - Position: (280, 267) -> (280, 270), Änderung: (0, 3)
2025-04-03 19:13:29 - game.core.game - INFO - Eingaben: {'down': True}, Bewegung: (0, 1)
2025-04-03 19:13:29 - game.core.game - INFO - Position: (280, 270) -> (280, 273), Änderung: (0, 3)
2025-04-03 19:13:29 - game.core.game - INFO - Eingaben: {'down': True}, Bewegung: (0, 1)
2025-04-03 19:13:29 - game.core.game - INFO - Position: (280, 273) -> (280, 276), Änderung: (0, 3)
2025-04-03 19:13:29 - game.core.game - INFO - Eingaben: {'down': True}, Bewegung: (0, 1)
2025-04-03 19:13:29 - game.core.game - INFO - Position: (280, 276) -> (280, 279), Änderung: (0, 3)
2025-04-03 19:13:29 - game.core.game - INFO - Eingaben: {'right': True}, Bewegung: (1, 0)
2025-04-03 19:13:29 - game.core.game - INFO - Position: (280, 279) -> (283, 279), Änderung: (3, 0)
2025-04-03 19:13:29 - game.core.game - INFO - Eingaben: {'right': True}, Bewegung: (1, 0)
2025-04-03 19:13:29 - game.core.game - INFO - Position: (283, 279) -> (286, 279), Änderung: (3, 0)
2025-04-03 19:13:29 - game.core.game - INFO - Eingaben: {'right': True}, Bewegung: (1, 0)
2025-04-03 19:13:29 - game.core.game - INFO - Position: (286, 279) -> (289, 279), Änderung: (3, 0)
2025-04-03 19:13:29 - game.core.game - INFO - Eingaben: {'right': True}, Bewegung: (1, 0)
2025-04-03 19:13:29 - game.core.game - INFO - Position: (289, 279) -> (292, 279), Änderung: (3, 0)
2025-04-03 19:13:29 - game.core.game - INFO - Eingaben: {'right': True}, Bewegung: (1, 0)
2025-04-03 19:13:29 - game.core.game - INFO - Position: (292, 279) -> (295, 279), Änderung: (3, 0)
2025-04-03 19:13:29 - game.core.game - INFO - Eingaben: {'right': True}, Bewegung: (1, 0)
2025-04-03 19:13:29 - game.core.game - INFO - Position: (295, 279) -> (298, 279), Änderung: (3, 0)
2025-04-03 19:13:29 - game.core.game - INFO - Eingaben: {'right': True}, Bewegung: (1, 0)
2025-04-03 19:13:29 - game.core.game - INFO - Position: (298, 279) -> (301, 279), Änderung: (3, 0)
2025-04-03 19:13:29 - game.core.game - INFO - Eingaben: {'right': True}, Bewegung: (1, 0)
2025-04-03 19:13:29 - game.core.game - INFO - Position: (301, 279) -> (304, 279), Änderung: (3, 0)
2025-04-03 19:13:30 - game.core.game - INFO - Eingaben: {'right': True}, Bewegung: (1, 0)
2025-04-03 19:13:30 - game.core.game - INFO - Position: (304, 279) -> (307, 279), Änderung: (3, 0)
2025-04-03 19:13:30 - game.core.game - INFO - Eingaben: {'right': True}, Bewegung: (1, 0)
2025-04-03 19:13:30 - game.core.game - INFO - Position: (307, 279) -> (310, 279), Änderung: (3, 0)
2025-04-03 19:13:30 - game.core.game - INFO - Eingaben: {'right': True}, Bewegung: (1, 0)
2025-04-03 19:13:30 - game.core.game - INFO - Position: (310, 279) -> (313, 279), Änderung: (3, 0)
2025-04-03 19:13:30 - game.core.game - INFO - Eingaben: {'right': True}, Bewegung: (1, 0)
2025-04-03 19:13:30 - game.core.game - INFO - Position: (313, 279) -> (316, 279), Änderung: (3, 0)
2025-04-03 19:13:30 - game.core.game - INFO - Eingaben: {'right': True}, Bewegung: (1, 0)
2025-04-03 19:13:30 - game.core.game - INFO - Position: (316, 279) -> (319, 279), Änderung: (3, 0)
2025-04-03 19:13:30 - game.core.game - INFO - Eingaben: {'right': True}, Bewegung: (1, 0)
2025-04-03 19:13:30 - game.core.game - INFO - Position: (319, 279) -> (322, 279), Änderung: (3, 0)
2025-04-03 19:13:30 - game.core.game - INFO - Eingaben: {'right': True}, Bewegung: (1, 0)
2025-04-03 19:13:30 - game.core.game - INFO - Position: (322, 279) -> (325, 279), Änderung: (3, 0)
2025-04-03 19:13:30 - game.core.game - INFO - Eingaben: {'up': True}, Bewegung: (0, -1)
2025-04-03 19:13:30 - game.core.game - INFO - Position: (325, 279) -> (325, 276), Änderung: (0, -3)
2025-04-03 19:13:30 - game.core.game - INFO - Eingaben: {'up': True}, Bewegung: (0, -1)
2025-04-03 19:13:30 - game.core.game - INFO - Position: (325, 276) -> (325, 273), Änderung: (0, -3)
2025-04-03 19:13:30 - game.core.game - INFO - Eingaben: {'up': True}, Bewegung: (0, -1)
2025-04-03 19:13:30 - game.core.game - INFO - Position: (325, 273) -> (325, 270), Änderung: (0, -3)
2025-04-03 19:13:30 - game.core.game - INFO - Eingaben: {'up': True}, Bewegung: (0, -1)
2025-04-03 19:13:30 - game.core.game - INFO - Position: (325, 270) -> (325, 267), Änderung: (0, -3)
2025-04-03 19:13:30 - game.core.game - INFO - Eingaben: {'up': True}, Bewegung: (0, -1)
2025-04-03 19:13:30 - game.core.game - INFO - Position: (325, 267) -> (325, 264), Änderung: (0, -3)
2025-04-03 19:13:30 - game.core.game - INFO - Eingaben: {'up': True, 'left': True}, Bewegung: (-1, -1)
2025-04-03 19:13:30 - game.core.game - INFO - Position: (325, 264) -> (322, 261), Änderung: (-3, -3)
2025-04-03 19:13:30 - game.core.game - INFO - Eingaben: {'up': True, 'left': True}, Bewegung: (-1, -1)
2025-04-03 19:13:30 - game.core.game - INFO - Position: (322, 261) -> (319, 258), Änderung: (-3, -3)
2025-04-03 19:13:30 - game.core.game - INFO - Eingaben: {'up': True, 'left': True}, Bewegung: (-1, -1)
2025-04-03 19:13:30 - game.core.game - INFO - Position: (319, 258) -> (316, 255), Änderung: (-3, -3)
2025-04-03 19:13:30 - game.core.game - INFO - Eingaben: {'up': True, 'left': True}, Bewegung: (-1, -1)
2025-04-03 19:13:30 - game.core.game - INFO - Position: (316, 255) -> (313, 252), Änderung: (-3, -3)
2025-04-03 19:13:30 - game.core.game - INFO - Eingaben: {'left': True}, Bewegung: (-1, 0)
2025-04-03 19:13:30 - game.core.game - INFO - Position: (313, 252) -> (310, 252), Änderung: (-3, 0)
2025-04-03 19:13:30 - game.core.game - INFO - Eingaben: {'left': True}, Bewegung: (-1, 0)
2025-04-03 19:13:30 - game.core.game - INFO - Position: (310, 252) -> (307, 252), Änderung: (-3, 0)
2025-04-03 19:13:30 - game.core.game - INFO - Eingaben: {'left': True}, Bewegung: (-1, 0)
2025-04-03 19:13:30 - game.core.game - INFO - Position: (307, 252) -> (304, 252), Änderung: (-3, 0)
2025-04-03 19:13:30 - game.core.game - INFO - Eingaben: {'left': True}, Bewegung: (-1, 0)
2025-04-03 19:13:30 - game.core.game - INFO - Position: (304, 252) -> (301, 252), Änderung: (-3, 0)
2025-04-03 19:13:30 - game.core.game - INFO - Eingaben: {'left': True}, Bewegung: (-1, 0)
2025-04-03 19:13:30 - game.core.game - INFO - Position: (301, 252) -> (298, 252), Änderung: (-3, 0)
2025-04-03 19:13:30 - game.core.game - INFO - Eingaben: {'left': True}, Bewegung: (-1, 0)
2025-04-03 19:13:30 - game.core.game - INFO - Position: (298, 252) -> (295, 252), Änderung: (-3, 0)
2025-04-03 19:13:30 - game.core.game - INFO - Eingaben: {'left': True}, Bewegung: (-1, 0)
2025-04-03 19:13:30 - game.core.game - INFO - Position: (295, 252) -> (292, 252), Änderung: (-3, 0)
2025-04-03 19:13:30 - game.core.game - INFO - Eingaben: {'left': True}, Bewegung: (-1, 0)
2025-04-03 19:13:30 - game.core.game - INFO - Position: (292, 252) -> (289, 252), Änderung: (-3, 0)
2025-04-03 19:13:30 - game.core.game - INFO - Eingaben: {'left': True}, Bewegung: (-1, 0)
2025-04-03 19:13:30 - game.core.game - INFO - Position: (289, 252) -> (286, 252), Änderung: (-3, 0)
2025-04-03 19:13:30 - game.core.game - INFO - Eingaben: {'down': True}, Bewegung: (0, 1)
2025-04-03 19:13:30 - game.core.game - INFO - Position: (286, 252) -> (286, 255), Änderung: (0, 3)
2025-04-03 19:13:30 - game.core.game - INFO - Eingaben: {'down': True}, Bewegung: (0, 1)
2025-04-03 19:13:30 - game.core.game - INFO - Position: (286, 255) -> (286, 258), Änderung: (0, 3)
2025-04-03 19:13:30 - game.core.game - INFO - Eingaben: {'down': True}, Bewegung: (0, 1)
2025-04-03 19:13:30 - game.core.game - INFO - Position: (286, 258) -> (286, 261), Änderung: (0, 3)
2025-04-03 19:13:30 - game.core.game - INFO - Eingaben: {'down': True}, Bewegung: (0, 1)
2025-04-03 19:13:30 - game.core.game - INFO - Position: (286, 261) -> (286, 264), Änderung: (0, 3)
2025-04-03 19:13:30 - game.core.game - INFO - Eingaben: {'right': True}, Bewegung: (1, 0)
2025-04-03 19:13:30 - game.core.game - INFO - Position: (286, 264) -> (289, 264), Änderung: (3, 0)
2025-04-03 19:13:30 - game.core.game - INFO - Eingaben: {'right': True}, Bewegung: (1, 0)
2025-04-03 19:13:30 - game.core.game - INFO - Position: (289, 264) -> (292, 264), Änderung: (3, 0)
2025-04-03 19:13:30 - game.core.game - INFO - Eingaben: {'right': True}, Bewegung: (1, 0)
2025-04-03 19:13:30 - game.core.game - INFO - Position: (292, 264) -> (295, 264), Änderung: (3, 0)
2025-04-03 19:13:30 - game.core.game - INFO - Eingaben: {'right': True}, Bewegung: (1, 0)
2025-04-03 19:13:30 - game.core.game - INFO - Position: (295, 264) -> (298, 264), Änderung: (3, 0)
2025-04-03 19:13:30 - game.core.game - INFO - Eingaben: {'right': True}, Bewegung: (1, 0)
2025-04-03 19:13:30 - game.core.game - INFO - Position: (298, 264) -> (301, 264), Änderung: (3, 0)
2025-04-03 19:13:30 - game.core.game - INFO - Eingaben: {'right': True}, Bewegung: (1, 0)
2025-04-03 19:13:30 - game.core.game - INFO - Position: (301, 264) -> (304, 264), Änderung: (3, 0)
2025-04-03 19:13:30 - game.core.game - INFO - Eingaben: {'right': True}, Bewegung: (1, 0)
2025-04-03 19:13:30 - game.core.game - INFO - Position: (304, 264) -> (307, 264), Änderung: (3, 0)
2025-04-03 19:13:30 - game.core.game - INFO - Eingaben: {'up': True}, Bewegung: (0, -1)
2025-04-03 19:13:30 - game.core.game - INFO - Position: (307, 264) -> (307, 261), Änderung: (0, -3)
2025-04-03 19:13:30 - game.core.game - INFO - Eingaben: {'up': True}, Bewegung: (0, -1)
2025-04-03 19:13:30 - game.core.game - INFO - Position: (307, 261) -> (307, 258), Änderung: (0, -3)
2025-04-03 19:13:30 - game.core.game - INFO - Eingaben: {'up': True}, Bewegung: (0, -1)
2025-04-03 19:13:30 - game.core.game - INFO - Position: (307, 258) -> (307, 255), Änderung: (0, -3)
2025-04-03 19:13:30 - game.core.game - INFO - Eingaben: {'up': True}, Bewegung: (0, -1)
2025-04-03 19:13:30 - game.core.game - INFO - Position: (307, 255) -> (307, 252), Änderung: (0, -3)
2025-04-03 19:13:30 - game.core.game - INFO - Eingaben: {'camera_up': True, 'camera_right': True}, Bewegung: (0, 0)
2025-04-03 19:13:30 - game.core.game - INFO - Eingaben: {'camera_up': True, 'camera_right': True}, Bewegung: (0, 0)
2025-04-03 19:13:30 - game.core.game - INFO - Eingaben: {'camera_up': True, 'camera_right': True}, Bewegung: (0, 0)
2025-04-03 19:13:30 - game.core.game - INFO - Eingaben: {'camera_up': True, 'camera_right': True}, Bewegung: (0, 0)
2025-04-03 19:13:30 - game.core.game - INFO - Eingaben: {'camera_up': True, 'camera_right': True}, Bewegung: (0, 0)
2025-04-03 19:13:30 - game.core.game - INFO - Eingaben: {'camera_up': True, 'camera_right': True}, Bewegung: (0, 0)
2025-04-03 19:13:30 - game.core.game - INFO - Eingaben: {'camera_up': True, 'camera_right': True}, Bewegung: (0, 0)
2025-04-03 19:13:30 - game.core.game - INFO - Eingaben: {'camera_up': True, 'camera_right': True}, Bewegung: (0, 0)
2025-04-03 19:13:30 - game.core.game - INFO - Eingaben: {'camera_up': True, 'camera_right': True}, Bewegung: (0, 0)
2025-04-03 19:13:30 - game.core.game - INFO - Eingaben: {'camera_up': True, 'camera_right': True}, Bewegung: (0, 0)
2025-04-03 19:13:30 - game.core.game - INFO - Eingaben: {'camera_up': True}, Bewegung: (0, 0)
2025-04-03 19:13:30 - game.core.game - INFO - Eingaben: {'camera_up': True}, Bewegung: (0, 0)
2025-04-03 19:13:30 - game.core.game - INFO - Eingaben: {'camera_up': True, 'camera_left': True}, Bewegung: (0, 0)
2025-04-03 19:13:31 - game.core.game - INFO - Eingaben: {'camera_up': True, 'camera_left': True}, Bewegung: (0, 0)
2025-04-03 19:13:31 - game.core.game - INFO - Eingaben: {'camera_up': True, 'camera_left': True}, Bewegung: (0, 0)
2025-04-03 19:13:31 - game.core.game - INFO - Eingaben: {'camera_up': True, 'camera_left': True}, Bewegung: (0, 0)
2025-04-03 19:13:31 - game.core.game - INFO - Eingaben: {'camera_up': True, 'camera_left': True}, Bewegung: (0, 0)
2025-04-03 19:13:31 - game.core.game - INFO - Eingaben: {'camera_left': True}, Bewegung: (0, 0)
2025-04-03 19:13:31 - game.core.game - INFO - Eingaben: {'camera_left': True}, Bewegung: (0, 0)
2025-04-03 19:13:31 - game.core.game - INFO - Eingaben: {'camera_left': True}, Bewegung: (0, 0)
2025-04-03 19:13:31 - game.core.game - INFO - Eingaben: {'camera_down': True, 'camera_left': True}, Bewegung: (0, 0)
2025-04-03 19:13:31 - game.core.game - INFO - Eingaben: {'camera_down': True, 'camera_left': True}, Bewegung: (0, 0)
2025-04-03 19:13:31 - game.core.game - INFO - Eingaben: {'camera_down': True, 'camera_left': True}, Bewegung: (0, 0)
2025-04-03 19:13:31 - game.core.game - INFO - Eingaben: {'camera_down': True}, Bewegung: (0, 0)
2025-04-03 19:13:31 - game.core.game - INFO - Eingaben: {'camera_down': True, 'camera_right': True}, Bewegung: (0, 0)
2025-04-03 19:13:31 - game.core.game - INFO - Eingaben: {'camera_down': True, 'camera_right': True}, Bewegung: (0, 0)
2025-04-03 19:13:31 - game.core.game - INFO - Eingaben: {'camera_down': True, 'camera_right': True}, Bewegung: (0, 0)
2025-04-03 19:13:31 - game.core.game - INFO - Eingaben: {'camera_right': True}, Bewegung: (0, 0)
2025-04-03 19:13:31 - game.core.game - INFO - Eingaben: {'camera_right': True}, Bewegung: (0, 0)
2025-04-03 19:13:31 - game.core.game - INFO - Eingaben: {'camera_right': True}, Bewegung: (0, 0)
2025-04-03 19:13:31 - game.core.game - INFO - Eingaben: {'camera_right': True}, Bewegung: (0, 0)
2025-04-03 19:13:31 - game.core.game - INFO - Eingaben: {'camera_right': True}, Bewegung: (0, 0)
2025-04-03 19:13:31 - game.core.game - INFO - Eingaben: {'camera_up': True, 'camera_right': True}, Bewegung: (0, 0)
2025-04-03 19:13:31 - game.core.game - INFO - Eingaben: {'camera_up': True, 'camera_right': True}, Bewegung: (0, 0)
2025-04-03 19:13:31 - game.core.game - INFO - Eingaben: {'camera_up': True, 'camera_right': True}, Bewegung: (0, 0)
2025-04-03 19:13:31 - game.core.game - INFO - Eingaben: {'camera_up': True}, Bewegung: (0, 0)
2025-04-03 19:13:31 - game.core.game - INFO - Eingaben: {'camera_up': True}, Bewegung: (0, 0)
2025-04-03 19:13:31 - game.core.game - INFO - Eingaben: {'camera_up': True, 'camera_left': True}, Bewegung: (0, 0)
2025-04-03 19:13:31 - game.core.game - INFO - Eingaben: {'camera_up': True, 'camera_left': True}, Bewegung: (0, 0)
2025-04-03 19:13:31 - game.core.game - INFO - Eingaben: {'camera_up': True, 'camera_left': True}, Bewegung: (0, 0)
2025-04-03 19:13:31 - game.core.game - INFO - Eingaben: {'camera_left': True}, Bewegung: (0, 0)
2025-04-03 19:13:31 - game.core.game - INFO - Eingaben: {'camera_left': True}, Bewegung: (0, 0)
2025-04-03 19:13:31 - game.core.game - INFO - Eingaben: {'camera_down': True, 'camera_left': True}, Bewegung: (0, 0)
2025-04-03 19:13:31 - game.core.game - INFO - Eingaben: {'camera_down': True, 'camera_left': True}, Bewegung: (0, 0)
2025-04-03 19:13:31 - game.core.game - INFO - Eingaben: {'camera_down': True, 'camera_left': True}, Bewegung: (0, 0)
2025-04-03 19:13:31 - game.core.game - INFO - Eingaben: {'camera_down': True, 'camera_left': True}, Bewegung: (0, 0)
2025-04-03 19:13:31 - game.core.game - INFO - Eingaben: {'camera_down': True}, Bewegung: (0, 0)
2025-04-03 19:13:31 - game.core.game - INFO - Eingaben: {'camera_right': True}, Bewegung: (0, 0)
2025-04-03 19:13:31 - game.core.game - INFO - Eingaben: {'camera_right': True}, Bewegung: (0, 0)
2025-04-03 19:13:31 - game.core.game - INFO - Eingaben: {'camera_up': True, 'camera_right': True}, Bewegung: (0, 0)
2025-04-03 19:13:31 - game.core.game - INFO - Eingaben: {'camera_up': True, 'camera_right': True}, Bewegung: (0, 0)
2025-04-03 19:13:31 - game.core.game - INFO - Eingaben: {'camera_up': True, 'camera_right': True}, Bewegung: (0, 0)
2025-04-03 19:13:31 - game.core.game - INFO - Eingaben: {'camera_up': True, 'camera_right': True}, Bewegung: (0, 0)
2025-04-03 19:13:31 - game.core.game - INFO - Eingaben: {'camera_up': True, 'camera_right': True}, Bewegung: (0, 0)
2025-04-03 19:13:31 - game.core.game - INFO - Eingaben: {'camera_up': True, 'camera_right': True}, Bewegung: (0, 0)
2025-04-03 19:13:31 - game.core.game - INFO - Eingaben: {'camera_up': True, 'camera_right': True}, Bewegung: (0, 0)
2025-04-03 19:13:31 - game.core.game - INFO - Eingaben: {'camera_up': True, 'camera_right': True}, Bewegung: (0, 0)
2025-04-03 19:13:31 - game.core.game - INFO - Eingaben: {'camera_up': True, 'camera_right': True}, Bewegung: (0, 0)
2025-04-03 19:13:31 - game.core.game - INFO - Eingaben: {'camera_right': True}, Bewegung: (0, 0)
2025-04-03 19:13:31 - game.core.game - INFO - Eingaben: {'camera_right': True}, Bewegung: (0, 0)
2025-04-03 19:13:32 - game.core.game - INFO - Eingaben: {'camera_right': True}, Bewegung: (0, 0)
2025-04-03 19:13:32 - game.core.game - INFO - Eingaben: {'camera_right': True}, Bewegung: (0, 0)
2025-04-03 19:13:32 - game.core.game - INFO - Eingaben: {'camera_right': True}, Bewegung: (0, 0)
2025-04-03 19:13:32 - game.core.game - INFO - Eingaben: {'camera_down': True, 'camera_right': True}, Bewegung: (0, 0)
2025-04-03 19:13:32 - game.core.game - INFO - Eingaben: {'camera_down': True, 'camera_right': True}, Bewegung: (0, 0)
2025-04-03 19:13:32 - game.core.game - INFO - Eingaben: {'camera_down': True, 'camera_right': True}, Bewegung: (0, 0)
2025-04-03 19:13:32 - game.core.game - INFO - Eingaben: {'camera_down': True, 'camera_right': True}, Bewegung: (0, 0)
2025-04-03 19:13:32 - game.core.game - INFO - Eingaben: {'camera_down': True, 'camera_right': True}, Bewegung: (0, 0)
2025-04-03 19:13:32 - game.core.game - INFO - Eingaben: {'camera_down': True}, Bewegung: (0, 0)
2025-04-03 19:13:32 - game.core.game - INFO - Eingaben: {'camera_down': True}, Bewegung: (0, 0)
2025-04-03 19:13:32 - game.core.game - INFO - Eingaben: {'camera_down': True}, Bewegung: (0, 0)
2025-04-03 19:13:32 - game.core.game - INFO - Eingaben: {'camera_down': True}, Bewegung: (0, 0)
2025-04-03 19:13:32 - game.core.game - INFO - Eingaben: {'camera_down': True}, Bewegung: (0, 0)
2025-04-03 19:13:32 - game.core.game - INFO - Eingaben: {'camera_down': True}, Bewegung: (0, 0)
2025-04-03 19:13:32 - game.core.game - INFO - Eingaben: {'camera_down': True}, Bewegung: (0, 0)
2025-04-03 19:13:32 - game.core.game - INFO - Eingaben: {'camera_down': True}, Bewegung: (0, 0)
2025-04-03 19:13:32 - game.core.game - INFO - Eingaben: {'right': True}, Bewegung: (1, 0)
2025-04-03 19:13:32 - game.core.game - INFO - Position: (307, 252) -> (310, 252), Änderung: (3, 0)
2025-04-03 19:13:32 - game.core.game - INFO - Eingaben: {'right': True}, Bewegung: (1, 0)
2025-04-03 19:13:32 - game.core.game - INFO - Position: (310, 252) -> (313, 252), Änderung: (3, 0)
2025-04-03 19:13:32 - game.core.game - INFO - Eingaben: {'right': True}, Bewegung: (1, 0)
2025-04-03 19:13:32 - game.core.game - INFO - Position: (313, 252) -> (316, 252), Änderung: (3, 0)
2025-04-03 19:13:32 - game.core.game - INFO - Eingaben: {'right': True}, Bewegung: (1, 0)
2025-04-03 19:13:32 - game.core.game - INFO - Position: (316, 252) -> (319, 252), Änderung: (3, 0)
2025-04-03 19:13:32 - game.core.game - INFO - Eingaben: {'right': True}, Bewegung: (1, 0)
2025-04-03 19:13:32 - game.core.game - INFO - Position: (319, 252) -> (322, 252), Änderung: (3, 0)
2025-04-03 19:13:32 - game.core.game - INFO - Eingaben: {'right': True}, Bewegung: (1, 0)
2025-04-03 19:13:32 - game.core.game - INFO - Position: (322, 252) -> (325, 252), Änderung: (3, 0)
2025-04-03 19:13:32 - game.core.game - INFO - Eingaben: {'right': True}, Bewegung: (1, 0)
2025-04-03 19:13:32 - game.core.game - INFO - Position: (325, 252) -> (328, 252), Änderung: (3, 0)
2025-04-03 19:13:32 - game.core.game - INFO - Eingaben: {'right': True}, Bewegung: (1, 0)
2025-04-03 19:13:32 - game.core.game - INFO - Position: (328, 252) -> (331, 252), Änderung: (3, 0)
2025-04-03 19:13:32 - game.core.game - INFO - Eingaben: {'right': True}, Bewegung: (1, 0)
2025-04-03 19:13:32 - game.core.game - INFO - Position: (331, 252) -> (334, 252), Änderung: (3, 0)
2025-04-03 19:13:32 - game.core.game - INFO - Eingaben: {'right': True}, Bewegung: (1, 0)
2025-04-03 19:13:32 - game.core.game - INFO - Position: (334, 252) -> (337, 252), Änderung: (3, 0)
2025-04-03 19:13:32 - game.core.game - INFO - Eingaben: {'right': True}, Bewegung: (1, 0)
2025-04-03 19:13:32 - game.core.game - INFO - Position: (337, 252) -> (340, 252), Änderung: (3, 0)
2025-04-03 19:13:32 - game.core.game - INFO - Eingaben: {'right': True}, Bewegung: (1, 0)
2025-04-03 19:13:32 - game.core.game - INFO - Position: (340, 252) -> (343, 252), Änderung: (3, 0)
2025-04-03 19:13:32 - game.core.game - INFO - Eingaben: {'up': True, 'right': True}, Bewegung: (1, -1)
2025-04-03 19:13:32 - game.core.game - INFO - Position: (343, 252) -> (346, 249), Änderung: (3, -3)
2025-04-03 19:13:32 - game.core.game - INFO - Eingaben: {'up': True, 'right': True}, Bewegung: (1, -1)
2025-04-03 19:13:32 - game.core.game - INFO - Position: (346, 249) -> (349, 246), Änderung: (3, -3)
2025-04-03 19:13:32 - game.core.game - INFO - Eingaben: {'up': True, 'right': True}, Bewegung: (1, -1)
2025-04-03 19:13:32 - game.core.game - INFO - Position: (349, 246) -> (352, 243), Änderung: (3, -3)
2025-04-03 19:13:32 - game.core.game - INFO - Eingaben: {'up': True, 'right': True}, Bewegung: (1, -1)
2025-04-03 19:13:32 - game.core.game - INFO - Position: (352, 243) -> (355, 240), Änderung: (3, -3)
2025-04-03 19:13:32 - game.core.game - INFO - Eingaben: {'up': True}, Bewegung: (0, -1)
2025-04-03 19:13:32 - game.core.game - INFO - Position: (355, 240) -> (355, 237), Änderung: (0, -3)
2025-04-03 19:13:32 - game.core.game - INFO - Eingaben: {'up': True}, Bewegung: (0, -1)
2025-04-03 19:13:32 - game.core.game - INFO - Position: (355, 237) -> (355, 234), Änderung: (0, -3)
2025-04-03 19:13:32 - game.core.game - INFO - Eingaben: {'up': True}, Bewegung: (0, -1)
2025-04-03 19:13:32 - game.core.game - INFO - Position: (355, 234) -> (355, 231), Änderung: (0, -3)
2025-04-03 19:13:32 - game.core.game - INFO - Eingaben: {'up': True}, Bewegung: (0, -1)
2025-04-03 19:13:32 - game.core.game - INFO - Position: (355, 231) -> (355, 228), Änderung: (0, -3)
2025-04-03 19:13:32 - game.core.game - INFO - Eingaben: {'up': True}, Bewegung: (0, -1)
2025-04-03 19:13:32 - game.core.game - INFO - Position: (355, 228) -> (355, 225), Änderung: (0, -3)
2025-04-03 19:13:33 - game.core.game - INFO - Eingaben: {'up': True}, Bewegung: (0, -1)
2025-04-03 19:13:33 - game.core.game - INFO - Position: (355, 225) -> (355, 222), Änderung: (0, -3)
2025-04-03 19:13:33 - game.core.game - INFO - Eingaben: {'up': True}, Bewegung: (0, -1)
2025-04-03 19:13:33 - game.core.game - INFO - Position: (355, 222) -> (355, 219), Änderung: (0, -3)
2025-04-03 19:13:33 - game.core.game - INFO - Eingaben: {'up': True}, Bewegung: (0, -1)
2025-04-03 19:13:33 - game.core.game - INFO - Position: (355, 219) -> (355, 216), Änderung: (0, -3)
2025-04-03 19:13:33 - game.core.game - INFO - Eingaben: {'up': True}, Bewegung: (0, -1)
2025-04-03 19:13:33 - game.core.game - INFO - Position: (355, 216) -> (355, 213), Änderung: (0, -3)
2025-04-03 19:13:33 - game.core.game - INFO - Eingaben: {'up': True}, Bewegung: (0, -1)
2025-04-03 19:13:33 - game.core.game - INFO - Position: (355, 213) -> (355, 210), Änderung: (0, -3)
2025-04-03 19:13:33 - game.core.game - INFO - Eingaben: {'up': True}, Bewegung: (0, -1)
2025-04-03 19:13:33 - game.core.game - INFO - Position: (355, 210) -> (355, 207), Änderung: (0, -3)
2025-04-03 19:13:33 - game.core.game - INFO - Eingaben: {'up': True}, Bewegung: (0, -1)
2025-04-03 19:13:33 - game.core.game - INFO - Position: (355, 207) -> (355, 204), Änderung: (0, -3)
2025-04-03 19:13:33 - game.core.game - INFO - Eingaben: {'up': True}, Bewegung: (0, -1)
2025-04-03 19:13:33 - game.core.game - INFO - Position: (355, 204) -> (355, 201), Änderung: (0, -3)
2025-04-03 19:13:33 - game.core.game - INFO - Eingaben: {'up': True}, Bewegung: (0, -1)
2025-04-03 19:13:33 - game.core.game - INFO - Position: (355, 201) -> (355, 198), Änderung: (0, -3)
2025-04-03 19:13:33 - game.core.game - INFO - Eingaben: {'up': True}, Bewegung: (0, -1)
2025-04-03 19:13:33 - game.core.game - INFO - Position: (355, 198) -> (355, 195), Änderung: (0, -3)
2025-04-03 19:13:33 - game.core.game - INFO - Eingaben: {'up': True}, Bewegung: (0, -1)
2025-04-03 19:13:33 - game.core.game - INFO - Position: (355, 195) -> (355, 192), Änderung: (0, -3)
2025-04-03 19:13:33 - game.core.game - INFO - Eingaben: {'up': True}, Bewegung: (0, -1)
2025-04-03 19:13:33 - game.core.game - INFO - Position: (355, 192) -> (355, 189), Änderung: (0, -3)
2025-04-03 19:13:33 - game.core.game - INFO - Eingaben: {'up': True}, Bewegung: (0, -1)
2025-04-03 19:13:33 - game.core.game - INFO - Position: (355, 189) -> (355, 186), Änderung: (0, -3)
2025-04-03 19:13:33 - game.core.game - INFO - Eingaben: {'up': True}, Bewegung: (0, -1)
2025-04-03 19:13:33 - game.core.game - INFO - Position: (355, 186) -> (355, 183), Änderung: (0, -3)
2025-04-03 19:13:33 - game.core.game - INFO - Eingaben: {'up': True}, Bewegung: (0, -1)
2025-04-03 19:13:33 - game.core.game - INFO - Position: (355, 183) -> (355, 180), Änderung: (0, -3)
2025-04-03 19:13:33 - game.core.game - INFO - Eingaben: {'up': True}, Bewegung: (0, -1)
2025-04-03 19:13:33 - game.core.game - INFO - Position: (355, 180) -> (355, 177), Änderung: (0, -3)
2025-04-03 19:13:33 - game.core.game - INFO - Eingaben: {'up': True}, Bewegung: (0, -1)
2025-04-03 19:13:33 - game.core.game - INFO - Position: (355, 177) -> (355, 174), Änderung: (0, -3)
2025-04-03 19:13:33 - game.core.game - INFO - Eingaben: {'up': True}, Bewegung: (0, -1)
2025-04-03 19:13:33 - game.core.game - INFO - Position: (355, 174) -> (355, 171), Änderung: (0, -3)
2025-04-03 19:13:33 - game.core.game - INFO - Eingaben: {'up': True}, Bewegung: (0, -1)
2025-04-03 19:13:33 - game.core.game - INFO - Position: (355, 171) -> (355, 168), Änderung: (0, -3)
2025-04-03 19:13:33 - game.core.game - INFO - Eingaben: {'up': True}, Bewegung: (0, -1)
2025-04-03 19:13:33 - game.core.game - INFO - Position: (355, 168) -> (355, 165), Änderung: (0, -3)
2025-04-03 19:13:33 - game.core.game - INFO - Eingaben: {'up': True}, Bewegung: (0, -1)
2025-04-03 19:13:33 - game.core.game - INFO - Position: (355, 165) -> (355, 162), Änderung: (0, -3)
2025-04-03 19:13:33 - game.core.game - INFO - Eingaben: {'up': True}, Bewegung: (0, -1)
2025-04-03 19:13:33 - game.core.game - INFO - Position: (355, 162) -> (355, 159), Änderung: (0, -3)
2025-04-03 19:13:33 - game.core.game - INFO - Eingaben: {'down': True}, Bewegung: (0, 1)
2025-04-03 19:13:33 - game.core.game - INFO - Position: (355, 159) -> (355, 162), Änderung: (0, 3)
2025-04-03 19:13:33 - game.core.game - INFO - Eingaben: {'down': True}, Bewegung: (0, 1)
2025-04-03 19:13:33 - game.core.game - INFO - Position: (355, 162) -> (355, 165), Änderung: (0, 3)
2025-04-03 19:13:33 - game.core.game - INFO - Eingaben: {'down': True}, Bewegung: (0, 1)
2025-04-03 19:13:33 - game.core.game - INFO - Position: (355, 165) -> (355, 168), Änderung: (0, 3)
2025-04-03 19:13:33 - game.core.game - INFO - Eingaben: {'down': True}, Bewegung: (0, 1)
2025-04-03 19:13:33 - game.core.game - INFO - Position: (355, 168) -> (355, 171), Änderung: (0, 3)
2025-04-03 19:13:33 - game.core.game - INFO - Eingaben: {'down': True}, Bewegung: (0, 1)
2025-04-03 19:13:33 - game.core.game - INFO - Position: (355, 171) -> (355, 174), Änderung: (0, 3)
2025-04-03 19:13:33 - game.core.game - INFO - Eingaben: {'down': True}, Bewegung: (0, 1)
2025-04-03 19:13:33 - game.core.game - INFO - Position: (355, 174) -> (355, 177), Änderung: (0, 3)
2025-04-03 19:13:33 - game.core.game - INFO - Eingaben: {'down': True}, Bewegung: (0, 1)
2025-04-03 19:13:33 - game.core.game - INFO - Position: (355, 177) -> (355, 180), Änderung: (0, 3)
2025-04-03 19:13:34 - game.core.game - INFO - Eingaben: {'down': True}, Bewegung: (0, 1)
2025-04-03 19:13:34 - game.core.game - INFO - Position: (355, 180) -> (355, 183), Änderung: (0, 3)
2025-04-03 19:13:34 - game.core.game - INFO - Eingaben: {'down': True}, Bewegung: (0, 1)
2025-04-03 19:13:34 - game.core.game - INFO - Position: (355, 183) -> (355, 186), Änderung: (0, 3)
2025-04-03 19:13:34 - game.core.game - INFO - Eingaben: {'down': True}, Bewegung: (0, 1)
2025-04-03 19:13:34 - game.core.game - INFO - Position: (355, 186) -> (355, 189), Änderung: (0, 3)
2025-04-03 19:13:34 - game.core.game - INFO - Eingaben: {'down': True}, Bewegung: (0, 1)
2025-04-03 19:13:34 - game.core.game - INFO - Position: (355, 189) -> (355, 192), Änderung: (0, 3)
2025-04-03 19:13:34 - game.core.game - INFO - Eingaben: {'down': True}, Bewegung: (0, 1)
2025-04-03 19:13:34 - game.core.game - INFO - Position: (355, 192) -> (355, 195), Änderung: (0, 3)
2025-04-03 19:13:34 - game.core.game - INFO - Eingaben: {'down': True}, Bewegung: (0, 1)
2025-04-03 19:13:34 - game.core.game - INFO - Position: (355, 195) -> (355, 198), Änderung: (0, 3)
2025-04-03 19:13:34 - game.core.game - INFO - Eingaben: {'down': True}, Bewegung: (0, 1)
2025-04-03 19:13:34 - game.core.game - INFO - Position: (355, 198) -> (355, 201), Änderung: (0, 3)
2025-04-03 19:13:34 - game.core.game - INFO - Eingaben: {'down': True}, Bewegung: (0, 1)
2025-04-03 19:13:34 - game.core.game - INFO - Position: (355, 201) -> (355, 204), Änderung: (0, 3)
2025-04-03 19:13:34 - game.core.game - INFO - Eingaben: {'down': True}, Bewegung: (0, 1)
2025-04-03 19:13:34 - game.core.game - INFO - Position: (355, 204) -> (355, 207), Änderung: (0, 3)
2025-04-03 19:13:34 - game.core.game - INFO - Eingaben: {'down': True}, Bewegung: (0, 1)
2025-04-03 19:13:34 - game.core.game - INFO - Position: (355, 207) -> (355, 210), Änderung: (0, 3)
2025-04-03 19:13:34 - game.core.game - INFO - Eingaben: {'down': True}, Bewegung: (0, 1)
2025-04-03 19:13:34 - game.core.game - INFO - Position: (355, 210) -> (355, 213), Änderung: (0, 3)
2025-04-03 19:13:34 - game.core.game - INFO - Eingaben: {'down': True}, Bewegung: (0, 1)
2025-04-03 19:13:34 - game.core.game - INFO - Position: (355, 213) -> (355, 216), Änderung: (0, 3)
2025-04-03 19:13:34 - game.core.game - INFO - Eingaben: {'down': True}, Bewegung: (0, 1)
2025-04-03 19:13:34 - game.core.game - INFO - Position: (355, 216) -> (355, 219), Änderung: (0, 3)
2025-04-03 19:13:34 - game.core.game - INFO - Eingaben: {'down': True}, Bewegung: (0, 1)
2025-04-03 19:13:34 - game.core.game - INFO - Position: (355, 219) -> (355, 222), Änderung: (0, 3)
2025-04-03 19:13:34 - game.core.game - INFO - Eingaben: {'down': True}, Bewegung: (0, 1)
2025-04-03 19:13:34 - game.core.game - INFO - Position: (355, 222) -> (355, 225), Änderung: (0, 3)
2025-04-03 19:13:34 - game.core.game - INFO - Eingaben: {'down': True}, Bewegung: (0, 1)
2025-04-03 19:13:34 - game.core.game - INFO - Position: (355, 225) -> (355, 228), Änderung: (0, 3)
2025-04-03 19:13:34 - game.core.game - INFO - Eingaben: {'down': True}, Bewegung: (0, 1)
2025-04-03 19:13:34 - game.core.game - INFO - Position: (355, 228) -> (355, 231), Änderung: (0, 3)
2025-04-03 19:13:34 - game.core.game - INFO - Eingaben: {'down': True}, Bewegung: (0, 1)
2025-04-03 19:13:34 - game.core.game - INFO - Position: (355, 231) -> (355, 234), Änderung: (0, 3)
2025-04-03 19:13:34 - game.core.game - INFO - Eingaben: {'down': True}, Bewegung: (0, 1)
2025-04-03 19:13:34 - game.core.game - INFO - Position: (355, 234) -> (355, 237), Änderung: (0, 3)
2025-04-03 19:13:34 - game.core.game - INFO - Eingaben: {'down': True}, Bewegung: (0, 1)
2025-04-03 19:13:34 - game.core.game - INFO - Position: (355, 237) -> (355, 240), Änderung: (0, 3)
2025-04-03 19:13:34 - game.core.game - INFO - Eingaben: {'down': True}, Bewegung: (0, 1)
2025-04-03 19:13:34 - game.core.game - INFO - Position: (355, 240) -> (355, 243), Änderung: (0, 3)
2025-04-03 19:13:34 - game.core.game - INFO - Eingaben: {'down': True}, Bewegung: (0, 1)
2025-04-03 19:13:34 - game.core.game - INFO - Position: (355, 243) -> (355, 246), Änderung: (0, 3)
2025-04-03 19:13:34 - game.core.game - INFO - Eingaben: {'down': True}, Bewegung: (0, 1)
2025-04-03 19:13:34 - game.core.game - INFO - Position: (355, 246) -> (355, 249), Änderung: (0, 3)
2025-04-03 19:13:34 - game.core.game - INFO - Eingaben: {'down': True}, Bewegung: (0, 1)
2025-04-03 19:13:34 - game.core.game - INFO - Position: (355, 249) -> (355, 252), Änderung: (0, 3)
2025-04-03 19:13:34 - game.core.game - INFO - Eingaben: {'down': True}, Bewegung: (0, 1)
2025-04-03 19:13:34 - game.core.game - INFO - Position: (355, 252) -> (355, 255), Änderung: (0, 3)
2025-04-03 19:13:34 - game.core.game - INFO - Eingaben: {'down': True}, Bewegung: (0, 1)
2025-04-03 19:13:34 - game.core.game - INFO - Position: (355, 255) -> (355, 258), Änderung: (0, 3)
2025-04-03 19:13:34 - game.core.game - INFO - Eingaben: {'down': True}, Bewegung: (0, 1)
2025-04-03 19:13:34 - game.core.game - INFO - Position: (355, 258) -> (355, 261), Änderung: (0, 3)
2025-04-03 19:13:34 - game.core.game - INFO - Eingaben: {'down': True}, Bewegung: (0, 1)
2025-04-03 19:13:34 - game.core.game - INFO - Position: (355, 261) -> (355, 264), Änderung: (0, 3)
2025-04-03 19:13:34 - game.core.game - INFO - Eingaben: {'up': True}, Bewegung: (0, -1)
2025-04-03 19:13:34 - game.core.game - INFO - Position: (355, 264) -> (355, 261), Änderung: (0, -3)
2025-04-03 19:13:34 - game.core.game - INFO - Eingaben: {'up': True}, Bewegung: (0, -1)
2025-04-03 19:13:34 - game.core.game - INFO - Position: (355, 261) -> (355, 258), Änderung: (0, -3)
2025-04-03 19:13:34 - game.core.game - INFO - Eingaben: {'up': True}, Bewegung: (0, -1)
2025-04-03 19:13:34 - game.core.game - INFO - Position: (355, 258) -> (355, 255), Änderung: (0, -3)
2025-04-03 19:13:34 - game.core.game - INFO - Eingaben: {'up': True}, Bewegung: (0, -1)
2025-04-03 19:13:34 - game.core.game - INFO - Position: (355, 255) -> (355, 252), Änderung: (0, -3)
2025-04-03 19:13:34 - game.core.game - INFO - Eingaben: {'up': True}, Bewegung: (0, -1)
2025-04-03 19:13:34 - game.core.game - INFO - Position: (355, 252) -> (355, 249), Änderung: (0, -3)
2025-04-03 19:13:34 - game.core.game - INFO - Eingaben: {'up': True}, Bewegung: (0, -1)
2025-04-03 19:13:34 - game.core.game - INFO - Position: (355, 249) -> (355, 246), Änderung: (0, -3)
2025-04-03 19:13:34 - game.core.game - INFO - Eingaben: {'up': True}, Bewegung: (0, -1)
2025-04-03 19:13:34 - game.core.game - INFO - Position: (355, 246) -> (355, 243), Änderung: (0, -3)
2025-04-03 19:13:34 - game.core.game - INFO - Eingaben: {'up': True}, Bewegung: (0, -1)
2025-04-03 19:13:34 - game.core.game - INFO - Position: (355, 243) -> (355, 240), Änderung: (0, -3)
2025-04-03 19:13:34 - game.core.game - INFO - Eingaben: {'up': True}, Bewegung: (0, -1)
2025-04-03 19:13:34 - game.core.game - INFO - Position: (355, 240) -> (355, 237), Änderung: (0, -3)
2025-04-03 19:13:34 - game.core.game - INFO - Eingaben: {'up': True}, Bewegung: (0, -1)
2025-04-03 19:13:34 - game.core.game - INFO - Position: (355, 237) -> (355, 234), Änderung: (0, -3)
2025-04-03 19:13:34 - game.core.game - INFO - Eingaben: {'up': True}, Bewegung: (0, -1)
2025-04-03 19:13:34 - game.core.game - INFO - Position: (355, 234) -> (355, 231), Änderung: (0, -3)
2025-04-03 19:13:34 - game.core.game - INFO - Eingaben: {'up': True}, Bewegung: (0, -1)
2025-04-03 19:13:34 - game.core.game - INFO - Position: (355, 231) -> (355, 228), Änderung: (0, -3)
2025-04-03 19:13:35 - game.core.game - INFO - Eingaben: {'up': True}, Bewegung: (0, -1)
2025-04-03 19:13:35 - game.core.game - INFO - Position: (355, 228) -> (355, 225), Änderung: (0, -3)
2025-04-03 19:13:35 - game.core.game - INFO - Eingaben: {'up': True}, Bewegung: (0, -1)
2025-04-03 19:13:35 - game.core.game - INFO - Position: (355, 225) -> (355, 222), Änderung: (0, -3)
2025-04-03 19:13:35 - game.core.game - INFO - Eingaben: {'up': True}, Bewegung: (0, -1)
2025-04-03 19:13:35 - game.core.game - INFO - Position: (355, 222) -> (355, 219), Änderung: (0, -3)
2025-04-03 19:13:35 - game.core.game - INFO - Eingaben: {'up': True}, Bewegung: (0, -1)
2025-04-03 19:13:35 - game.core.game - INFO - Position: (355, 219) -> (355, 216), Änderung: (0, -3)
2025-04-03 19:13:35 - game.core.game - INFO - Eingaben: {'up': True}, Bewegung: (0, -1)
2025-04-03 19:13:35 - game.core.game - INFO - Position: (355, 216) -> (355, 213), Änderung: (0, -3)
2025-04-03 19:13:35 - game.core.game - INFO - Eingaben: {'up': True}, Bewegung: (0, -1)
2025-04-03 19:13:35 - game.core.game - INFO - Position: (355, 213) -> (355, 210), Änderung: (0, -3)
2025-04-03 19:13:35 - game.core.game - INFO - Eingaben: {'up': True}, Bewegung: (0, -1)
2025-04-03 19:13:35 - game.core.game - INFO - Position: (355, 210) -> (355, 207), Änderung: (0, -3)
2025-04-03 19:13:35 - game.core.game - INFO - Eingaben: {'up': True}, Bewegung: (0, -1)
2025-04-03 19:13:35 - game.core.game - INFO - Position: (355, 207) -> (355, 204), Änderung: (0, -3)
2025-04-03 19:13:35 - game.core.game - INFO - Eingaben: {'up': True}, Bewegung: (0, -1)
2025-04-03 19:13:35 - game.core.game - INFO - Position: (355, 204) -> (355, 201), Änderung: (0, -3)
2025-04-03 19:13:35 - game.core.game - INFO - Eingaben: {'up': True}, Bewegung: (0, -1)
2025-04-03 19:13:35 - game.core.game - INFO - Position: (355, 201) -> (355, 198), Änderung: (0, -3)
2025-04-03 19:13:35 - game.core.game - INFO - Eingaben: {'up': True}, Bewegung: (0, -1)
2025-04-03 19:13:35 - game.core.game - INFO - Position: (355, 198) -> (355, 195), Änderung: (0, -3)
2025-04-03 19:13:35 - game.core.game - INFO - Eingaben: {'up': True}, Bewegung: (0, -1)
2025-04-03 19:13:35 - game.core.game - INFO - Position: (355, 195) -> (355, 192), Änderung: (0, -3)
2025-04-03 19:13:35 - game.core.game - INFO - Eingaben: {'up': True}, Bewegung: (0, -1)
2025-04-03 19:13:35 - game.core.game - INFO - Position: (355, 192) -> (355, 189), Änderung: (0, -3)
2025-04-03 19:13:35 - game.core.game - INFO - Eingaben: {'up': True}, Bewegung: (0, -1)
2025-04-03 19:13:35 - game.core.game - INFO - Position: (355, 189) -> (355, 186), Änderung: (0, -3)
2025-04-03 19:13:35 - game.core.game - INFO - Eingaben: {'up': True}, Bewegung: (0, -1)
2025-04-03 19:13:35 - game.core.game - INFO - Position: (355, 186) -> (355, 183), Änderung: (0, -3)
2025-04-03 19:13:35 - game.core.game - INFO - Eingaben: {'up': True}, Bewegung: (0, -1)
2025-04-03 19:13:35 - game.core.game - INFO - Position: (355, 183) -> (355, 180), Änderung: (0, -3)
2025-04-03 19:13:35 - game.core.game - INFO - Eingaben: {'left': True}, Bewegung: (-1, 0)
2025-04-03 19:13:35 - game.core.game - INFO - Position: (355, 180) -> (352, 180), Änderung: (-3, 0)
2025-04-03 19:13:35 - game.core.game - INFO - Eingaben: {'left': True}, Bewegung: (-1, 0)
2025-04-03 19:13:35 - game.core.game - INFO - Position: (352, 180) -> (349, 180), Änderung: (-3, 0)
2025-04-03 19:13:35 - game.core.game - INFO - Eingaben: {'left': True}, Bewegung: (-1, 0)
2025-04-03 19:13:35 - game.core.game - INFO - Position: (349, 180) -> (346, 180), Änderung: (-3, 0)
2025-04-03 19:13:35 - game.core.game - INFO - Eingaben: {'left': True}, Bewegung: (-1, 0)
2025-04-03 19:13:35 - game.core.game - INFO - Position: (346, 180) -> (343, 180), Änderung: (-3, 0)
2025-04-03 19:13:35 - game.core.game - INFO - Eingaben: {'left': True}, Bewegung: (-1, 0)
2025-04-03 19:13:35 - game.core.game - INFO - Position: (343, 180) -> (340, 180), Änderung: (-3, 0)
2025-04-03 19:13:35 - game.core.game - INFO - Eingaben: {'left': True}, Bewegung: (-1, 0)
2025-04-03 19:13:35 - game.core.game - INFO - Position: (340, 180) -> (337, 180), Änderung: (-3, 0)
2025-04-03 19:13:35 - game.core.game - INFO - Eingaben: {'left': True}, Bewegung: (-1, 0)
2025-04-03 19:13:35 - game.core.game - INFO - Position: (337, 180) -> (334, 180), Änderung: (-3, 0)
2025-04-03 19:13:35 - game.core.game - INFO - Eingaben: {'left': True}, Bewegung: (-1, 0)
2025-04-03 19:13:35 - game.core.game - INFO - Position: (334, 180) -> (331, 180), Änderung: (-3, 0)
2025-04-03 19:13:35 - game.core.game - INFO - Eingaben: {'left': True}, Bewegung: (-1, 0)
2025-04-03 19:13:35 - game.core.game - INFO - Position: (331, 180) -> (328, 180), Änderung: (-3, 0)
2025-04-03 19:13:35 - game.core.game - INFO - Eingaben: {'left': True}, Bewegung: (-1, 0)
2025-04-03 19:13:35 - game.core.game - INFO - Position: (328, 180) -> (325, 180), Änderung: (-3, 0)
2025-04-03 19:13:35 - game.core.game - INFO - Eingaben: {'left': True}, Bewegung: (-1, 0)
2025-04-03 19:13:35 - game.core.game - INFO - Position: (325, 180) -> (322, 180), Änderung: (-3, 0)
2025-04-03 19:13:35 - game.core.game - INFO - Eingaben: {'left': True}, Bewegung: (-1, 0)
2025-04-03 19:13:35 - game.core.game - INFO - Position: (322, 180) -> (319, 180), Änderung: (-3, 0)
2025-04-03 19:13:35 - game.core.game - INFO - Eingaben: {'left': True}, Bewegung: (-1, 0)
2025-04-03 19:13:35 - game.core.game - INFO - Position: (319, 180) -> (316, 180), Änderung: (-3, 0)
2025-04-03 19:13:35 - game.core.game - INFO - Eingaben: {'left': True}, Bewegung: (-1, 0)
2025-04-03 19:13:35 - game.core.game - INFO - Position: (316, 180) -> (313, 180), Änderung: (-3, 0)
2025-04-03 19:13:35 - game.core.game - INFO - Eingaben: {'left': True}, Bewegung: (-1, 0)
2025-04-03 19:13:35 - game.core.game - INFO - Position: (313, 180) -> (310, 180), Änderung: (-3, 0)
2025-04-03 19:13:35 - game.core.game - INFO - Eingaben: {'left': True}, Bewegung: (-1, 0)
2025-04-03 19:13:35 - game.core.game - INFO - Position: (310, 180) -> (307, 180), Änderung: (-3, 0)
2025-04-03 19:13:35 - game.core.game - INFO - Eingaben: {'left': True}, Bewegung: (-1, 0)
2025-04-03 19:13:35 - game.core.game - INFO - Position: (307, 180) -> (304, 180), Änderung: (-3, 0)
2025-04-03 19:13:35 - game.core.game - INFO - Eingaben: {'left': True}, Bewegung: (-1, 0)
2025-04-03 19:13:35 - game.core.game - INFO - Position: (304, 180) -> (301, 180), Änderung: (-3, 0)
2025-04-03 19:13:35 - game.core.game - INFO - Eingaben: {'left': True}, Bewegung: (-1, 0)
2025-04-03 19:13:35 - game.core.game - INFO - Position: (301, 180) -> (298, 180), Änderung: (-3, 0)
2025-04-03 19:13:35 - game.core.game - INFO - Eingaben: {'left': True}, Bewegung: (-1, 0)
2025-04-03 19:13:35 - game.core.game - INFO - Position: (298, 180) -> (295, 180), Änderung: (-3, 0)
2025-04-03 19:13:35 - game.core.game - INFO - Eingaben: {'left': True}, Bewegung: (-1, 0)
2025-04-03 19:13:35 - game.core.game - INFO - Position: (295, 180) -> (292, 180), Änderung: (-3, 0)
2025-04-03 19:13:35 - game.core.game - INFO - Eingaben: {'right': True}, Bewegung: (1, 0)
2025-04-03 19:13:35 - game.core.game - INFO - Position: (292, 180) -> (295, 180), Änderung: (3, 0)
2025-04-03 19:13:35 - game.core.game - INFO - Eingaben: {'right': True}, Bewegung: (1, 0)
2025-04-03 19:13:35 - game.core.game - INFO - Position: (295, 180) -> (298, 180), Änderung: (3, 0)
2025-04-03 19:13:35 - game.core.game - INFO - Eingaben: {'right': True}, Bewegung: (1, 0)
2025-04-03 19:13:35 - game.core.game - INFO - Position: (298, 180) -> (301, 180), Änderung: (3, 0)
2025-04-03 19:13:35 - game.core.game - INFO - Eingaben: {'right': True}, Bewegung: (1, 0)
2025-04-03 19:13:35 - game.core.game - INFO - Position: (301, 180) -> (304, 180), Änderung: (3, 0)
2025-04-03 19:13:35 - game.core.game - INFO - Eingaben: {'right': True}, Bewegung: (1, 0)
2025-04-03 19:13:35 - game.core.game - INFO - Position: (304, 180) -> (307, 180), Änderung: (3, 0)
2025-04-03 19:13:35 - game.core.game - INFO - Eingaben: {'right': True}, Bewegung: (1, 0)
2025-04-03 19:13:35 - game.core.game - INFO - Position: (307, 180) -> (310, 180), Änderung: (3, 0)
2025-04-03 19:13:35 - game.core.game - INFO - Eingaben: {'right': True}, Bewegung: (1, 0)
2025-04-03 19:13:35 - game.core.game - INFO - Position: (310, 180) -> (313, 180), Änderung: (3, 0)
2025-04-03 19:13:35 - game.core.game - INFO - Eingaben: {'right': True}, Bewegung: (1, 0)
2025-04-03 19:13:35 - game.core.game - INFO - Position: (313, 180) -> (316, 180), Änderung: (3, 0)
2025-04-03 19:13:35 - game.core.game - INFO - Eingaben: {'right': True}, Bewegung: (1, 0)
2025-04-03 19:13:35 - game.core.game - INFO - Position: (316, 180) -> (319, 180), Änderung: (3, 0)
2025-04-03 19:13:35 - game.core.game - INFO - Eingaben: {'right': True}, Bewegung: (1, 0)
2025-04-03 19:13:35 - game.core.game - INFO - Position: (319, 180) -> (322, 180), Änderung: (3, 0)
2025-04-03 19:13:35 - game.core.game - INFO - Eingaben: {'right': True}, Bewegung: (1, 0)
2025-04-03 19:13:35 - game.core.game - INFO - Position: (322, 180) -> (325, 180), Änderung: (3, 0)
2025-04-03 19:13:35 - game.core.game - INFO - Eingaben: {'right': True}, Bewegung: (1, 0)
2025-04-03 19:13:35 - game.core.game - INFO - Position: (325, 180) -> (328, 180), Änderung: (3, 0)
2025-04-03 19:13:35 - game.core.game - INFO - Eingaben: {'right': True}, Bewegung: (1, 0)
2025-04-03 19:13:35 - game.core.game - INFO - Position: (328, 180) -> (331, 180), Änderung: (3, 0)
2025-04-03 19:13:36 - game.core.game - INFO - Eingaben: {'right': True}, Bewegung: (1, 0)
2025-04-03 19:13:36 - game.core.game - INFO - Position: (331, 180) -> (334, 180), Änderung: (3, 0)
2025-04-03 19:13:36 - game.core.game - INFO - Eingaben: {'right': True}, Bewegung: (1, 0)
2025-04-03 19:13:36 - game.core.game - INFO - Position: (334, 180) -> (337, 180), Änderung: (3, 0)
2025-04-03 19:13:36 - game.core.game - INFO - Eingaben: {'right': True}, Bewegung: (1, 0)
2025-04-03 19:13:36 - game.core.game - INFO - Position: (337, 180) -> (340, 180), Änderung: (3, 0)
2025-04-03 19:13:36 - game.core.game - INFO - Eingaben: {'right': True}, Bewegung: (1, 0)
2025-04-03 19:13:36 - game.core.game - INFO - Position: (340, 180) -> (343, 180), Änderung: (3, 0)
2025-04-03 19:13:36 - game.core.game - INFO - Eingaben: {'right': True}, Bewegung: (1, 0)
2025-04-03 19:13:36 - game.core.game - INFO - Position: (343, 180) -> (346, 180), Änderung: (3, 0)
2025-04-03 19:13:36 - game.core.game - INFO - Eingaben: {'right': True}, Bewegung: (1, 0)
2025-04-03 19:13:36 - game.core.game - INFO - Position: (346, 180) -> (349, 180), Änderung: (3, 0)
2025-04-03 19:13:36 - game.core.game - INFO - Eingaben: {'right': True}, Bewegung: (1, 0)
2025-04-03 19:13:36 - game.core.game - INFO - Position: (349, 180) -> (352, 180), Änderung: (3, 0)
2025-04-03 19:13:36 - game.core.game - INFO - Eingaben: {'down': True, 'right': True}, Bewegung: (1, 1)
2025-04-03 19:13:36 - game.core.game - INFO - Position: (352, 180) -> (355, 183), Änderung: (3, 3)
2025-04-03 19:13:36 - game.core.game - INFO - Eingaben: {'down': True, 'right': True}, Bewegung: (1, 1)
2025-04-03 19:13:36 - game.core.game - INFO - Position: (355, 183) -> (358, 186), Änderung: (3, 3)
2025-04-03 19:13:36 - game.core.game - INFO - Eingaben: {'down': True}, Bewegung: (0, 1)
2025-04-03 19:13:36 - game.core.game - INFO - Position: (358, 186) -> (358, 189), Änderung: (0, 3)
2025-04-03 19:13:36 - game.core.game - INFO - Eingaben: {'down': True}, Bewegung: (0, 1)
2025-04-03 19:13:36 - game.core.game - INFO - Position: (358, 189) -> (358, 192), Änderung: (0, 3)
2025-04-03 19:13:36 - game.core.game - INFO - Eingaben: {'down': True}, Bewegung: (0, 1)
2025-04-03 19:13:36 - game.core.game - INFO - Position: (358, 192) -> (358, 195), Änderung: (0, 3)
2025-04-03 19:13:36 - game.core.game - INFO - Eingaben: {'down': True}, Bewegung: (0, 1)
2025-04-03 19:13:36 - game.core.game - INFO - Position: (358, 195) -> (358, 198), Änderung: (0, 3)
2025-04-03 19:13:36 - game.core.game - INFO - Eingaben: {'down': True}, Bewegung: (0, 1)
2025-04-03 19:13:36 - game.core.game - INFO - Position: (358, 198) -> (358, 201), Änderung: (0, 3)
2025-04-03 19:13:36 - game.core.game - INFO - Eingaben: {'down': True}, Bewegung: (0, 1)
2025-04-03 19:13:36 - game.core.game - INFO - Position: (358, 201) -> (358, 204), Änderung: (0, 3)
2025-04-03 19:13:36 - game.core.game - INFO - Eingaben: {'down': True}, Bewegung: (0, 1)
2025-04-03 19:13:36 - game.core.game - INFO - Position: (358, 204) -> (358, 207), Änderung: (0, 3)
2025-04-03 19:13:36 - game.core.game - INFO - Eingaben: {'down': True}, Bewegung: (0, 1)
2025-04-03 19:13:36 - game.core.game - INFO - Position: (358, 207) -> (358, 210), Änderung: (0, 3)
2025-04-03 19:13:36 - game.core.game - INFO - Eingaben: {'down': True}, Bewegung: (0, 1)
2025-04-03 19:13:36 - game.core.game - INFO - Position: (358, 210) -> (358, 213), Änderung: (0, 3)
2025-04-03 19:13:36 - game.core.game - INFO - Eingaben: {'down': True}, Bewegung: (0, 1)
2025-04-03 19:13:36 - game.core.game - INFO - Position: (358, 213) -> (358, 216), Änderung: (0, 3)
2025-04-03 19:13:36 - game.core.game - INFO - Eingaben: {'down': True}, Bewegung: (0, 1)
2025-04-03 19:13:36 - game.core.game - INFO - Position: (358, 216) -> (358, 219), Änderung: (0, 3)
2025-04-03 19:13:36 - game.core.game - INFO - Eingaben: {'down': True}, Bewegung: (0, 1)
2025-04-03 19:13:36 - game.core.game - INFO - Position: (358, 219) -> (358, 222), Änderung: (0, 3)
2025-04-03 19:13:36 - game.core.game - INFO - Eingaben: {'down': True}, Bewegung: (0, 1)
2025-04-03 19:13:36 - game.core.game - INFO - Position: (358, 222) -> (358, 225), Änderung: (0, 3)
2025-04-03 19:13:36 - game.core.game - INFO - Eingaben: {'down': True}, Bewegung: (0, 1)
2025-04-03 19:13:36 - game.core.game - INFO - Position: (358, 225) -> (358, 228), Änderung: (0, 3)
2025-04-03 19:13:36 - game.core.game - INFO - Eingaben: {'down': True}, Bewegung: (0, 1)
2025-04-03 19:13:36 - game.core.game - INFO - Position: (358, 228) -> (358, 231), Änderung: (0, 3)
2025-04-03 19:13:36 - game.core.game - INFO - Eingaben: {'up': True}, Bewegung: (0, -1)
2025-04-03 19:13:36 - game.core.game - INFO - Position: (358, 231) -> (358, 228), Änderung: (0, -3)
2025-04-03 19:13:36 - game.core.game - INFO - Eingaben: {'up': True}, Bewegung: (0, -1)
2025-04-03 19:13:36 - game.core.game - INFO - Position: (358, 228) -> (358, 225), Änderung: (0, -3)
2025-04-03 19:13:36 - game.core.game - INFO - Eingaben: {'up': True}, Bewegung: (0, -1)
2025-04-03 19:13:36 - game.core.game - INFO - Position: (358, 225) -> (358, 222), Änderung: (0, -3)
2025-04-03 19:13:36 - game.core.game - INFO - Eingaben: {'up': True}, Bewegung: (0, -1)
2025-04-03 19:13:36 - game.core.game - INFO - Position: (358, 222) -> (358, 219), Änderung: (0, -3)
2025-04-03 19:13:36 - game.core.game - INFO - Eingaben: {'up': True}, Bewegung: (0, -1)
2025-04-03 19:13:36 - game.core.game - INFO - Position: (358, 219) -> (358, 216), Änderung: (0, -3)
2025-04-03 19:13:36 - game.core.game - INFO - Eingaben: {'up': True}, Bewegung: (0, -1)
2025-04-03 19:13:36 - game.core.game - INFO - Position: (358, 216) -> (358, 213), Änderung: (0, -3)
2025-04-03 19:13:36 - game.core.game - INFO - Eingaben: {'up': True}, Bewegung: (0, -1)
2025-04-03 19:13:36 - game.core.game - INFO - Position: (358, 213) -> (358, 210), Änderung: (0, -3)
2025-04-03 19:13:36 - game.core.game - INFO - Eingaben: {'up': True}, Bewegung: (0, -1)
2025-04-03 19:13:36 - game.core.game - INFO - Position: (358, 210) -> (358, 207), Änderung: (0, -3)
2025-04-03 19:13:36 - game.core.game - INFO - Eingaben: {'up': True}, Bewegung: (0, -1)
2025-04-03 19:13:36 - game.core.game - INFO - Position: (358, 207) -> (358, 204), Änderung: (0, -3)
2025-04-03 19:13:36 - game.core.game - INFO - Eingaben: {'up': True}, Bewegung: (0, -1)
2025-04-03 19:13:36 - game.core.game - INFO - Position: (358, 204) -> (358, 201), Änderung: (0, -3)
2025-04-03 19:13:36 - game.core.game - INFO - Eingaben: {'up': True}, Bewegung: (0, -1)
2025-04-03 19:13:36 - game.core.game - INFO - Position: (358, 201) -> (358, 198), Änderung: (0, -3)
2025-04-03 19:13:36 - game.core.game - INFO - Eingaben: {'up': True, 'left': True}, Bewegung: (-1, -1)
2025-04-03 19:13:36 - game.core.game - INFO - Position: (358, 198) -> (355, 195), Änderung: (-3, -3)
2025-04-03 19:13:36 - game.core.game - INFO - Eingaben: {'left': True}, Bewegung: (-1, 0)
2025-04-03 19:13:36 - game.core.game - INFO - Position: (355, 195) -> (352, 195), Änderung: (-3, 0)
2025-04-03 19:13:36 - game.core.game - INFO - Eingaben: {'left': True}, Bewegung: (-1, 0)
2025-04-03 19:13:36 - game.core.game - INFO - Position: (352, 195) -> (349, 195), Änderung: (-3, 0)
2025-04-03 19:13:36 - game.core.game - INFO - Eingaben: {'left': True}, Bewegung: (-1, 0)
2025-04-03 19:13:36 - game.core.game - INFO - Position: (349, 195) -> (346, 195), Änderung: (-3, 0)
2025-04-03 19:13:36 - game.core.game - INFO - Eingaben: {'left': True}, Bewegung: (-1, 0)
2025-04-03 19:13:36 - game.core.game - INFO - Position: (346, 195) -> (343, 195), Änderung: (-3, 0)
2025-04-03 19:13:36 - game.core.game - INFO - Eingaben: {'left': True}, Bewegung: (-1, 0)
2025-04-03 19:13:36 - game.core.game - INFO - Position: (343, 195) -> (340, 195), Änderung: (-3, 0)
2025-04-03 19:13:36 - game.core.game - INFO - Eingaben: {'left': True}, Bewegung: (-1, 0)
2025-04-03 19:13:36 - game.core.game - INFO - Position: (340, 195) -> (337, 195), Änderung: (-3, 0)
2025-04-03 19:18:09 - __main__ - INFO - Starting PokeTogether
2025-04-03 19:18:09 - game.core.game - INFO - Initializing game
2025-04-03 19:18:09 - game.core.input_handler - INFO - Initialisiere Input-Handler
2025-04-03 19:18:09 - game.core.input_handler - INFO - Controller gefunden: Xbox 360 Controller
2025-04-03 19:18:09 - game.core.input_handler - INFO - Controller gefunden: Xbox 360 Controller
2025-04-03 19:18:09 - game.entities.player - INFO - Creating player 'Red' at position (400, 300)
2025-04-03 19:18:09 - game.core.camera - INFO - Creating camera with size 800x600, map size 1600x1200
2025-04-03 19:18:09 - game.core.game - INFO - Game initialized
2025-04-03 19:18:09 - game.core.game - INFO - Starting game loop
2025-04-03 19:18:09 - game.core.game - INFO - Loading resources
2025-04-03 19:18:09 - game.core.game - INFO - Resources loaded
2025-04-03 19:18:09 - game.core.input_handler - INFO - Controller gefunden: Xbox 360 Controller
2025-04-03 19:18:09 - game.core.input_handler - INFO - Controller gefunden: Xbox 360 Controller
2025-04-03 19:18:09 - game.core.input_handler - INFO - Controller gefunden: Xbox 360 Controller
2025-04-03 19:18:09 - game.core.input_handler - INFO - Controller gefunden: Xbox 360 Controller
2025-04-03 19:18:21 - game.core.game - INFO - Spiel gestartet
2025-04-03 19:18:21 - game.core.game - INFO - Eingaben: {'action': True}, Bewegung: (0, 0)
2025-04-03 19:18:21 - game.core.game - INFO - Eingaben: {'action': True}, Bewegung: (0, 0)
2025-04-03 19:18:21 - game.core.game - INFO - Eingaben: {'action': True}, Bewegung: (0, 0)
2025-04-03 19:18:21 - game.core.game - INFO - Eingaben: {'action': True}, Bewegung: (0, 0)
2025-04-03 19:18:21 - game.core.game - INFO - Eingaben: {'action': True}, Bewegung: (0, 0)
2025-04-03 19:18:23 - game.core.game - INFO - Eingaben: {'up': True}, Bewegung: (0, -1)
2025-04-03 19:18:23 - game.core.game - INFO - Position: (400, 300) -> (400, 297), Änderung: (0, -3)
2025-04-03 19:18:23 - game.core.game - INFO - Eingaben: {'up': True}, Bewegung: (0, -1)
2025-04-03 19:18:23 - game.core.game - INFO - Position: (400, 297) -> (400, 294), Änderung: (0, -3)
2025-04-03 19:18:23 - game.core.game - INFO - Eingaben: {'up': True}, Bewegung: (0, -1)
2025-04-03 19:18:23 - game.core.game - INFO - Position: (400, 294) -> (400, 291), Änderung: (0, -3)
2025-04-03 19:18:23 - game.core.game - INFO - Eingaben: {'up': True}, Bewegung: (0, -1)
2025-04-03 19:18:23 - game.core.game - INFO - Position: (400, 291) -> (400, 288), Änderung: (0, -3)
2025-04-03 19:18:23 - game.core.game - INFO - Eingaben: {'up': True}, Bewegung: (0, -1)
2025-04-03 19:18:23 - game.core.game - INFO - Position: (400, 288) -> (400, 285), Änderung: (0, -3)
2025-04-03 19:18:23 - game.core.game - INFO - Eingaben: {'up': True}, Bewegung: (0, -1)
2025-04-03 19:18:23 - game.core.game - INFO - Position: (400, 285) -> (400, 282), Änderung: (0, -3)
2025-04-03 19:18:23 - game.core.game - INFO - Eingaben: {'up': True}, Bewegung: (0, -1)
2025-04-03 19:18:23 - game.core.game - INFO - Position: (400, 282) -> (400, 279), Änderung: (0, -3)
2025-04-03 19:18:23 - game.core.game - INFO - Eingaben: {'up': True}, Bewegung: (0, -1)
2025-04-03 19:18:23 - game.core.game - INFO - Position: (400, 279) -> (400, 276), Änderung: (0, -3)
2025-04-03 19:18:23 - game.core.game - INFO - Eingaben: {'up': True}, Bewegung: (0, -1)
2025-04-03 19:18:23 - game.core.game - INFO - Position: (400, 276) -> (400, 273), Änderung: (0, -3)
2025-04-03 19:18:23 - game.core.game - INFO - Eingaben: {'up': True}, Bewegung: (0, -1)
2025-04-03 19:18:23 - game.core.game - INFO - Position: (400, 273) -> (400, 270), Änderung: (0, -3)
2025-04-03 19:18:23 - game.core.game - INFO - Eingaben: {'up': True}, Bewegung: (0, -1)
2025-04-03 19:18:23 - game.core.game - INFO - Position: (400, 270) -> (400, 267), Änderung: (0, -3)
2025-04-03 19:18:23 - game.core.game - INFO - Eingaben: {'up': True}, Bewegung: (0, -1)
2025-04-03 19:18:23 - game.core.game - INFO - Position: (400, 267) -> (400, 264), Änderung: (0, -3)
2025-04-03 19:18:23 - game.core.game - INFO - Eingaben: {'up': True}, Bewegung: (0, -1)
2025-04-03 19:18:23 - game.core.game - INFO - Position: (400, 264) -> (400, 261), Änderung: (0, -3)
2025-04-03 19:18:23 - game.core.game - INFO - Eingaben: {'up': True}, Bewegung: (0, -1)
2025-04-03 19:18:23 - game.core.game - INFO - Position: (400, 261) -> (400, 258), Änderung: (0, -3)
2025-04-03 19:18:23 - game.core.game - INFO - Eingaben: {'up': True}, Bewegung: (0, -1)
2025-04-03 19:18:23 - game.core.game - INFO - Position: (400, 258) -> (400, 255), Änderung: (0, -3)
2025-04-03 19:18:23 - game.core.game - INFO - Eingaben: {'up': True}, Bewegung: (0, -1)
2025-04-03 19:18:23 - game.core.game - INFO - Position: (400, 255) -> (400, 252), Änderung: (0, -3)
2025-04-03 19:18:23 - game.core.game - INFO - Eingaben: {'up': True}, Bewegung: (0, -1)
2025-04-03 19:18:23 - game.core.game - INFO - Position: (400, 252) -> (400, 249), Änderung: (0, -3)
2025-04-03 19:18:23 - game.core.game - INFO - Eingaben: {'up': True}, Bewegung: (0, -1)
2025-04-03 19:18:23 - game.core.game - INFO - Position: (400, 249) -> (400, 246), Änderung: (0, -3)
2025-04-03 19:18:23 - game.core.game - INFO - Eingaben: {'up': True}, Bewegung: (0, -1)
2025-04-03 19:18:23 - game.core.game - INFO - Position: (400, 246) -> (400, 243), Änderung: (0, -3)
2025-04-03 19:18:23 - game.core.game - INFO - Eingaben: {'up': True}, Bewegung: (0, -1)
2025-04-03 19:18:23 - game.core.game - INFO - Position: (400, 243) -> (400, 240), Änderung: (0, -3)
2025-04-03 19:18:23 - game.core.game - INFO - Eingaben: {'up': True}, Bewegung: (0, -1)
2025-04-03 19:18:23 - game.core.game - INFO - Position: (400, 240) -> (400, 237), Änderung: (0, -3)
2025-04-03 19:18:23 - game.core.game - INFO - Eingaben: {'up': True}, Bewegung: (0, -1)
2025-04-03 19:18:23 - game.core.game - INFO - Position: (400, 237) -> (400, 234), Änderung: (0, -3)
2025-04-03 19:18:23 - game.core.game - INFO - Eingaben: {'up': True}, Bewegung: (0, -1)
2025-04-03 19:18:23 - game.core.game - INFO - Position: (400, 234) -> (400, 231), Änderung: (0, -3)
2025-04-03 19:18:23 - game.core.game - INFO - Eingaben: {'up': True}, Bewegung: (0, -1)
2025-04-03 19:18:23 - game.core.game - INFO - Position: (400, 231) -> (400, 228), Änderung: (0, -3)
2025-04-03 19:18:23 - game.core.game - INFO - Eingaben: {'up': True}, Bewegung: (0, -1)
2025-04-03 19:18:23 - game.core.game - INFO - Position: (400, 228) -> (400, 225), Änderung: (0, -3)
2025-04-03 19:18:23 - game.core.game - INFO - Eingaben: {'up': True}, Bewegung: (0, -1)
2025-04-03 19:18:23 - game.core.game - INFO - Position: (400, 225) -> (400, 222), Änderung: (0, -3)
2025-04-03 19:18:23 - game.core.game - INFO - Eingaben: {'up': True}, Bewegung: (0, -1)
2025-04-03 19:18:23 - game.core.game - INFO - Position: (400, 222) -> (400, 219), Änderung: (0, -3)
2025-04-03 19:18:23 - game.core.game - INFO - Eingaben: {'up': True}, Bewegung: (0, -1)
2025-04-03 19:18:23 - game.core.game - INFO - Position: (400, 219) -> (400, 216), Änderung: (0, -3)
2025-04-03 19:18:23 - game.core.game - INFO - Eingaben: {'up': True}, Bewegung: (0, -1)
2025-04-03 19:18:23 - game.core.game - INFO - Position: (400, 216) -> (400, 213), Änderung: (0, -3)
2025-04-03 19:18:23 - game.core.game - INFO - Eingaben: {'up': True}, Bewegung: (0, -1)
2025-04-03 19:18:23 - game.core.game - INFO - Position: (400, 213) -> (400, 210), Änderung: (0, -3)
2025-04-03 19:18:23 - game.core.game - INFO - Eingaben: {'up': True}, Bewegung: (0, -1)
2025-04-03 19:18:23 - game.core.game - INFO - Position: (400, 210) -> (400, 207), Änderung: (0, -3)
2025-04-03 19:18:23 - game.core.game - INFO - Eingaben: {'up': True}, Bewegung: (0, -1)
2025-04-03 19:18:23 - game.core.game - INFO - Position: (400, 207) -> (400, 204), Änderung: (0, -3)
2025-04-03 19:18:23 - game.core.game - INFO - Eingaben: {'up': True}, Bewegung: (0, -1)
2025-04-03 19:18:23 - game.core.game - INFO - Position: (400, 204) -> (400, 201), Änderung: (0, -3)
2025-04-03 19:18:23 - game.core.game - INFO - Eingaben: {'up': True}, Bewegung: (0, -1)
2025-04-03 19:18:23 - game.core.game - INFO - Position: (400, 201) -> (400, 198), Änderung: (0, -3)
2025-04-03 19:18:23 - game.core.game - INFO - Eingaben: {'up': True}, Bewegung: (0, -1)
2025-04-03 19:18:23 - game.core.game - INFO - Position: (400, 198) -> (400, 195), Änderung: (0, -3)
2025-04-03 19:18:23 - game.core.game - INFO - Eingaben: {'up': True}, Bewegung: (0, -1)
2025-04-03 19:18:23 - game.core.game - INFO - Position: (400, 195) -> (400, 192), Änderung: (0, -3)
2025-04-03 19:18:23 - game.core.game - INFO - Eingaben: {'up': True, 'left': True}, Bewegung: (-1, -1)
2025-04-03 19:18:23 - game.core.game - INFO - Position: (400, 192) -> (397, 189), Änderung: (-3, -3)
2025-04-03 19:18:23 - game.core.game - INFO - Eingaben: {'up': True, 'left': True}, Bewegung: (-1, -1)
2025-04-03 19:18:23 - game.core.game - INFO - Position: (397, 189) -> (394, 186), Änderung: (-3, -3)
2025-04-03 19:18:23 - game.core.game - INFO - Eingaben: {'up': True, 'left': True}, Bewegung: (-1, -1)
2025-04-03 19:18:23 - game.core.game - INFO - Position: (394, 186) -> (391, 183), Änderung: (-3, -3)
2025-04-03 19:18:23 - game.core.game - INFO - Eingaben: {'up': True, 'left': True}, Bewegung: (-1, -1)
2025-04-03 19:18:23 - game.core.game - INFO - Position: (391, 183) -> (388, 180), Änderung: (-3, -3)
2025-04-03 19:18:23 - game.core.game - INFO - Eingaben: {'up': True, 'left': True}, Bewegung: (-1, -1)
2025-04-03 19:18:23 - game.core.game - INFO - Position: (388, 180) -> (385, 177), Änderung: (-3, -3)
2025-04-03 19:18:23 - game.core.game - INFO - Eingaben: {'left': True}, Bewegung: (-1, 0)
2025-04-03 19:18:23 - game.core.game - INFO - Position: (385, 177) -> (382, 177), Änderung: (-3, 0)
2025-04-03 19:18:23 - game.core.game - INFO - Eingaben: {'left': True}, Bewegung: (-1, 0)
2025-04-03 19:18:23 - game.core.game - INFO - Position: (382, 177) -> (379, 177), Änderung: (-3, 0)
2025-04-03 19:18:23 - game.core.game - INFO - Eingaben: {'left': True}, Bewegung: (-1, 0)
2025-04-03 19:18:23 - game.core.game - INFO - Position: (379, 177) -> (376, 177), Änderung: (-3, 0)
2025-04-03 19:18:23 - game.core.game - INFO - Eingaben: {'left': True}, Bewegung: (-1, 0)
2025-04-03 19:18:23 - game.core.game - INFO - Position: (376, 177) -> (373, 177), Änderung: (-3, 0)
2025-04-03 19:18:23 - game.core.game - INFO - Eingaben: {'left': True}, Bewegung: (-1, 0)
2025-04-03 19:18:23 - game.core.game - INFO - Position: (373, 177) -> (370, 177), Änderung: (-3, 0)
2025-04-03 19:18:23 - game.core.game - INFO - Eingaben: {'left': True}, Bewegung: (-1, 0)
2025-04-03 19:18:23 - game.core.game - INFO - Position: (370, 177) -> (367, 177), Änderung: (-3, 0)
2025-04-03 19:18:23 - game.core.game - INFO - Eingaben: {'left': True}, Bewegung: (-1, 0)
2025-04-03 19:18:23 - game.core.game - INFO - Position: (367, 177) -> (364, 177), Änderung: (-3, 0)
2025-04-03 19:18:23 - game.core.game - INFO - Eingaben: {'left': True}, Bewegung: (-1, 0)
2025-04-03 19:18:23 - game.core.game - INFO - Position: (364, 177) -> (361, 177), Änderung: (-3, 0)
2025-04-03 19:18:23 - game.core.game - INFO - Eingaben: {'down': True, 'left': True}, Bewegung: (-1, 1)
2025-04-03 19:18:23 - game.core.game - INFO - Position: (361, 177) -> (358, 180), Änderung: (-3, 3)
2025-04-03 19:18:24 - game.core.game - INFO - Eingaben: {'down': True, 'left': True}, Bewegung: (-1, 1)
2025-04-03 19:18:24 - game.core.game - INFO - Position: (358, 180) -> (355, 183), Änderung: (-3, 3)
2025-04-03 19:18:24 - game.core.game - INFO - Eingaben: {'down': True, 'left': True}, Bewegung: (-1, 1)
2025-04-03 19:18:24 - game.core.game - INFO - Position: (355, 183) -> (352, 186), Änderung: (-3, 3)
2025-04-03 19:18:24 - game.core.game - INFO - Eingaben: {'down': True, 'left': True}, Bewegung: (-1, 1)
2025-04-03 19:18:24 - game.core.game - INFO - Position: (352, 186) -> (349, 189), Änderung: (-3, 3)
2025-04-03 19:18:24 - game.core.game - INFO - Eingaben: {'down': True, 'left': True}, Bewegung: (-1, 1)
2025-04-03 19:18:24 - game.core.game - INFO - Position: (349, 189) -> (346, 192), Änderung: (-3, 3)
2025-04-03 19:18:24 - game.core.game - INFO - Eingaben: {'down': True, 'left': True}, Bewegung: (-1, 1)
2025-04-03 19:18:24 - game.core.game - INFO - Position: (346, 192) -> (343, 195), Änderung: (-3, 3)
2025-04-03 19:18:24 - game.core.game - INFO - Eingaben: {'down': True, 'left': True}, Bewegung: (-1, 1)
2025-04-03 19:18:24 - game.core.game - INFO - Position: (343, 195) -> (340, 198), Änderung: (-3, 3)
2025-04-03 19:18:24 - game.core.game - INFO - Eingaben: {'down': True, 'left': True}, Bewegung: (-1, 1)
2025-04-03 19:18:24 - game.core.game - INFO - Position: (340, 198) -> (337, 201), Änderung: (-3, 3)
2025-04-03 19:18:24 - game.core.game - INFO - Eingaben: {'down': True, 'left': True}, Bewegung: (-1, 1)
2025-04-03 19:18:24 - game.core.game - INFO - Position: (337, 201) -> (334, 204), Änderung: (-3, 3)
2025-04-03 19:18:24 - game.core.game - INFO - Eingaben: {'down': True, 'left': True}, Bewegung: (-1, 1)
2025-04-03 19:18:24 - game.core.game - INFO - Position: (334, 204) -> (331, 207), Änderung: (-3, 3)
2025-04-03 19:18:24 - game.core.game - INFO - Eingaben: {'down': True, 'left': True}, Bewegung: (-1, 1)
2025-04-03 19:18:24 - game.core.game - INFO - Position: (331, 207) -> (328, 210), Änderung: (-3, 3)
2025-04-03 19:18:24 - game.core.game - INFO - Eingaben: {'down': True, 'left': True}, Bewegung: (-1, 1)
2025-04-03 19:18:24 - game.core.game - INFO - Position: (328, 210) -> (325, 213), Änderung: (-3, 3)
2025-04-03 19:18:24 - game.core.game - INFO - Eingaben: {'down': True, 'left': True}, Bewegung: (-1, 1)
2025-04-03 19:18:24 - game.core.game - INFO - Position: (325, 213) -> (322, 216), Änderung: (-3, 3)
2025-04-03 19:18:24 - game.core.game - INFO - Eingaben: {'down': True, 'left': True}, Bewegung: (-1, 1)
2025-04-03 19:18:24 - game.core.game - INFO - Position: (322, 216) -> (319, 219), Änderung: (-3, 3)
2025-04-03 19:18:24 - game.core.game - INFO - Eingaben: {'down': True, 'left': True}, Bewegung: (-1, 1)
2025-04-03 19:18:24 - game.core.game - INFO - Position: (319, 219) -> (316, 222), Änderung: (-3, 3)
2025-04-03 19:18:24 - game.core.game - INFO - Eingaben: {'down': True, 'left': True}, Bewegung: (-1, 1)
2025-04-03 19:18:24 - game.core.game - INFO - Position: (316, 222) -> (313, 225), Änderung: (-3, 3)
2025-04-03 19:18:24 - game.core.game - INFO - Eingaben: {'down': True, 'left': True}, Bewegung: (-1, 1)
2025-04-03 19:18:24 - game.core.game - INFO - Position: (313, 225) -> (310, 228), Änderung: (-3, 3)
2025-04-03 19:18:24 - game.core.game - INFO - Eingaben: {'down': True, 'left': True}, Bewegung: (-1, 1)
2025-04-03 19:18:24 - game.core.game - INFO - Position: (310, 228) -> (307, 231), Änderung: (-3, 3)
2025-04-03 19:18:24 - game.core.game - INFO - Eingaben: {'down': True, 'left': True}, Bewegung: (-1, 1)
2025-04-03 19:18:24 - game.core.game - INFO - Position: (307, 231) -> (304, 234), Änderung: (-3, 3)
2025-04-03 19:18:24 - game.core.game - INFO - Eingaben: {'down': True, 'left': True}, Bewegung: (-1, 1)
2025-04-03 19:18:24 - game.core.game - INFO - Position: (304, 234) -> (301, 237), Änderung: (-3, 3)
2025-04-03 19:18:24 - game.core.game - INFO - Eingaben: {'down': True, 'left': True}, Bewegung: (-1, 1)
2025-04-03 19:18:24 - game.core.game - INFO - Position: (301, 237) -> (298, 240), Änderung: (-3, 3)
2025-04-03 19:18:24 - game.core.game - INFO - Eingaben: {'down': True}, Bewegung: (0, 1)
2025-04-03 19:18:24 - game.core.game - INFO - Position: (298, 240) -> (298, 243), Änderung: (0, 3)
2025-04-03 19:18:24 - game.core.game - INFO - Eingaben: {'down': True}, Bewegung: (0, 1)
2025-04-03 19:18:24 - game.core.game - INFO - Position: (298, 243) -> (298, 246), Änderung: (0, 3)
2025-04-03 19:18:24 - game.core.game - INFO - Eingaben: {'down': True}, Bewegung: (0, 1)
2025-04-03 19:18:24 - game.core.game - INFO - Position: (298, 246) -> (298, 249), Änderung: (0, 3)
2025-04-03 19:18:24 - game.core.game - INFO - Eingaben: {'down': True, 'right': True}, Bewegung: (1, 1)
2025-04-03 19:18:24 - game.core.game - INFO - Position: (298, 249) -> (301, 252), Änderung: (3, 3)
2025-04-03 19:18:24 - game.core.game - INFO - Eingaben: {'down': True, 'right': True}, Bewegung: (1, 1)
2025-04-03 19:18:24 - game.core.game - INFO - Position: (301, 252) -> (304, 255), Änderung: (3, 3)
2025-04-03 19:18:24 - game.core.game - INFO - Eingaben: {'down': True, 'right': True}, Bewegung: (1, 1)
2025-04-03 19:18:24 - game.core.game - INFO - Position: (304, 255) -> (307, 258), Änderung: (3, 3)
2025-04-03 19:18:24 - game.core.game - INFO - Eingaben: {'down': True, 'right': True}, Bewegung: (1, 1)
2025-04-03 19:18:24 - game.core.game - INFO - Position: (307, 258) -> (310, 261), Änderung: (3, 3)
2025-04-03 19:18:24 - game.core.game - INFO - Eingaben: {'down': True, 'right': True}, Bewegung: (1, 1)
2025-04-03 19:18:24 - game.core.game - INFO - Position: (310, 261) -> (313, 264), Änderung: (3, 3)
2025-04-03 19:18:24 - game.core.game - INFO - Eingaben: {'right': True}, Bewegung: (1, 0)
2025-04-03 19:18:24 - game.core.game - INFO - Position: (313, 264) -> (316, 264), Änderung: (3, 0)
2025-04-03 19:18:24 - game.core.game - INFO - Eingaben: {'right': True}, Bewegung: (1, 0)
2025-04-03 19:18:24 - game.core.game - INFO - Position: (316, 264) -> (319, 264), Änderung: (3, 0)
2025-04-03 19:18:24 - game.core.game - INFO - Eingaben: {'right': True}, Bewegung: (1, 0)
2025-04-03 19:18:24 - game.core.game - INFO - Position: (319, 264) -> (322, 264), Änderung: (3, 0)
2025-04-03 19:18:24 - game.core.game - INFO - Eingaben: {'right': True}, Bewegung: (1, 0)
2025-04-03 19:18:24 - game.core.game - INFO - Position: (322, 264) -> (325, 264), Änderung: (3, 0)
2025-04-03 19:18:24 - game.core.game - INFO - Eingaben: {'up': True, 'right': True}, Bewegung: (1, -1)
2025-04-03 19:18:24 - game.core.game - INFO - Position: (325, 264) -> (328, 261), Änderung: (3, -3)
2025-04-03 19:18:24 - game.core.game - INFO - Eingaben: {'up': True, 'right': True}, Bewegung: (1, -1)
2025-04-03 19:18:24 - game.core.game - INFO - Position: (328, 261) -> (331, 258), Änderung: (3, -3)
2025-04-03 19:18:24 - game.core.game - INFO - Eingaben: {'up': True, 'right': True}, Bewegung: (1, -1)
2025-04-03 19:18:24 - game.core.game - INFO - Position: (331, 258) -> (334, 255), Änderung: (3, -3)
2025-04-03 19:18:24 - game.core.game - INFO - Eingaben: {'up': True, 'right': True}, Bewegung: (1, -1)
2025-04-03 19:18:24 - game.core.game - INFO - Position: (334, 255) -> (337, 252), Änderung: (3, -3)
2025-04-03 19:18:24 - game.core.game - INFO - Eingaben: {'up': True, 'right': True}, Bewegung: (1, -1)
2025-04-03 19:18:24 - game.core.game - INFO - Position: (337, 252) -> (340, 249), Änderung: (3, -3)
2025-04-03 19:18:24 - game.core.game - INFO - Eingaben: {'up': True, 'right': True}, Bewegung: (1, -1)
2025-04-03 19:18:24 - game.core.game - INFO - Position: (340, 249) -> (343, 246), Änderung: (3, -3)
2025-04-03 19:18:24 - game.core.game - INFO - Eingaben: {'up': True, 'right': True}, Bewegung: (1, -1)
2025-04-03 19:18:24 - game.core.game - INFO - Position: (343, 246) -> (346, 243), Änderung: (3, -3)
2025-04-03 19:18:24 - game.core.game - INFO - Eingaben: {'up': True, 'right': True}, Bewegung: (1, -1)
2025-04-03 19:18:24 - game.core.game - INFO - Position: (346, 243) -> (349, 240), Änderung: (3, -3)
2025-04-03 19:18:24 - game.core.game - INFO - Eingaben: {'up': True, 'right': True}, Bewegung: (1, -1)
2025-04-03 19:18:24 - game.core.game - INFO - Position: (349, 240) -> (352, 237), Änderung: (3, -3)
2025-04-03 19:18:24 - game.core.game - INFO - Eingaben: {'up': True, 'right': True}, Bewegung: (1, -1)
2025-04-03 19:18:24 - game.core.game - INFO - Position: (352, 237) -> (355, 234), Änderung: (3, -3)
2025-04-03 19:18:24 - game.core.game - INFO - Eingaben: {'up': True, 'right': True}, Bewegung: (1, -1)
2025-04-03 19:18:24 - game.core.game - INFO - Position: (355, 234) -> (358, 231), Änderung: (3, -3)
2025-04-03 19:18:24 - game.core.game - INFO - Eingaben: {'up': True}, Bewegung: (0, -1)
2025-04-03 19:18:24 - game.core.game - INFO - Position: (358, 231) -> (358, 228), Änderung: (0, -3)
2025-04-03 19:18:24 - game.core.game - INFO - Eingaben: {'up': True}, Bewegung: (0, -1)
2025-04-03 19:18:24 - game.core.game - INFO - Position: (358, 228) -> (358, 225), Änderung: (0, -3)
2025-04-03 19:18:24 - game.core.game - INFO - Eingaben: {'up': True}, Bewegung: (0, -1)
2025-04-03 19:18:24 - game.core.game - INFO - Position: (358, 225) -> (358, 222), Änderung: (0, -3)
2025-04-03 19:18:24 - game.core.game - INFO - Eingaben: {'up': True, 'left': True}, Bewegung: (-1, -1)
2025-04-03 19:18:24 - game.core.game - INFO - Position: (358, 222) -> (355, 219), Änderung: (-3, -3)
2025-04-03 19:18:24 - game.core.game - INFO - Eingaben: {'up': True, 'left': True}, Bewegung: (-1, -1)
2025-04-03 19:18:24 - game.core.game - INFO - Position: (355, 219) -> (352, 216), Änderung: (-3, -3)
2025-04-03 19:18:24 - game.core.game - INFO - Eingaben: {'up': True, 'left': True}, Bewegung: (-1, -1)
2025-04-03 19:18:24 - game.core.game - INFO - Position: (352, 216) -> (349, 213), Änderung: (-3, -3)
2025-04-03 19:18:24 - game.core.game - INFO - Eingaben: {'up': True, 'left': True}, Bewegung: (-1, -1)
2025-04-03 19:18:24 - game.core.game - INFO - Position: (349, 213) -> (346, 210), Änderung: (-3, -3)
2025-04-03 19:18:24 - game.core.game - INFO - Eingaben: {'up': True, 'left': True}, Bewegung: (-1, -1)
2025-04-03 19:18:24 - game.core.game - INFO - Position: (346, 210) -> (343, 207), Änderung: (-3, -3)
2025-04-03 19:18:24 - game.core.game - INFO - Eingaben: {'up': True, 'left': True}, Bewegung: (-1, -1)
2025-04-03 19:18:24 - game.core.game - INFO - Position: (343, 207) -> (340, 204), Änderung: (-3, -3)
2025-04-03 19:18:24 - game.core.game - INFO - Eingaben: {'left': True}, Bewegung: (-1, 0)
2025-04-03 19:18:24 - game.core.game - INFO - Position: (340, 204) -> (337, 204), Änderung: (-3, 0)
2025-04-03 19:18:24 - game.core.game - INFO - Eingaben: {'left': True}, Bewegung: (-1, 0)
2025-04-03 19:18:24 - game.core.game - INFO - Position: (337, 204) -> (334, 204), Änderung: (-3, 0)
2025-04-03 19:18:24 - game.core.game - INFO - Eingaben: {'left': True}, Bewegung: (-1, 0)
2025-04-03 19:18:24 - game.core.game - INFO - Position: (334, 204) -> (331, 204), Änderung: (-3, 0)
2025-04-03 19:18:24 - game.core.game - INFO - Eingaben: {'left': True}, Bewegung: (-1, 0)
2025-04-03 19:18:24 - game.core.game - INFO - Position: (331, 204) -> (328, 204), Änderung: (-3, 0)
2025-04-03 19:18:24 - game.core.game - INFO - Eingaben: {'left': True}, Bewegung: (-1, 0)
2025-04-03 19:18:24 - game.core.game - INFO - Position: (328, 204) -> (325, 204), Änderung: (-3, 0)
2025-04-03 19:18:24 - game.core.game - INFO - Eingaben: {'left': True}, Bewegung: (-1, 0)
2025-04-03 19:18:24 - game.core.game - INFO - Position: (325, 204) -> (322, 204), Änderung: (-3, 0)
2025-04-03 19:18:24 - game.core.game - INFO - Eingaben: {'left': True}, Bewegung: (-1, 0)
2025-04-03 19:18:24 - game.core.game - INFO - Position: (322, 204) -> (319, 204), Änderung: (-3, 0)
2025-04-03 19:18:24 - game.core.game - INFO - Eingaben: {'down': True, 'left': True}, Bewegung: (-1, 1)
2025-04-03 19:18:24 - game.core.game - INFO - Position: (319, 204) -> (316, 207), Änderung: (-3, 3)
2025-04-03 19:18:25 - game.core.game - INFO - Eingaben: {'down': True, 'left': True}, Bewegung: (-1, 1)
2025-04-03 19:18:25 - game.core.game - INFO - Position: (316, 207) -> (313, 210), Änderung: (-3, 3)
2025-04-03 19:18:25 - game.core.game - INFO - Eingaben: {'down': True, 'left': True}, Bewegung: (-1, 1)
2025-04-03 19:18:25 - game.core.game - INFO - Position: (313, 210) -> (310, 213), Änderung: (-3, 3)
2025-04-03 19:18:25 - game.core.game - INFO - Eingaben: {'down': True, 'left': True}, Bewegung: (-1, 1)
2025-04-03 19:18:25 - game.core.game - INFO - Position: (310, 213) -> (307, 216), Änderung: (-3, 3)
2025-04-03 19:18:25 - game.core.game - INFO - Eingaben: {'down': True, 'left': True}, Bewegung: (-1, 1)
2025-04-03 19:18:25 - game.core.game - INFO - Position: (307, 216) -> (304, 219), Änderung: (-3, 3)
2025-04-03 19:18:25 - game.core.game - INFO - Eingaben: {'down': True, 'left': True}, Bewegung: (-1, 1)
2025-04-03 19:18:25 - game.core.game - INFO - Position: (304, 219) -> (301, 222), Änderung: (-3, 3)
2025-04-03 19:18:25 - game.core.game - INFO - Eingaben: {'down': True}, Bewegung: (0, 1)
2025-04-03 19:18:25 - game.core.game - INFO - Position: (301, 222) -> (301, 225), Änderung: (0, 3)
2025-04-03 19:18:25 - game.core.game - INFO - Eingaben: {'down': True}, Bewegung: (0, 1)
2025-04-03 19:18:25 - game.core.game - INFO - Position: (301, 225) -> (301, 228), Änderung: (0, 3)
2025-04-03 19:18:25 - game.core.game - INFO - Eingaben: {'down': True}, Bewegung: (0, 1)
2025-04-03 19:18:25 - game.core.game - INFO - Position: (301, 228) -> (301, 231), Änderung: (0, 3)
2025-04-03 19:18:25 - game.core.game - INFO - Eingaben: {'down': True}, Bewegung: (0, 1)
2025-04-03 19:18:25 - game.core.game - INFO - Position: (301, 231) -> (301, 234), Änderung: (0, 3)
2025-04-03 19:18:25 - game.core.game - INFO - Eingaben: {'down': True, 'right': True}, Bewegung: (1, 1)
2025-04-03 19:18:25 - game.core.game - INFO - Position: (301, 234) -> (304, 237), Änderung: (3, 3)
2025-04-03 19:18:25 - game.core.game - INFO - Eingaben: {'down': True, 'right': True}, Bewegung: (1, 1)
2025-04-03 19:18:25 - game.core.game - INFO - Position: (304, 237) -> (307, 240), Änderung: (3, 3)
2025-04-03 19:18:25 - game.core.game - INFO - Eingaben: {'down': True, 'right': True}, Bewegung: (1, 1)
2025-04-03 19:18:25 - game.core.game - INFO - Position: (307, 240) -> (310, 243), Änderung: (3, 3)
2025-04-03 19:18:25 - game.core.game - INFO - Eingaben: {'down': True, 'right': True}, Bewegung: (1, 1)
2025-04-03 19:18:25 - game.core.game - INFO - Position: (310, 243) -> (313, 246), Änderung: (3, 3)
2025-04-03 19:18:25 - game.core.game - INFO - Eingaben: {'down': True, 'right': True}, Bewegung: (1, 1)
2025-04-03 19:18:25 - game.core.game - INFO - Position: (313, 246) -> (316, 249), Änderung: (3, 3)
2025-04-03 19:18:25 - game.core.game - INFO - Eingaben: {'down': True, 'right': True}, Bewegung: (1, 1)
2025-04-03 19:18:25 - game.core.game - INFO - Position: (316, 249) -> (319, 252), Änderung: (3, 3)
2025-04-03 19:18:25 - game.core.game - INFO - Eingaben: {'down': True, 'right': True}, Bewegung: (1, 1)
2025-04-03 19:18:25 - game.core.game - INFO - Position: (319, 252) -> (322, 255), Änderung: (3, 3)
2025-04-03 19:18:25 - game.core.game - INFO - Eingaben: {'down': True, 'right': True}, Bewegung: (1, 1)
2025-04-03 19:18:25 - game.core.game - INFO - Position: (322, 255) -> (325, 258), Änderung: (3, 3)
2025-04-03 19:18:25 - game.core.game - INFO - Eingaben: {'down': True, 'right': True}, Bewegung: (1, 1)
2025-04-03 19:18:25 - game.core.game - INFO - Position: (325, 258) -> (328, 261), Änderung: (3, 3)
2025-04-03 19:18:25 - game.core.game - INFO - Eingaben: {'down': True, 'right': True}, Bewegung: (1, 1)
2025-04-03 19:18:25 - game.core.game - INFO - Position: (328, 261) -> (331, 264), Änderung: (3, 3)
2025-04-03 19:18:25 - game.core.game - INFO - Eingaben: {'right': True}, Bewegung: (1, 0)
2025-04-03 19:18:25 - game.core.game - INFO - Position: (331, 264) -> (334, 264), Änderung: (3, 0)
2025-04-03 19:18:25 - game.core.game - INFO - Eingaben: {'right': True}, Bewegung: (1, 0)
2025-04-03 19:18:25 - game.core.game - INFO - Position: (334, 264) -> (337, 264), Änderung: (3, 0)
2025-04-03 19:18:25 - game.core.game - INFO - Eingaben: {'right': True}, Bewegung: (1, 0)
2025-04-03 19:18:25 - game.core.game - INFO - Position: (337, 264) -> (340, 264), Änderung: (3, 0)
2025-04-03 19:18:25 - game.core.game - INFO - Eingaben: {'right': True}, Bewegung: (1, 0)
2025-04-03 19:18:25 - game.core.game - INFO - Position: (340, 264) -> (343, 264), Änderung: (3, 0)
2025-04-03 19:18:25 - game.core.game - INFO - Eingaben: {'right': True}, Bewegung: (1, 0)
2025-04-03 19:18:25 - game.core.game - INFO - Position: (343, 264) -> (346, 264), Änderung: (3, 0)
2025-04-03 19:18:25 - game.core.game - INFO - Eingaben: {'right': True}, Bewegung: (1, 0)
2025-04-03 19:18:25 - game.core.game - INFO - Position: (346, 264) -> (349, 264), Änderung: (3, 0)
2025-04-03 19:18:25 - game.core.game - INFO - Eingaben: {'up': True, 'right': True}, Bewegung: (1, -1)
2025-04-03 19:18:25 - game.core.game - INFO - Position: (349, 264) -> (352, 261), Änderung: (3, -3)
2025-04-03 19:18:25 - game.core.game - INFO - Eingaben: {'up': True, 'right': True}, Bewegung: (1, -1)
2025-04-03 19:18:25 - game.core.game - INFO - Position: (352, 261) -> (355, 258), Änderung: (3, -3)
2025-04-03 19:18:25 - game.core.game - INFO - Eingaben: {'up': True, 'right': True}, Bewegung: (1, -1)
2025-04-03 19:18:25 - game.core.game - INFO - Position: (355, 258) -> (358, 255), Änderung: (3, -3)
2025-04-03 19:18:25 - game.core.game - INFO - Eingaben: {'up': True, 'right': True}, Bewegung: (1, -1)
2025-04-03 19:18:25 - game.core.game - INFO - Position: (358, 255) -> (361, 252), Änderung: (3, -3)
2025-04-03 19:18:25 - game.core.game - INFO - Eingaben: {'up': True, 'right': True}, Bewegung: (1, -1)
2025-04-03 19:18:25 - game.core.game - INFO - Position: (361, 252) -> (364, 249), Änderung: (3, -3)
2025-04-03 19:18:25 - game.core.game - INFO - Eingaben: {'up': True, 'right': True}, Bewegung: (1, -1)
2025-04-03 19:18:25 - game.core.game - INFO - Position: (364, 249) -> (367, 246), Änderung: (3, -3)
2025-04-03 19:18:25 - game.core.game - INFO - Eingaben: {'up': True, 'right': True}, Bewegung: (1, -1)
2025-04-03 19:18:25 - game.core.game - INFO - Position: (367, 246) -> (370, 243), Änderung: (3, -3)
2025-04-03 19:18:25 - game.core.game - INFO - Eingaben: {'up': True, 'right': True}, Bewegung: (1, -1)
2025-04-03 19:18:25 - game.core.game - INFO - Position: (370, 243) -> (373, 240), Änderung: (3, -3)
2025-04-03 19:18:25 - game.core.game - INFO - Eingaben: {'up': True, 'right': True}, Bewegung: (1, -1)
2025-04-03 19:18:25 - game.core.game - INFO - Position: (373, 240) -> (376, 237), Änderung: (3, -3)
2025-04-03 19:18:25 - game.core.game - INFO - Eingaben: {'up': True, 'right': True}, Bewegung: (1, -1)
2025-04-03 19:18:25 - game.core.game - INFO - Position: (376, 237) -> (379, 234), Änderung: (3, -3)
2025-04-03 19:18:25 - game.core.game - INFO - Eingaben: {'up': True, 'right': True}, Bewegung: (1, -1)
2025-04-03 19:18:25 - game.core.game - INFO - Position: (379, 234) -> (382, 231), Änderung: (3, -3)
2025-04-03 19:18:25 - game.core.game - INFO - Eingaben: {'up': True, 'right': True}, Bewegung: (1, -1)
2025-04-03 19:18:25 - game.core.game - INFO - Position: (382, 231) -> (385, 228), Änderung: (3, -3)
2025-04-03 19:18:25 - game.core.game - INFO - Eingaben: {'up': True, 'right': True}, Bewegung: (1, -1)
2025-04-03 19:18:25 - game.core.game - INFO - Position: (385, 228) -> (388, 225), Änderung: (3, -3)
2025-04-03 19:18:25 - game.core.game - INFO - Eingaben: {'up': True, 'right': True}, Bewegung: (1, -1)
2025-04-03 19:18:25 - game.core.game - INFO - Position: (388, 225) -> (391, 222), Änderung: (3, -3)
2025-04-03 19:18:25 - game.core.game - INFO - Eingaben: {'up': True, 'right': True}, Bewegung: (1, -1)
2025-04-03 19:18:25 - game.core.game - INFO - Position: (391, 222) -> (394, 219), Änderung: (3, -3)
2025-04-03 19:18:25 - game.core.game - INFO - Eingaben: {'up': True, 'right': True}, Bewegung: (1, -1)
2025-04-03 19:18:25 - game.core.game - INFO - Position: (394, 219) -> (397, 216), Änderung: (3, -3)
2025-04-03 19:18:25 - game.core.game - INFO - Eingaben: {'up': True, 'right': True}, Bewegung: (1, -1)
2025-04-03 19:18:25 - game.core.game - INFO - Position: (397, 216) -> (400, 213), Änderung: (3, -3)
2025-04-03 19:18:25 - game.core.game - INFO - Eingaben: {'up': True, 'right': True}, Bewegung: (1, -1)
2025-04-03 19:18:25 - game.core.game - INFO - Position: (400, 213) -> (403, 210), Änderung: (3, -3)
2025-04-03 19:18:25 - game.core.game - INFO - Eingaben: {'up': True, 'right': True}, Bewegung: (1, -1)
2025-04-03 19:18:25 - game.core.game - INFO - Position: (403, 210) -> (406, 207), Änderung: (3, -3)
2025-04-03 19:18:25 - game.core.game - INFO - Eingaben: {'up': True, 'right': True}, Bewegung: (1, -1)
2025-04-03 19:18:25 - game.core.game - INFO - Position: (406, 207) -> (409, 204), Änderung: (3, -3)
2025-04-03 19:18:25 - game.core.game - INFO - Eingaben: {'up': True, 'right': True}, Bewegung: (1, -1)
2025-04-03 19:18:25 - game.core.game - INFO - Position: (409, 204) -> (412, 201), Änderung: (3, -3)
2025-04-03 19:18:25 - game.core.game - INFO - Eingaben: {'up': True, 'right': True}, Bewegung: (1, -1)
2025-04-03 19:18:25 - game.core.game - INFO - Position: (412, 201) -> (415, 198), Änderung: (3, -3)
2025-04-03 19:18:25 - game.core.game - INFO - Eingaben: {'up': True, 'right': True}, Bewegung: (1, -1)
2025-04-03 19:18:25 - game.core.game - INFO - Position: (415, 198) -> (418, 195), Änderung: (3, -3)
2025-04-03 19:18:25 - game.core.game - INFO - Eingaben: {'up': True, 'right': True}, Bewegung: (1, -1)
2025-04-03 19:18:25 - game.core.game - INFO - Position: (418, 195) -> (421, 192), Änderung: (3, -3)
2025-04-03 19:18:25 - game.core.game - INFO - Eingaben: {'up': True, 'right': True}, Bewegung: (1, -1)
2025-04-03 19:18:25 - game.core.game - INFO - Position: (421, 192) -> (424, 189), Änderung: (3, -3)
2025-04-03 19:18:25 - game.core.game - INFO - Eingaben: {'up': True, 'right': True}, Bewegung: (1, -1)
2025-04-03 19:18:25 - game.core.game - INFO - Position: (424, 189) -> (427, 186), Änderung: (3, -3)
2025-04-03 19:18:25 - game.core.game - INFO - Eingaben: {'up': True, 'right': True}, Bewegung: (1, -1)
2025-04-03 19:18:25 - game.core.game - INFO - Position: (427, 186) -> (430, 183), Änderung: (3, -3)
2025-04-03 19:18:25 - game.core.game - INFO - Eingaben: {'up': True, 'right': True}, Bewegung: (1, -1)
2025-04-03 19:18:25 - game.core.game - INFO - Position: (430, 183) -> (433, 180), Änderung: (3, -3)
2025-04-03 19:18:25 - game.core.game - INFO - Eingaben: {'up': True, 'right': True}, Bewegung: (1, -1)
2025-04-03 19:18:25 - game.core.game - INFO - Position: (433, 180) -> (436, 177), Änderung: (3, -3)
2025-04-03 19:18:25 - game.core.game - INFO - Eingaben: {'up': True, 'right': True}, Bewegung: (1, -1)
2025-04-03 19:18:25 - game.core.game - INFO - Position: (436, 177) -> (439, 174), Änderung: (3, -3)
2025-04-03 19:18:25 - game.core.game - INFO - Eingaben: {'right': True}, Bewegung: (1, 0)
2025-04-03 19:18:25 - game.core.game - INFO - Position: (439, 174) -> (442, 174), Änderung: (3, 0)
2025-04-03 19:18:25 - game.core.game - INFO - Eingaben: {'right': True}, Bewegung: (1, 0)
2025-04-03 19:18:25 - game.core.game - INFO - Position: (442, 174) -> (445, 174), Änderung: (3, 0)
2025-04-03 19:18:25 - game.core.game - INFO - Eingaben: {'right': True}, Bewegung: (1, 0)
2025-04-03 19:18:25 - game.core.game - INFO - Position: (445, 174) -> (448, 174), Änderung: (3, 0)
2025-04-03 19:18:25 - game.core.game - INFO - Eingaben: {'right': True}, Bewegung: (1, 0)
2025-04-03 19:18:25 - game.core.game - INFO - Position: (448, 174) -> (451, 174), Änderung: (3, 0)
2025-04-03 19:18:25 - game.core.game - INFO - Eingaben: {'right': True}, Bewegung: (1, 0)
2025-04-03 19:18:25 - game.core.game - INFO - Position: (451, 174) -> (454, 174), Änderung: (3, 0)
2025-04-03 19:18:26 - game.core.game - INFO - Eingaben: {'right': True}, Bewegung: (1, 0)
2025-04-03 19:18:26 - game.core.game - INFO - Position: (454, 174) -> (457, 174), Änderung: (3, 0)
2025-04-03 19:18:26 - game.core.game - INFO - Eingaben: {'right': True}, Bewegung: (1, 0)
2025-04-03 19:18:26 - game.core.game - INFO - Position: (457, 174) -> (460, 174), Änderung: (3, 0)
2025-04-03 19:18:26 - game.core.game - INFO - Eingaben: {'right': True}, Bewegung: (1, 0)
2025-04-03 19:18:26 - game.core.game - INFO - Position: (460, 174) -> (463, 174), Änderung: (3, 0)
2025-04-03 19:18:26 - game.core.game - INFO - Eingaben: {'right': True}, Bewegung: (1, 0)
2025-04-03 19:18:26 - game.core.game - INFO - Position: (463, 174) -> (466, 174), Änderung: (3, 0)
2025-04-03 19:18:26 - game.core.game - INFO - Eingaben: {'down': True, 'right': True}, Bewegung: (1, 1)
2025-04-03 19:18:26 - game.core.game - INFO - Position: (466, 174) -> (469, 177), Änderung: (3, 3)
2025-04-03 19:18:26 - game.core.game - INFO - Eingaben: {'down': True, 'right': True}, Bewegung: (1, 1)
2025-04-03 19:18:26 - game.core.game - INFO - Position: (469, 177) -> (472, 180), Änderung: (3, 3)
2025-04-03 19:18:26 - game.core.game - INFO - Eingaben: {'down': True, 'right': True}, Bewegung: (1, 1)
2025-04-03 19:18:26 - game.core.game - INFO - Position: (472, 180) -> (475, 183), Änderung: (3, 3)
2025-04-03 19:18:26 - game.core.game - INFO - Eingaben: {'down': True, 'right': True}, Bewegung: (1, 1)
2025-04-03 19:18:26 - game.core.game - INFO - Position: (475, 183) -> (478, 186), Änderung: (3, 3)
2025-04-03 19:18:26 - game.core.game - INFO - Eingaben: {'down': True, 'right': True}, Bewegung: (1, 1)
2025-04-03 19:18:26 - game.core.game - INFO - Position: (478, 186) -> (481, 189), Änderung: (3, 3)
2025-04-03 19:18:26 - game.core.game - INFO - Eingaben: {'down': True, 'right': True}, Bewegung: (1, 1)
2025-04-03 19:18:26 - game.core.game - INFO - Position: (481, 189) -> (484, 192), Änderung: (3, 3)
2025-04-03 19:18:26 - game.core.game - INFO - Eingaben: {'down': True, 'right': True}, Bewegung: (1, 1)
2025-04-03 19:18:26 - game.core.game - INFO - Position: (484, 192) -> (487, 195), Änderung: (3, 3)
2025-04-03 19:18:26 - game.core.game - INFO - Eingaben: {'down': True, 'right': True}, Bewegung: (1, 1)
2025-04-03 19:18:26 - game.core.game - INFO - Position: (487, 195) -> (490, 198), Änderung: (3, 3)
2025-04-03 19:18:26 - game.core.game - INFO - Eingaben: {'down': True, 'right': True}, Bewegung: (1, 1)
2025-04-03 19:18:26 - game.core.game - INFO - Position: (490, 198) -> (493, 201), Änderung: (3, 3)
2025-04-03 19:18:26 - game.core.game - INFO - Eingaben: {'down': True, 'right': True}, Bewegung: (1, 1)
2025-04-03 19:18:26 - game.core.game - INFO - Position: (493, 201) -> (496, 204), Änderung: (3, 3)
2025-04-03 19:18:26 - game.core.game - INFO - Eingaben: {'down': True, 'right': True}, Bewegung: (1, 1)
2025-04-03 19:18:26 - game.core.game - INFO - Position: (496, 204) -> (499, 207), Änderung: (3, 3)
2025-04-03 19:18:26 - game.core.game - INFO - Eingaben: {'down': True, 'right': True}, Bewegung: (1, 1)
2025-04-03 19:18:26 - game.core.game - INFO - Position: (499, 207) -> (502, 210), Änderung: (3, 3)
2025-04-03 19:18:26 - game.core.game - INFO - Eingaben: {'down': True, 'right': True}, Bewegung: (1, 1)
2025-04-03 19:18:26 - game.core.game - INFO - Position: (502, 210) -> (505, 213), Änderung: (3, 3)
2025-04-03 19:18:26 - game.core.game - INFO - Eingaben: {'down': True, 'right': True}, Bewegung: (1, 1)
2025-04-03 19:18:26 - game.core.game - INFO - Position: (505, 213) -> (508, 216), Änderung: (3, 3)
2025-04-03 19:18:26 - game.core.game - INFO - Eingaben: {'down': True, 'right': True}, Bewegung: (1, 1)
2025-04-03 19:18:26 - game.core.game - INFO - Position: (508, 216) -> (511, 219), Änderung: (3, 3)
2025-04-03 19:18:26 - game.core.game - INFO - Eingaben: {'down': True, 'right': True}, Bewegung: (1, 1)
2025-04-03 19:18:26 - game.core.game - INFO - Position: (511, 219) -> (514, 222), Änderung: (3, 3)
2025-04-03 19:18:26 - game.core.game - INFO - Eingaben: {'down': True, 'right': True}, Bewegung: (1, 1)
2025-04-03 19:18:26 - game.core.game - INFO - Position: (514, 222) -> (517, 225), Änderung: (3, 3)
2025-04-03 19:18:26 - game.core.game - INFO - Eingaben: {'down': True, 'right': True}, Bewegung: (1, 1)
2025-04-03 19:18:26 - game.core.game - INFO - Position: (517, 225) -> (520, 228), Änderung: (3, 3)
2025-04-03 19:18:26 - game.core.game - INFO - Eingaben: {'down': True, 'right': True}, Bewegung: (1, 1)
2025-04-03 19:18:26 - game.core.game - INFO - Position: (520, 228) -> (523, 231), Änderung: (3, 3)
2025-04-03 19:18:26 - game.core.game - INFO - Eingaben: {'down': True, 'right': True}, Bewegung: (1, 1)
2025-04-03 19:18:26 - game.core.game - INFO - Position: (523, 231) -> (526, 234), Änderung: (3, 3)
2025-04-03 19:18:26 - game.core.game - INFO - Eingaben: {'down': True, 'right': True}, Bewegung: (1, 1)
2025-04-03 19:18:26 - game.core.game - INFO - Position: (526, 234) -> (529, 237), Änderung: (3, 3)
2025-04-03 19:18:26 - game.core.game - INFO - Eingaben: {'down': True}, Bewegung: (0, 1)
2025-04-03 19:18:26 - game.core.game - INFO - Position: (529, 237) -> (529, 240), Änderung: (0, 3)
2025-04-03 19:18:26 - game.core.game - INFO - Eingaben: {'down': True}, Bewegung: (0, 1)
2025-04-03 19:18:26 - game.core.game - INFO - Position: (529, 240) -> (529, 243), Änderung: (0, 3)
2025-04-03 19:18:26 - game.core.game - INFO - Eingaben: {'down': True}, Bewegung: (0, 1)
2025-04-03 19:18:26 - game.core.game - INFO - Position: (529, 243) -> (529, 246), Änderung: (0, 3)
2025-04-03 19:18:26 - game.core.game - INFO - Eingaben: {'down': True}, Bewegung: (0, 1)
2025-04-03 19:18:26 - game.core.game - INFO - Position: (529, 246) -> (529, 249), Änderung: (0, 3)
2025-04-03 19:18:26 - game.core.game - INFO - Eingaben: {'down': True, 'left': True}, Bewegung: (-1, 1)
2025-04-03 19:18:26 - game.core.game - INFO - Position: (529, 249) -> (526, 252), Änderung: (-3, 3)
2025-04-03 19:18:26 - game.core.game - INFO - Eingaben: {'down': True, 'left': True}, Bewegung: (-1, 1)
2025-04-03 19:18:26 - game.core.game - INFO - Position: (526, 252) -> (523, 255), Änderung: (-3, 3)
2025-04-03 19:18:26 - game.core.game - INFO - Eingaben: {'down': True, 'left': True}, Bewegung: (-1, 1)
2025-04-03 19:18:26 - game.core.game - INFO - Position: (523, 255) -> (520, 258), Änderung: (-3, 3)
2025-04-03 19:18:26 - game.core.game - INFO - Eingaben: {'down': True, 'left': True}, Bewegung: (-1, 1)
2025-04-03 19:18:26 - game.core.game - INFO - Position: (520, 258) -> (517, 261), Änderung: (-3, 3)
2025-04-03 19:18:26 - game.core.game - INFO - Eingaben: {'down': True, 'left': True}, Bewegung: (-1, 1)
2025-04-03 19:18:26 - game.core.game - INFO - Position: (517, 261) -> (514, 264), Änderung: (-3, 3)
2025-04-03 19:18:26 - game.core.game - INFO - Eingaben: {'down': True, 'left': True}, Bewegung: (-1, 1)
2025-04-03 19:18:26 - game.core.game - INFO - Position: (514, 264) -> (511, 267), Änderung: (-3, 3)
2025-04-03 19:18:26 - game.core.game - INFO - Eingaben: {'down': True, 'left': True}, Bewegung: (-1, 1)
2025-04-03 19:18:26 - game.core.game - INFO - Position: (511, 267) -> (508, 270), Änderung: (-3, 3)
2025-04-03 19:18:26 - game.core.game - INFO - Eingaben: {'left': True}, Bewegung: (-1, 0)
2025-04-03 19:18:26 - game.core.game - INFO - Position: (508, 270) -> (505, 270), Änderung: (-3, 0)
2025-04-03 19:18:26 - game.core.game - INFO - Eingaben: {'left': True}, Bewegung: (-1, 0)
2025-04-03 19:18:26 - game.core.game - INFO - Position: (505, 270) -> (502, 270), Änderung: (-3, 0)
2025-04-03 19:18:26 - game.core.game - INFO - Eingaben: {'left': True}, Bewegung: (-1, 0)
2025-04-03 19:18:26 - game.core.game - INFO - Position: (502, 270) -> (499, 270), Änderung: (-3, 0)
2025-04-03 19:18:26 - game.core.game - INFO - Eingaben: {'left': True}, Bewegung: (-1, 0)
2025-04-03 19:18:26 - game.core.game - INFO - Position: (499, 270) -> (496, 270), Änderung: (-3, 0)
2025-04-03 19:18:26 - game.core.game - INFO - Eingaben: {'left': True}, Bewegung: (-1, 0)
2025-04-03 19:18:26 - game.core.game - INFO - Position: (496, 270) -> (493, 270), Änderung: (-3, 0)
2025-04-03 19:18:26 - game.core.game - INFO - Eingaben: {'left': True}, Bewegung: (-1, 0)
2025-04-03 19:18:26 - game.core.game - INFO - Position: (493, 270) -> (490, 270), Änderung: (-3, 0)
2025-04-03 19:18:26 - game.core.game - INFO - Eingaben: {'left': True}, Bewegung: (-1, 0)
2025-04-03 19:18:26 - game.core.game - INFO - Position: (490, 270) -> (487, 270), Änderung: (-3, 0)
2025-04-03 19:18:26 - game.core.game - INFO - Eingaben: {'left': True}, Bewegung: (-1, 0)
2025-04-03 19:18:26 - game.core.game - INFO - Position: (487, 270) -> (484, 270), Änderung: (-3, 0)
2025-04-03 19:18:26 - game.core.game - INFO - Eingaben: {'left': True}, Bewegung: (-1, 0)
2025-04-03 19:18:26 - game.core.game - INFO - Position: (484, 270) -> (481, 270), Änderung: (-3, 0)
2025-04-03 19:18:26 - game.core.game - INFO - Eingaben: {'left': True}, Bewegung: (-1, 0)
2025-04-03 19:18:26 - game.core.game - INFO - Position: (481, 270) -> (478, 270), Änderung: (-3, 0)
2025-04-03 19:18:26 - game.core.game - INFO - Eingaben: {'left': True}, Bewegung: (-1, 0)
2025-04-03 19:18:26 - game.core.game - INFO - Position: (478, 270) -> (475, 270), Änderung: (-3, 0)
2025-04-03 19:18:26 - game.core.game - INFO - Eingaben: {'up': True, 'left': True}, Bewegung: (-1, -1)
2025-04-03 19:18:26 - game.core.game - INFO - Position: (475, 270) -> (472, 267), Änderung: (-3, -3)
2025-04-03 19:18:26 - game.core.game - INFO - Eingaben: {'up': True, 'left': True}, Bewegung: (-1, -1)
2025-04-03 19:18:26 - game.core.game - INFO - Position: (472, 267) -> (469, 264), Änderung: (-3, -3)
2025-04-03 19:18:26 - game.core.game - INFO - Eingaben: {'up': True, 'left': True}, Bewegung: (-1, -1)
2025-04-03 19:18:26 - game.core.game - INFO - Position: (469, 264) -> (466, 261), Änderung: (-3, -3)
2025-04-03 19:18:26 - game.core.game - INFO - Eingaben: {'up': True, 'left': True}, Bewegung: (-1, -1)
2025-04-03 19:18:26 - game.core.game - INFO - Position: (466, 261) -> (463, 258), Änderung: (-3, -3)
2025-04-03 19:18:26 - game.core.game - INFO - Eingaben: {'up': True, 'left': True}, Bewegung: (-1, -1)
2025-04-03 19:18:26 - game.core.game - INFO - Position: (463, 258) -> (460, 255), Änderung: (-3, -3)
2025-04-03 19:18:26 - game.core.game - INFO - Eingaben: {'up': True, 'left': True}, Bewegung: (-1, -1)
2025-04-03 19:18:26 - game.core.game - INFO - Position: (460, 255) -> (457, 252), Änderung: (-3, -3)
2025-04-03 19:18:26 - game.core.game - INFO - Eingaben: {'up': True, 'left': True}, Bewegung: (-1, -1)
2025-04-03 19:18:26 - game.core.game - INFO - Position: (457, 252) -> (454, 249), Änderung: (-3, -3)
2025-04-03 19:18:26 - game.core.game - INFO - Eingaben: {'up': True, 'left': True}, Bewegung: (-1, -1)
2025-04-03 19:18:26 - game.core.game - INFO - Position: (454, 249) -> (451, 246), Änderung: (-3, -3)
2025-04-03 19:18:26 - game.core.game - INFO - Eingaben: {'up': True, 'left': True}, Bewegung: (-1, -1)
2025-04-03 19:18:26 - game.core.game - INFO - Position: (451, 246) -> (448, 243), Änderung: (-3, -3)
2025-04-03 19:18:26 - game.core.game - INFO - Eingaben: {'up': True, 'left': True}, Bewegung: (-1, -1)
2025-04-03 19:18:26 - game.core.game - INFO - Position: (448, 243) -> (445, 240), Änderung: (-3, -3)
2025-04-03 19:18:26 - game.core.game - INFO - Eingaben: {'up': True, 'left': True}, Bewegung: (-1, -1)
2025-04-03 19:18:26 - game.core.game - INFO - Position: (445, 240) -> (442, 237), Änderung: (-3, -3)
2025-04-03 19:18:26 - game.core.game - INFO - Eingaben: {'up': True, 'left': True}, Bewegung: (-1, -1)
2025-04-03 19:18:26 - game.core.game - INFO - Position: (442, 237) -> (439, 234), Änderung: (-3, -3)
2025-04-03 19:18:26 - game.core.game - INFO - Eingaben: {'up': True, 'left': True}, Bewegung: (-1, -1)
2025-04-03 19:18:26 - game.core.game - INFO - Position: (439, 234) -> (436, 231), Änderung: (-3, -3)
2025-04-03 19:18:27 - game.core.game - INFO - Eingaben: {'up': True}, Bewegung: (0, -1)
2025-04-03 19:18:27 - game.core.game - INFO - Position: (436, 231) -> (436, 228), Änderung: (0, -3)
2025-04-03 19:18:27 - game.core.game - INFO - Eingaben: {'up': True}, Bewegung: (0, -1)
2025-04-03 19:18:27 - game.core.game - INFO - Position: (436, 228) -> (436, 225), Änderung: (0, -3)
2025-04-03 19:18:27 - game.core.game - INFO - Eingaben: {'up': True}, Bewegung: (0, -1)
2025-04-03 19:18:27 - game.core.game - INFO - Position: (436, 225) -> (436, 222), Änderung: (0, -3)
2025-04-03 19:18:27 - game.core.game - INFO - Eingaben: {'up': True}, Bewegung: (0, -1)
2025-04-03 19:18:27 - game.core.game - INFO - Position: (436, 222) -> (436, 219), Änderung: (0, -3)
2025-04-03 19:18:27 - game.core.game - INFO - Eingaben: {'up': True}, Bewegung: (0, -1)
2025-04-03 19:18:27 - game.core.game - INFO - Position: (436, 219) -> (436, 216), Änderung: (0, -3)
2025-04-03 19:18:27 - game.core.game - INFO - Eingaben: {'up': True}, Bewegung: (0, -1)
2025-04-03 19:18:27 - game.core.game - INFO - Position: (436, 216) -> (436, 213), Änderung: (0, -3)
2025-04-03 19:18:27 - game.core.game - INFO - Eingaben: {'up': True}, Bewegung: (0, -1)
2025-04-03 19:18:27 - game.core.game - INFO - Position: (436, 213) -> (436, 210), Änderung: (0, -3)
2025-04-03 19:18:27 - game.core.game - INFO - Eingaben: {'up': True}, Bewegung: (0, -1)
2025-04-03 19:18:27 - game.core.game - INFO - Position: (436, 210) -> (436, 207), Änderung: (0, -3)
2025-04-03 19:29:23 - __main__ - INFO - Starting PokeTogether
2025-04-03 19:29:23 - game.core.game - INFO - Initializing game
2025-04-03 19:29:24 - game.core.input_handler - INFO - Initialisiere Input-Handler
2025-04-03 19:29:24 - game.core.input_handler - INFO - Controller gefunden: Xbox 360 Controller
2025-04-03 19:29:24 - game.core.input_handler - INFO - Controller gefunden: Xbox 360 Controller
2025-04-03 19:29:24 - game.maps.simple_map - INFO - Creating simple map with size 20x18, tile size 16px
2025-04-03 19:29:24 - game.entities.player - INFO - Creating player 'Red' at position (160, 160)
2025-04-03 19:29:24 - game.core.camera - INFO - Creating camera with size 800x600, map size 320x288
2025-04-03 19:29:24 - game.core.game - INFO - Game initialized
2025-04-03 19:29:24 - game.core.game - INFO - Starting game loop
2025-04-03 19:29:24 - game.core.game - INFO - Loading resources
2025-04-03 19:29:24 - game.core.game - INFO - Resources loaded
2025-04-03 19:29:24 - game.core.input_handler - INFO - Controller gefunden: Xbox 360 Controller
2025-04-03 19:29:24 - game.core.input_handler - INFO - Controller gefunden: Xbox 360 Controller
2025-04-03 19:29:24 - game.core.input_handler - INFO - Controller gefunden: Xbox 360 Controller
2025-04-03 19:29:24 - game.core.input_handler - INFO - Controller gefunden: Xbox 360 Controller
2025-04-03 19:29:34 - game.core.game - INFO - Spiel gestartet
2025-04-03 19:44:12 - __main__ - INFO - Starting PokeTogether
2025-04-03 19:44:12 - game.core.game - INFO - Initializing game
2025-04-03 19:44:13 - game.core.settings - INFO - Initializing settings
2025-04-03 19:44:13 - game.core.settings - INFO - Settings file settings.json not found, using default settings
2025-04-03 19:44:13 - game.core.input_handler - INFO - Initialisiere Input-Handler
2025-04-03 19:44:13 - game.core.input_handler - INFO - Controller gefunden: Xbox 360 Controller
2025-04-03 19:44:13 - game.core.input_handler - INFO - Controller gefunden: Xbox 360 Controller
2025-04-03 19:44:13 - game.maps.simple_map - INFO - Creating simple map with size 20x18, tile size 16px
2025-04-03 19:44:13 - game.entities.player - INFO - Creating player 'Red' at position (160, 160)
2025-04-03 19:44:13 - game.core.camera - INFO - Creating camera with size 800x600, map size 320x288
2025-04-03 19:44:13 - game.ui.main_menu - INFO - Initializing main menu
2025-04-03 19:44:13 - game.ui.options_menu - INFO - Initializing options menu
2025-04-03 19:44:13 - game.core.game - INFO - Game initialized
2025-04-03 19:44:13 - game.core.game - INFO - Starting game loop
2025-04-03 19:44:13 - game.core.game - INFO - Loading resources
2025-04-03 19:44:13 - game.core.game - INFO - Resources loaded
2025-04-03 19:44:13 - game.core.input_handler - INFO - Controller gefunden: Xbox 360 Controller
2025-04-03 19:44:13 - game.core.input_handler - INFO - Controller gefunden: Xbox 360 Controller
2025-04-03 19:44:13 - game.core.input_handler - INFO - Controller gefunden: Xbox 360 Controller
2025-04-03 19:44:13 - game.core.input_handler - INFO - Controller gefunden: Xbox 360 Controller
2025-04-03 19:45:15 - game.core.game - INFO - Game loop ended
2025-04-03 19:45:15 - __main__ - INFO - Game closed successfully
2025-04-03 19:48:38 - __main__ - INFO - Starting PokeTogether
2025-04-03 19:48:38 - game.core.game - INFO - Initializing game
2025-04-03 19:48:38 - game.core.settings - INFO - Initializing settings
2025-04-03 19:48:38 - game.core.settings - INFO - Settings file settings.json not found, using default settings
2025-04-03 19:48:38 - game.core.input_handler - INFO - Initialisiere Input-Handler
2025-04-03 19:48:38 - game.core.input_handler - INFO - Controller gefunden: Xbox 360 Controller
2025-04-03 19:48:38 - game.core.input_handler - INFO - Controller gefunden: Xbox 360 Controller
2025-04-03 19:48:38 - game.maps.simple_map - INFO - Creating simple map with size 20x18, tile size 16px
2025-04-03 19:48:38 - game.entities.player - INFO - Creating player 'Red' at position (160, 160)
2025-04-03 19:48:38 - game.core.camera - INFO - Creating camera with size 800x600, map size 320x288
2025-04-03 19:48:38 - game.ui.main_menu - INFO - Initializing main menu
2025-04-03 19:48:38 - game.ui.options_menu - INFO - Initializing options menu
2025-04-03 19:48:38 - game.core.game - INFO - Game initialized
2025-04-03 19:48:38 - game.core.game - INFO - Starting game loop
2025-04-03 19:48:38 - game.core.game - INFO - Loading resources
2025-04-03 19:48:38 - game.core.game - INFO - Resources loaded
2025-04-03 19:48:38 - game.core.input_handler - INFO - Controller gefunden: Xbox 360 Controller
2025-04-03 19:48:38 - game.core.input_handler - INFO - Controller gefunden: Xbox 360 Controller
2025-04-03 19:48:38 - game.core.input_handler - INFO - Controller gefunden: Xbox 360 Controller
2025-04-03 19:48:38 - game.core.input_handler - INFO - Controller gefunden: Xbox 360 Controller
2025-04-03 19:48:56 - game.ui.main_menu - INFO - Options selected
2025-04-03 19:48:56 - game.core.game - INFO - Showing options menu
2025-04-03 19:48:56 - game.ui.options_menu - INFO - Options menu opened
2025-04-03 19:48:59 - game.ui.options_menu - INFO - Changed to video menu
2025-04-03 19:49:03 - game.core.settings - INFO - Resolution set to 1024x768
2025-04-03 19:49:04 - game.core.settings - INFO - Resolution set to 1280x720
2025-04-03 19:49:05 - game.core.settings - INFO - Resolution set to 1366x768
2025-04-03 19:49:05 - game.core.settings - INFO - Resolution set to 1920x1080
2025-04-03 19:53:26 - __main__ - INFO - Starting PokeTogether
2025-04-03 19:53:26 - game.core.game - INFO - Initializing game
2025-04-03 19:53:27 - game.core.settings - INFO - Initializing settings
2025-04-03 19:53:27 - game.core.settings - INFO - Settings file settings.json not found, using default settings
2025-04-03 19:53:27 - game.core.input_handler - INFO - Initialisiere Input-Handler
2025-04-03 19:53:27 - game.core.input_handler - INFO - Controller gefunden: Xbox 360 Controller
2025-04-03 19:53:27 - game.core.input_handler - INFO - Controller gefunden: Xbox 360 Controller
2025-04-03 19:53:27 - game.maps.simple_map - INFO - Creating simple map with size 20x18, tile size 16px
2025-04-03 19:53:27 - game.entities.player - INFO - Creating player 'Red' at position (160, 160)
2025-04-03 19:53:27 - game.core.camera - INFO - Creating camera with size 800x600, map size 320x288
2025-04-03 19:53:27 - game.ui.main_menu - INFO - Initializing main menu
2025-04-03 19:53:27 - game.ui.options_menu - INFO - Initializing options menu
2025-04-03 19:53:27 - game.core.game - INFO - Game initialized
2025-04-03 19:53:27 - game.core.game - INFO - Starting game loop
2025-04-03 19:53:27 - game.core.game - INFO - Loading resources
2025-04-03 19:53:27 - game.core.game - INFO - Resources loaded
2025-04-03 19:53:27 - game.core.input_handler - INFO - Controller gefunden: Xbox 360 Controller
2025-04-03 19:53:27 - game.core.input_handler - INFO - Controller gefunden: Xbox 360 Controller
2025-04-03 19:53:27 - game.core.input_handler - INFO - Controller gefunden: Xbox 360 Controller
2025-04-03 19:53:27 - game.core.input_handler - INFO - Controller gefunden: Xbox 360 Controller
2025-04-03 19:53:34 - game.core.input_handler - INFO - Controller-Button erkannt: menu (Button 7)
2025-04-03 19:53:34 - game.core.input_handler - INFO - Controller-Button erkannt: menu (Button 7)
2025-04-03 19:53:34 - game.core.input_handler - INFO - Controller-Button erkannt: menu (Button 7)
2025-04-03 19:53:34 - game.core.input_handler - INFO - Controller-Button erkannt: menu (Button 7)
2025-04-03 19:53:34 - game.core.input_handler - INFO - Controller-Button erkannt: menu (Button 7)
2025-04-03 19:53:34 - game.core.input_handler - INFO - Controller-Button erkannt: menu (Button 7)
2025-04-03 19:53:34 - game.core.input_handler - INFO - Controller-Button erkannt: menu (Button 7)
2025-04-03 19:53:34 - game.core.input_handler - INFO - Controller-Button erkannt: menu (Button 7)
2025-04-03 19:53:34 - game.core.input_handler - INFO - Controller-Button erkannt: menu (Button 7)
2025-04-03 19:53:46 - game.core.input_handler - INFO - Controller-Button erkannt: menu (Button 7)
2025-04-03 19:53:46 - game.core.input_handler - INFO - Controller-Button erkannt: menu (Button 7)
2025-04-03 19:53:46 - game.core.input_handler - INFO - Controller-Button erkannt: menu (Button 7)
2025-04-03 19:53:46 - game.core.input_handler - INFO - Controller-Button erkannt: menu (Button 7)
2025-04-03 19:53:46 - game.core.input_handler - INFO - Controller-Button erkannt: menu (Button 7)
2025-04-03 19:53:46 - game.core.input_handler - INFO - Controller-Button erkannt: menu (Button 7)
2025-04-03 19:53:46 - game.core.input_handler - INFO - Controller-Button erkannt: menu (Button 7)
2025-04-03 19:53:46 - game.core.input_handler - INFO - Controller-Button erkannt: menu (Button 7)
2025-04-03 19:53:46 - game.core.input_handler - INFO - Controller-Button erkannt: menu (Button 7)
2025-04-03 19:53:46 - game.core.input_handler - INFO - Controller-Button erkannt: menu (Button 7)
2025-04-03 19:53:47 - game.core.input_handler - INFO - Controller-Button erkannt: menu (Button 7)
2025-04-03 19:53:47 - game.core.input_handler - INFO - Controller-Button erkannt: menu (Button 7)
2025-04-03 19:53:47 - game.core.input_handler - INFO - Controller-Button erkannt: menu (Button 7)
2025-04-03 19:53:47 - game.core.input_handler - INFO - Controller-Button erkannt: menu (Button 7)
2025-04-03 19:53:47 - game.core.input_handler - INFO - Controller-Button erkannt: menu (Button 7)
2025-04-03 19:53:47 - game.core.input_handler - INFO - Controller-Button erkannt: menu (Button 7)
2025-04-03 19:53:47 - game.core.input_handler - INFO - Controller-Button erkannt: menu (Button 7)
2025-04-03 19:53:47 - game.core.input_handler - INFO - Controller-Button erkannt: menu (Button 7)
2025-04-03 19:54:50 - __main__ - INFO - Starting PokeTogether
2025-04-03 19:54:50 - game.core.game - INFO - Initializing game
2025-04-03 19:54:51 - game.core.settings - INFO - Initializing settings
2025-04-03 19:54:51 - game.core.settings - INFO - Settings file settings.json not found, using default settings
2025-04-03 19:54:51 - game.core.input_handler - INFO - Initialisiere Input-Handler
2025-04-03 19:54:51 - game.core.input_handler - INFO - Controller gefunden: Xbox 360 Controller
2025-04-03 19:54:51 - game.core.input_handler - INFO - Controller gefunden: Xbox 360 Controller
2025-04-03 19:54:51 - game.maps.simple_map - INFO - Creating simple map with size 20x18, tile size 16px
2025-04-03 19:54:51 - game.entities.player - INFO - Creating player 'Red' at position (160, 160)
2025-04-03 19:54:51 - game.core.camera - INFO - Creating camera with size 800x600, map size 320x288
2025-04-03 19:54:51 - game.ui.main_menu - INFO - Initializing main menu
2025-04-03 19:54:51 - game.ui.options_menu - INFO - Initializing options menu
2025-04-03 19:54:51 - game.core.game - INFO - Game initialized
2025-04-03 19:54:51 - game.core.game - INFO - Starting game loop
2025-04-03 19:54:51 - game.core.game - INFO - Loading resources
2025-04-03 19:54:51 - game.core.game - INFO - Resources loaded
2025-04-03 19:54:51 - game.core.input_handler - INFO - Controller gefunden: Xbox 360 Controller
2025-04-03 19:54:51 - game.core.input_handler - INFO - Controller gefunden: Xbox 360 Controller
2025-04-03 19:54:51 - game.core.input_handler - INFO - Controller gefunden: Xbox 360 Controller
2025-04-03 19:54:51 - game.core.input_handler - INFO - Controller gefunden: Xbox 360 Controller
2025-04-03 19:54:55 - game.core.input_handler - INFO - Aktion erkannt: down (input_state: True, prev_input_state: False)
2025-04-03 19:54:56 - game.core.input_handler - INFO - Aktion erkannt: down (input_state: True, prev_input_state: False)
2025-04-03 19:55:01 - game.core.input_handler - INFO - Controller-Button erkannt: menu (Button 7)
2025-04-03 19:55:01 - game.core.input_handler - INFO - Controller-Button erkannt: menu (Button 7)
2025-04-03 19:55:01 - game.core.input_handler - INFO - Controller-Button erkannt: menu (Button 7)
2025-04-03 19:55:01 - game.core.input_handler - INFO - Controller-Button erkannt: menu (Button 7)
2025-04-03 19:55:01 - game.core.input_handler - INFO - Controller-Button erkannt: menu (Button 7)
2025-04-03 19:55:01 - game.core.input_handler - INFO - Controller-Button erkannt: menu (Button 7)
2025-04-03 19:55:01 - game.core.input_handler - INFO - Controller-Button erkannt: menu (Button 7)
2025-04-03 19:55:02 - game.core.input_handler - INFO - Controller-Button erkannt: stick_right (Button 9)
2025-04-03 19:55:02 - game.core.input_handler - INFO - Controller-Button erkannt: stick_right (Button 9)
2025-04-03 19:55:02 - game.core.input_handler - INFO - Controller-Button erkannt: stick_right (Button 9)
2025-04-03 19:55:02 - game.core.input_handler - INFO - Controller-Button erkannt: stick_right (Button 9)
2025-04-03 19:55:02 - game.core.input_handler - INFO - Controller-Button erkannt: stick_right (Button 9)
2025-04-03 19:55:02 - game.core.input_handler - INFO - Controller-Button erkannt: stick_right (Button 9)
2025-04-03 19:55:02 - game.core.input_handler - INFO - Controller-Button erkannt: stick_right (Button 9)
2025-04-03 19:55:02 - game.core.input_handler - INFO - Controller-Button erkannt: stick_right (Button 9)
2025-04-03 19:55:02 - game.core.input_handler - INFO - Controller-Button erkannt: stick_right (Button 9)
2025-04-03 19:55:02 - game.core.input_handler - INFO - Controller-Button erkannt: stick_right (Button 9)
2025-04-03 19:55:03 - game.core.input_handler - INFO - Controller-Button erkannt: stick_left (Button 8)
2025-04-03 19:55:03 - game.core.input_handler - INFO - Controller-Button erkannt: stick_left (Button 8)
2025-04-03 19:55:03 - game.core.input_handler - INFO - Controller-Button erkannt: stick_left (Button 8)
2025-04-03 19:55:03 - game.core.input_handler - INFO - Controller-Button erkannt: stick_left (Button 8)
2025-04-03 19:55:03 - game.core.input_handler - INFO - Controller-Button erkannt: stick_left (Button 8)
2025-04-03 19:55:03 - game.core.input_handler - INFO - Controller-Button erkannt: stick_left (Button 8)
2025-04-03 19:55:03 - game.core.input_handler - INFO - Controller-Button erkannt: stick_left (Button 8)
2025-04-03 19:55:08 - game.core.input_handler - INFO - Aktion erkannt: down (input_state: True, prev_input_state: False)
2025-04-03 19:55:10 - game.core.input_handler - INFO - Aktion erkannt: up (input_state: True, prev_input_state: False)
2025-04-03 19:55:10 - game.core.input_handler - INFO - Aktion erkannt: up (input_state: True, prev_input_state: False)
2025-04-03 19:55:10 - game.core.input_handler - INFO - Aktion erkannt: up (input_state: True, prev_input_state: False)
2025-04-03 19:57:08 - __main__ - INFO - Starting PokeTogether
2025-04-03 19:57:08 - game.core.game - INFO - Initializing game
2025-04-03 19:57:08 - game.core.settings - INFO - Initializing settings
2025-04-03 19:57:08 - game.core.settings - INFO - Settings file settings.json not found, using default settings
2025-04-03 19:57:08 - game.core.input_handler - INFO - Initialisiere Input-Handler
2025-04-03 19:57:08 - game.core.input_handler - INFO - Controller gefunden: Xbox 360 Controller
2025-04-03 19:57:08 - game.core.input_handler - INFO - Controller gefunden: Xbox 360 Controller
2025-04-03 19:57:08 - game.maps.simple_map - INFO - Creating simple map with size 20x18, tile size 16px
2025-04-03 19:57:08 - game.entities.player - INFO - Creating player 'Red' at position (160, 160)
2025-04-03 19:57:08 - game.core.camera - INFO - Creating camera with size 800x600, map size 320x288
2025-04-03 19:57:08 - game.ui.main_menu - INFO - Initializing main menu
2025-04-03 19:57:08 - game.ui.options_menu - INFO - Initializing options menu
2025-04-03 19:57:08 - game.core.game - INFO - Game initialized
2025-04-03 19:57:08 - game.core.game - INFO - Starting game loop
2025-04-03 19:57:08 - game.core.game - INFO - Loading resources
2025-04-03 19:57:08 - game.core.game - INFO - Resources loaded
2025-04-03 19:57:08 - game.core.input_handler - INFO - Controller gefunden: Xbox 360 Controller
2025-04-03 19:57:08 - game.core.input_handler - INFO - Controller gefunden: Xbox 360 Controller
2025-04-03 19:57:08 - game.core.input_handler - INFO - Controller gefunden: Xbox 360 Controller
2025-04-03 19:57:08 - game.core.input_handler - INFO - Controller gefunden: Xbox 360 Controller
2025-04-03 19:57:11 - game.core.input_handler - INFO - Aktion erkannt: down (input_state: True, prev_input_state: False)
2025-04-03 19:57:11 - game.core.input_handler - INFO - Aktion erkannt: down (input_state: True, prev_input_state: False)
2025-04-03 19:59:05 - __main__ - INFO - Starting PokeTogether
2025-04-03 19:59:05 - game.core.game - INFO - Initializing game
2025-04-03 19:59:06 - game.core.settings - INFO - Initializing settings
2025-04-03 19:59:06 - game.core.settings - INFO - Settings file settings.json not found, using default settings
2025-04-03 19:59:06 - game.core.input_handler - INFO - Initialisiere Input-Handler
2025-04-03 19:59:06 - game.core.input_handler - INFO - Controller gefunden: Xbox 360 Controller
2025-04-03 19:59:06 - game.core.input_handler - INFO - Controller gefunden: Xbox 360 Controller
2025-04-03 19:59:06 - game.maps.simple_map - INFO - Creating simple map with size 20x18, tile size 16px
2025-04-03 19:59:06 - game.entities.player - INFO - Creating player 'Red' at position (160, 160)
2025-04-03 19:59:06 - game.core.camera - INFO - Creating camera with size 800x600, map size 320x288
2025-04-03 19:59:06 - game.ui.main_menu - INFO - Initializing main menu
2025-04-03 19:59:06 - game.ui.options_menu - INFO - Initializing options menu
2025-04-03 19:59:06 - game.core.game - INFO - Game initialized
2025-04-03 19:59:06 - game.core.game - INFO - Starting game loop
2025-04-03 19:59:06 - game.core.game - INFO - Loading resources
2025-04-03 19:59:06 - game.core.game - INFO - Resources loaded
2025-04-03 19:59:06 - game.core.input_handler - INFO - Controller gefunden: Xbox 360 Controller
2025-04-03 19:59:06 - game.core.input_handler - INFO - Controller gefunden: Xbox 360 Controller
2025-04-03 19:59:06 - game.core.input_handler - INFO - Controller gefunden: Xbox 360 Controller
2025-04-03 19:59:06 - game.core.input_handler - INFO - Controller gefunden: Xbox 360 Controller
2025-04-03 19:59:08 - game.core.input_handler - INFO - Aktion erkannt: down (input_state: True, prev_input_state: False)
2025-04-03 19:59:10 - game.core.input_handler - INFO - Aktion erkannt: down (input_state: True, prev_input_state: False)
2025-04-03 20:00:28 - __main__ - INFO - Starting PokeTogether
2025-04-03 20:00:28 - game.core.game - INFO - Initializing game
2025-04-03 20:00:29 - game.core.settings - INFO - Initializing settings
2025-04-03 20:00:29 - game.core.settings - INFO - Settings file settings.json not found, using default settings
2025-04-03 20:00:29 - game.core.input_handler - INFO - Initialisiere Input-Handler
2025-04-03 20:00:29 - game.core.input_handler - INFO - Controller gefunden: Xbox 360 Controller
2025-04-03 20:00:29 - game.core.input_handler - INFO - Controller gefunden: Xbox 360 Controller
2025-04-03 20:00:29 - game.maps.simple_map - INFO - Creating simple map with size 20x18, tile size 16px
2025-04-03 20:00:29 - game.entities.player - INFO - Creating player 'Red' at position (160, 160)
2025-04-03 20:00:29 - game.core.camera - INFO - Creating camera with size 800x600, map size 320x288
2025-04-03 20:00:29 - game.ui.main_menu - INFO - Initializing main menu
2025-04-03 20:00:29 - game.ui.options_menu - INFO - Initializing options menu
2025-04-03 20:00:29 - game.core.game - INFO - Game initialized
2025-04-03 20:00:29 - game.core.game - INFO - Starting game loop
2025-04-03 20:00:29 - game.core.game - INFO - Loading resources
2025-04-03 20:00:29 - game.core.game - INFO - Resources loaded
2025-04-03 20:00:29 - game.core.input_handler - INFO - Controller gefunden: Xbox 360 Controller
2025-04-03 20:00:29 - game.core.input_handler - INFO - Controller gefunden: Xbox 360 Controller
2025-04-03 20:00:29 - game.core.input_handler - INFO - Controller gefunden: Xbox 360 Controller
2025-04-03 20:00:29 - game.core.input_handler - INFO - Controller gefunden: Xbox 360 Controller
2025-04-03 20:00:57 - game.core.input_handler - INFO - Aktion erkannt: down (input_state: True, prev_input_state: False)
2025-04-03 20:00:58 - game.core.input_handler - INFO - Aktion erkannt: down (input_state: True, prev_input_state: False)
2025-04-03 20:00:58 - game.core.input_handler - INFO - A-Taste direkt erkannt!
2025-04-03 20:00:58 - game.core.input_handler - INFO - A-Taste direkt erkannt!
2025-04-03 20:00:58 - game.core.input_handler - INFO - A-Taste direkt erkannt!
2025-04-03 20:00:58 - game.core.input_handler - INFO - A-Taste direkt erkannt!
2025-04-03 20:00:58 - game.core.input_handler - INFO - A-Taste direkt erkannt!
2025-04-03 20:00:58 - game.core.input_handler - INFO - A-Taste direkt erkannt!
2025-04-03 20:00:58 - game.core.input_handler - INFO - A-Taste direkt erkannt!
2025-04-03 20:00:58 - game.core.input_handler - INFO - A-Taste direkt erkannt!
2025-04-03 20:00:59 - game.core.input_handler - INFO - A-Taste direkt erkannt!
2025-04-03 20:00:59 - game.core.input_handler - INFO - A-Taste direkt erkannt!
2025-04-03 20:00:59 - game.core.input_handler - INFO - A-Taste direkt erkannt!
2025-04-03 20:00:59 - game.core.input_handler - INFO - A-Taste direkt erkannt!
2025-04-03 20:02:55 - __main__ - INFO - Starting PokeTogether
2025-04-03 20:02:55 - game.core.game - INFO - Initializing game
2025-04-03 20:02:56 - game.core.settings - INFO - Initializing settings
2025-04-03 20:02:56 - game.core.settings - INFO - Settings file settings.json not found, using default settings
2025-04-03 20:02:56 - game.core.input_handler - INFO - Initialisiere Input-Handler
2025-04-03 20:02:56 - game.core.input_handler - INFO - Controller gefunden: Xbox 360 Controller
2025-04-03 20:02:56 - game.core.input_handler - INFO - Controller gefunden: Xbox 360 Controller
2025-04-03 20:02:56 - game.maps.simple_map - INFO - Creating simple map with size 20x18, tile size 16px
2025-04-03 20:02:56 - game.entities.player - INFO - Creating player 'Red' at position (160, 160)
2025-04-03 20:02:56 - game.core.camera - INFO - Creating camera with size 800x600, map size 320x288
2025-04-03 20:02:56 - game.ui.main_menu - INFO - Initializing main menu
2025-04-03 20:02:56 - game.ui.options_menu - INFO - Initializing options menu
2025-04-03 20:02:56 - game.core.game - INFO - Game initialized
2025-04-03 20:02:56 - game.core.game - INFO - Starting game loop
2025-04-03 20:02:56 - game.core.game - INFO - Loading resources
2025-04-03 20:02:56 - game.core.game - INFO - Resources loaded
2025-04-03 20:02:56 - game.core.input_handler - INFO - Controller gefunden: Xbox 360 Controller
2025-04-03 20:02:56 - game.core.input_handler - INFO - Controller gefunden: Xbox 360 Controller
2025-04-03 20:02:56 - game.core.input_handler - INFO - Controller gefunden: Xbox 360 Controller
2025-04-03 20:02:56 - game.core.input_handler - INFO - Controller gefunden: Xbox 360 Controller
2025-04-03 20:02:56 - game.core.input_handler - INFO - was_pressed für A-Taste: input_state=False, prev_input_state=False
2025-04-03 20:02:56 - game.core.input_handler - INFO - was_pressed für A-Taste: input_state=False, prev_input_state=False
2025-04-03 20:02:56 - game.core.input_handler - INFO - was_pressed für A-Taste: input_state=False, prev_input_state=False
2025-04-03 20:02:56 - game.core.input_handler - INFO - was_pressed für A-Taste: input_state=False, prev_input_state=False
2025-04-03 20:02:56 - game.core.input_handler - INFO - was_pressed für A-Taste: input_state=False, prev_input_state=False
2025-04-03 20:02:56 - game.core.input_handler - INFO - was_pressed für A-Taste: input_state=False, prev_input_state=False
2025-04-03 20:02:56 - game.core.input_handler - INFO - was_pressed für A-Taste: input_state=False, prev_input_state=False
2025-04-03 20:02:56 - game.core.input_handler - INFO - was_pressed für A-Taste: input_state=False, prev_input_state=False
2025-04-03 20:02:56 - game.core.input_handler - INFO - was_pressed für A-Taste: input_state=False, prev_input_state=False
2025-04-03 20:02:56 - game.core.input_handler - INFO - was_pressed für A-Taste: input_state=False, prev_input_state=False
2025-04-03 20:02:56 - game.core.input_handler - INFO - was_pressed für A-Taste: input_state=False, prev_input_state=False
2025-04-03 20:02:56 - game.core.input_handler - INFO - was_pressed für A-Taste: input_state=False, prev_input_state=False
2025-04-03 20:02:56 - game.core.input_handler - INFO - was_pressed für A-Taste: input_state=False, prev_input_state=False
2025-04-03 20:02:56 - game.core.input_handler - INFO - was_pressed für A-Taste: input_state=False, prev_input_state=False
2025-04-03 20:02:56 - game.core.input_handler - INFO - was_pressed für A-Taste: input_state=False, prev_input_state=False
2025-04-03 20:02:56 - game.core.input_handler - INFO - was_pressed für A-Taste: input_state=False, prev_input_state=False
2025-04-03 20:02:56 - game.core.input_handler - INFO - was_pressed für A-Taste: input_state=False, prev_input_state=False
2025-04-03 20:02:56 - game.core.input_handler - INFO - was_pressed für A-Taste: input_state=False, prev_input_state=False
2025-04-03 20:02:56 - game.core.input_handler - INFO - was_pressed für A-Taste: input_state=False, prev_input_state=False
2025-04-03 20:02:56 - game.core.input_handler - INFO - was_pressed für A-Taste: input_state=False, prev_input_state=False
2025-04-03 20:02:56 - game.core.input_handler - INFO - was_pressed für A-Taste: input_state=False, prev_input_state=False
2025-04-03 20:02:56 - game.core.input_handler - INFO - was_pressed für A-Taste: input_state=False, prev_input_state=False
2025-04-03 20:02:56 - game.core.input_handler - INFO - was_pressed für A-Taste: input_state=False, prev_input_state=False
2025-04-03 20:02:56 - game.core.input_handler - INFO - was_pressed für A-Taste: input_state=False, prev_input_state=False
2025-04-03 20:02:56 - game.core.input_handler - INFO - was_pressed für A-Taste: input_state=False, prev_input_state=False
2025-04-03 20:02:56 - game.core.input_handler - INFO - was_pressed für A-Taste: input_state=False, prev_input_state=False
2025-04-03 20:02:56 - game.core.input_handler - INFO - was_pressed für A-Taste: input_state=False, prev_input_state=False
2025-04-03 20:02:56 - game.core.input_handler - INFO - was_pressed für A-Taste: input_state=False, prev_input_state=False
2025-04-03 20:02:56 - game.core.input_handler - INFO - was_pressed für A-Taste: input_state=False, prev_input_state=False
2025-04-03 20:02:56 - game.core.input_handler - INFO - was_pressed für A-Taste: input_state=False, prev_input_state=False
2025-04-03 20:02:56 - game.core.input_handler - INFO - was_pressed für A-Taste: input_state=False, prev_input_state=False
2025-04-03 20:02:56 - game.core.input_handler - INFO - was_pressed für A-Taste: input_state=False, prev_input_state=False
2025-04-03 20:02:56 - game.core.input_handler - INFO - was_pressed für A-Taste: input_state=False, prev_input_state=False
2025-04-03 20:02:56 - game.core.input_handler - INFO - was_pressed für A-Taste: input_state=False, prev_input_state=False
2025-04-03 20:02:56 - game.core.input_handler - INFO - was_pressed für A-Taste: input_state=False, prev_input_state=False
2025-04-03 20:02:56 - game.core.input_handler - INFO - was_pressed für A-Taste: input_state=False, prev_input_state=False
2025-04-03 20:02:56 - game.core.input_handler - INFO - was_pressed für A-Taste: input_state=False, prev_input_state=False
2025-04-03 20:02:56 - game.core.input_handler - INFO - was_pressed für A-Taste: input_state=False, prev_input_state=False
2025-04-03 20:02:56 - game.core.input_handler - INFO - was_pressed für A-Taste: input_state=False, prev_input_state=False
2025-04-03 20:02:56 - game.core.input_handler - INFO - was_pressed für A-Taste: input_state=False, prev_input_state=False
2025-04-03 20:02:56 - game.core.input_handler - INFO - was_pressed für A-Taste: input_state=False, prev_input_state=False
2025-04-03 20:02:56 - game.core.input_handler - INFO - was_pressed für A-Taste: input_state=False, prev_input_state=False
2025-04-03 20:02:56 - game.core.input_handler - INFO - was_pressed für A-Taste: input_state=False, prev_input_state=False
2025-04-03 20:02:56 - game.core.input_handler - INFO - was_pressed für A-Taste: input_state=False, prev_input_state=False
2025-04-03 20:02:56 - game.core.input_handler - INFO - was_pressed für A-Taste: input_state=False, prev_input_state=False
2025-04-03 20:02:56 - game.core.input_handler - INFO - was_pressed für A-Taste: input_state=False, prev_input_state=False
2025-04-03 20:02:56 - game.core.input_handler - INFO - was_pressed für A-Taste: input_state=False, prev_input_state=False
2025-04-03 20:02:56 - game.core.input_handler - INFO - was_pressed für A-Taste: input_state=False, prev_input_state=False
2025-04-03 20:02:56 - game.core.input_handler - INFO - was_pressed für A-Taste: input_state=False, prev_input_state=False
2025-04-03 20:02:56 - game.core.input_handler - INFO - was_pressed für A-Taste: input_state=False, prev_input_state=False
2025-04-03 20:02:56 - game.core.input_handler - INFO - was_pressed für A-Taste: input_state=False, prev_input_state=False
2025-04-03 20:02:56 - game.core.input_handler - INFO - was_pressed für A-Taste: input_state=False, prev_input_state=False
2025-04-03 20:02:56 - game.core.input_handler - INFO - was_pressed für A-Taste: input_state=False, prev_input_state=False
2025-04-03 20:02:56 - game.core.input_handler - INFO - was_pressed für A-Taste: input_state=False, prev_input_state=False
2025-04-03 20:02:56 - game.core.input_handler - INFO - was_pressed für A-Taste: input_state=False, prev_input_state=False
2025-04-03 20:02:57 - game.core.input_handler - INFO - was_pressed für A-Taste: input_state=False, prev_input_state=False
2025-04-03 20:02:57 - game.core.input_handler - INFO - was_pressed für A-Taste: input_state=False, prev_input_state=False
2025-04-03 20:02:57 - game.core.input_handler - INFO - was_pressed für A-Taste: input_state=False, prev_input_state=False
2025-04-03 20:02:57 - game.core.input_handler - INFO - was_pressed für A-Taste: input_state=False, prev_input_state=False
2025-04-03 20:02:57 - game.core.input_handler - INFO - was_pressed für A-Taste: input_state=False, prev_input_state=False
2025-04-03 20:02:57 - game.core.input_handler - INFO - was_pressed für A-Taste: input_state=False, prev_input_state=False
2025-04-03 20:02:57 - game.core.input_handler - INFO - was_pressed für A-Taste: input_state=False, prev_input_state=False
2025-04-03 20:02:57 - game.core.input_handler - INFO - was_pressed für A-Taste: input_state=False, prev_input_state=False
2025-04-03 20:02:57 - game.core.input_handler - INFO - was_pressed für A-Taste: input_state=False, prev_input_state=False
2025-04-03 20:02:57 - game.core.input_handler - INFO - was_pressed für A-Taste: input_state=False, prev_input_state=False
2025-04-03 20:02:57 - game.core.input_handler - INFO - was_pressed für A-Taste: input_state=False, prev_input_state=False
2025-04-03 20:02:57 - game.core.input_handler - INFO - was_pressed für A-Taste: input_state=False, prev_input_state=False
2025-04-03 20:02:57 - game.core.input_handler - INFO - was_pressed für A-Taste: input_state=False, prev_input_state=False
2025-04-03 20:02:57 - game.core.input_handler - INFO - was_pressed für A-Taste: input_state=False, prev_input_state=False
2025-04-03 20:02:57 - game.core.input_handler - INFO - was_pressed für A-Taste: input_state=False, prev_input_state=False
2025-04-03 20:02:57 - game.core.input_handler - INFO - was_pressed für A-Taste: input_state=False, prev_input_state=False
2025-04-03 20:02:57 - game.core.input_handler - INFO - was_pressed für A-Taste: input_state=False, prev_input_state=False
2025-04-03 20:02:57 - game.core.input_handler - INFO - was_pressed für A-Taste: input_state=False, prev_input_state=False
2025-04-03 20:02:57 - game.core.input_handler - INFO - was_pressed für A-Taste: input_state=False, prev_input_state=False
2025-04-03 20:02:57 - game.core.input_handler - INFO - was_pressed für A-Taste: input_state=False, prev_input_state=False
2025-04-03 20:02:57 - game.core.input_handler - INFO - was_pressed für A-Taste: input_state=False, prev_input_state=False
2025-04-03 20:02:57 - game.core.input_handler - INFO - was_pressed für A-Taste: input_state=False, prev_input_state=False
2025-04-03 20:02:57 - game.core.input_handler - INFO - was_pressed für A-Taste: input_state=False, prev_input_state=False
2025-04-03 20:02:57 - game.core.input_handler - INFO - was_pressed für A-Taste: input_state=False, prev_input_state=False
2025-04-03 20:02:57 - game.core.input_handler - INFO - was_pressed für A-Taste: input_state=False, prev_input_state=False
2025-04-03 20:02:57 - game.core.input_handler - INFO - was_pressed für A-Taste: input_state=False, prev_input_state=False
2025-04-03 20:02:57 - game.core.input_handler - INFO - was_pressed für A-Taste: input_state=False, prev_input_state=False
2025-04-03 20:02:57 - game.core.input_handler - INFO - was_pressed für A-Taste: input_state=False, prev_input_state=False
2025-04-03 20:02:57 - game.core.input_handler - INFO - was_pressed für A-Taste: input_state=False, prev_input_state=False
2025-04-03 20:02:57 - game.core.input_handler - INFO - was_pressed für A-Taste: input_state=False, prev_input_state=False
2025-04-03 20:02:57 - game.core.input_handler - INFO - was_pressed für A-Taste: input_state=False, prev_input_state=False
2025-04-03 20:02:57 - game.core.input_handler - INFO - was_pressed für A-Taste: input_state=False, prev_input_state=False
2025-04-03 20:02:57 - game.core.input_handler - INFO - was_pressed für A-Taste: input_state=False, prev_input_state=False
2025-04-03 20:02:57 - game.core.input_handler - INFO - was_pressed für A-Taste: input_state=False, prev_input_state=False
2025-04-03 20:02:57 - game.core.input_handler - INFO - was_pressed für A-Taste: input_state=False, prev_input_state=False
2025-04-03 20:02:57 - game.core.input_handler - INFO - was_pressed für A-Taste: input_state=False, prev_input_state=False
2025-04-03 20:02:57 - game.core.input_handler - INFO - was_pressed für A-Taste: input_state=False, prev_input_state=False
2025-04-03 20:02:57 - game.core.input_handler - INFO - was_pressed für A-Taste: input_state=False, prev_input_state=False
2025-04-03 20:02:57 - game.core.input_handler - INFO - was_pressed für A-Taste: input_state=False, prev_input_state=False
2025-04-03 20:02:57 - game.core.input_handler - INFO - was_pressed für A-Taste: input_state=False, prev_input_state=False
2025-04-03 20:02:57 - game.core.input_handler - INFO - was_pressed für A-Taste: input_state=False, prev_input_state=False
2025-04-03 20:02:57 - game.core.input_handler - INFO - was_pressed für A-Taste: input_state=False, prev_input_state=False
2025-04-03 20:02:57 - game.core.input_handler - INFO - was_pressed für A-Taste: input_state=False, prev_input_state=False
2025-04-03 20:02:57 - game.core.input_handler - INFO - was_pressed für A-Taste: input_state=False, prev_input_state=False
2025-04-03 20:02:57 - game.core.input_handler - INFO - was_pressed für A-Taste: input_state=False, prev_input_state=False
2025-04-03 20:02:57 - game.core.input_handler - INFO - was_pressed für A-Taste: input_state=False, prev_input_state=False
2025-04-03 20:02:57 - game.core.input_handler - INFO - was_pressed für A-Taste: input_state=False, prev_input_state=False
2025-04-03 20:02:57 - game.core.input_handler - INFO - was_pressed für A-Taste: input_state=False, prev_input_state=False
2025-04-03 20:02:57 - game.core.input_handler - INFO - was_pressed für A-Taste: input_state=False, prev_input_state=False
2025-04-03 20:02:57 - game.core.input_handler - INFO - was_pressed für A-Taste: input_state=False, prev_input_state=False
2025-04-03 20:02:57 - game.core.input_handler - INFO - was_pressed für A-Taste: input_state=False, prev_input_state=False
2025-04-03 20:02:57 - game.core.input_handler - INFO - was_pressed für A-Taste: input_state=False, prev_input_state=False
2025-04-03 20:02:57 - game.core.input_handler - INFO - was_pressed für A-Taste: input_state=False, prev_input_state=False
2025-04-03 20:02:57 - game.core.input_handler - INFO - was_pressed für A-Taste: input_state=False, prev_input_state=False
2025-04-03 20:02:57 - game.core.input_handler - INFO - was_pressed für A-Taste: input_state=False, prev_input_state=False
2025-04-03 20:02:57 - game.core.input_handler - INFO - was_pressed für A-Taste: input_state=False, prev_input_state=False
2025-04-03 20:02:57 - game.core.input_handler - INFO - was_pressed für A-Taste: input_state=False, prev_input_state=False
2025-04-03 20:02:57 - game.core.input_handler - INFO - was_pressed für A-Taste: input_state=False, prev_input_state=False
2025-04-03 20:02:57 - game.core.input_handler - INFO - was_pressed für A-Taste: input_state=False, prev_input_state=False
2025-04-03 20:02:57 - game.core.input_handler - INFO - was_pressed für A-Taste: input_state=False, prev_input_state=False
2025-04-03 20:02:58 - game.core.input_handler - INFO - was_pressed für A-Taste: input_state=False, prev_input_state=False
2025-04-03 20:02:58 - game.core.input_handler - INFO - was_pressed für A-Taste: input_state=False, prev_input_state=False
2025-04-03 20:02:58 - game.core.input_handler - INFO - was_pressed für A-Taste: input_state=False, prev_input_state=False
2025-04-03 20:02:58 - game.core.input_handler - INFO - was_pressed für A-Taste: input_state=False, prev_input_state=False
2025-04-03 20:02:58 - game.core.input_handler - INFO - was_pressed für A-Taste: input_state=False, prev_input_state=False
2025-04-03 20:02:58 - game.core.input_handler - INFO - was_pressed für A-Taste: input_state=False, prev_input_state=False
2025-04-03 20:02:58 - game.core.input_handler - INFO - was_pressed für A-Taste: input_state=False, prev_input_state=False
2025-04-03 20:02:58 - game.core.input_handler - INFO - was_pressed für A-Taste: input_state=False, prev_input_state=False
2025-04-03 20:02:58 - game.core.input_handler - INFO - was_pressed für A-Taste: input_state=False, prev_input_state=False
2025-04-03 20:02:58 - game.core.input_handler - INFO - was_pressed für A-Taste: input_state=False, prev_input_state=False
2025-04-03 20:02:58 - game.core.input_handler - INFO - was_pressed für A-Taste: input_state=False, prev_input_state=False
2025-04-03 20:02:58 - game.core.input_handler - INFO - was_pressed für A-Taste: input_state=False, prev_input_state=False
2025-04-03 20:02:58 - game.core.input_handler - INFO - was_pressed für A-Taste: input_state=False, prev_input_state=False
2025-04-03 20:02:58 - game.core.input_handler - INFO - was_pressed für A-Taste: input_state=False, prev_input_state=False
2025-04-03 20:02:58 - game.core.input_handler - INFO - was_pressed für A-Taste: input_state=False, prev_input_state=False
2025-04-03 20:02:58 - game.core.input_handler - INFO - was_pressed für A-Taste: input_state=False, prev_input_state=False
2025-04-03 20:02:58 - game.core.input_handler - INFO - was_pressed für A-Taste: input_state=False, prev_input_state=False
2025-04-03 20:02:58 - game.core.input_handler - INFO - was_pressed für A-Taste: input_state=False, prev_input_state=False
2025-04-03 20:02:58 - game.core.input_handler - INFO - was_pressed für A-Taste: input_state=False, prev_input_state=False
2025-04-03 20:02:58 - game.core.input_handler - INFO - was_pressed für A-Taste: input_state=False, prev_input_state=False
2025-04-03 20:02:58 - game.core.input_handler - INFO - was_pressed für A-Taste: input_state=False, prev_input_state=False
2025-04-03 20:02:58 - game.core.input_handler - INFO - was_pressed für A-Taste: input_state=False, prev_input_state=False
2025-04-03 20:02:58 - game.core.input_handler - INFO - was_pressed für A-Taste: input_state=False, prev_input_state=False
2025-04-03 20:02:58 - game.core.input_handler - INFO - was_pressed für A-Taste: input_state=False, prev_input_state=False
2025-04-03 20:02:58 - game.core.input_handler - INFO - was_pressed für A-Taste: input_state=False, prev_input_state=False
2025-04-03 20:02:58 - game.core.input_handler - INFO - was_pressed für A-Taste: input_state=False, prev_input_state=False
2025-04-03 20:02:58 - game.core.input_handler - INFO - was_pressed für A-Taste: input_state=False, prev_input_state=False
2025-04-03 20:02:58 - game.core.input_handler - INFO - was_pressed für A-Taste: input_state=False, prev_input_state=False
2025-04-03 20:02:58 - game.core.input_handler - INFO - was_pressed für A-Taste: input_state=False, prev_input_state=False
2025-04-03 20:02:58 - game.core.input_handler - INFO - was_pressed für A-Taste: input_state=False, prev_input_state=False
2025-04-03 20:02:58 - game.core.input_handler - INFO - was_pressed für A-Taste: input_state=False, prev_input_state=False
2025-04-03 20:02:58 - game.core.input_handler - INFO - was_pressed für A-Taste: input_state=False, prev_input_state=False
2025-04-03 20:02:58 - game.core.input_handler - INFO - was_pressed für A-Taste: input_state=False, prev_input_state=False
2025-04-03 20:02:58 - game.core.input_handler - INFO - was_pressed für A-Taste: input_state=False, prev_input_state=False
2025-04-03 20:02:58 - game.core.input_handler - INFO - was_pressed für A-Taste: input_state=False, prev_input_state=False
2025-04-03 20:02:58 - game.core.input_handler - INFO - was_pressed für A-Taste: input_state=False, prev_input_state=False
2025-04-03 20:02:58 - game.core.input_handler - INFO - was_pressed für A-Taste: input_state=False, prev_input_state=False
2025-04-03 20:02:58 - game.core.input_handler - INFO - was_pressed für A-Taste: input_state=False, prev_input_state=False
2025-04-03 20:02:58 - game.core.input_handler - INFO - was_pressed für A-Taste: input_state=False, prev_input_state=False
2025-04-03 20:02:58 - game.core.input_handler - INFO - was_pressed für A-Taste: input_state=False, prev_input_state=False
2025-04-03 20:02:58 - game.core.input_handler - INFO - was_pressed für A-Taste: input_state=False, prev_input_state=False
2025-04-03 20:02:58 - game.core.input_handler - INFO - was_pressed für A-Taste: input_state=False, prev_input_state=False
2025-04-03 20:02:58 - game.core.input_handler - INFO - was_pressed für A-Taste: input_state=False, prev_input_state=False
2025-04-03 20:02:58 - game.core.input_handler - INFO - was_pressed für A-Taste: input_state=False, prev_input_state=False
2025-04-03 20:02:58 - game.core.input_handler - INFO - was_pressed für A-Taste: input_state=False, prev_input_state=False
2025-04-03 20:02:58 - game.core.input_handler - INFO - was_pressed für A-Taste: input_state=False, prev_input_state=False
2025-04-03 20:02:58 - game.core.input_handler - INFO - was_pressed für A-Taste: input_state=False, prev_input_state=False
2025-04-03 20:02:58 - game.core.input_handler - INFO - was_pressed für A-Taste: input_state=False, prev_input_state=False
2025-04-03 20:02:58 - game.core.input_handler - INFO - was_pressed für A-Taste: input_state=False, prev_input_state=False
2025-04-03 20:02:58 - game.core.input_handler - INFO - was_pressed für A-Taste: input_state=False, prev_input_state=False
2025-04-03 20:02:58 - game.core.input_handler - INFO - was_pressed für A-Taste: input_state=False, prev_input_state=False
2025-04-03 20:02:58 - game.core.input_handler - INFO - was_pressed für A-Taste: input_state=False, prev_input_state=False
2025-04-03 20:02:58 - game.core.input_handler - INFO - was_pressed für A-Taste: input_state=False, prev_input_state=False
2025-04-03 20:02:58 - game.core.input_handler - INFO - was_pressed für A-Taste: input_state=False, prev_input_state=False
2025-04-03 20:02:58 - game.core.input_handler - INFO - was_pressed für A-Taste: input_state=False, prev_input_state=False
2025-04-03 20:02:58 - game.core.input_handler - INFO - was_pressed für A-Taste: input_state=False, prev_input_state=False
2025-04-03 20:02:58 - game.core.input_handler - INFO - was_pressed für A-Taste: input_state=False, prev_input_state=False
2025-04-03 20:02:58 - game.core.input_handler - INFO - was_pressed für A-Taste: input_state=False, prev_input_state=False
2025-04-03 20:02:58 - game.core.input_handler - INFO - was_pressed für A-Taste: input_state=False, prev_input_state=False
2025-04-03 20:02:58 - game.core.input_handler - INFO - was_pressed für A-Taste: input_state=False, prev_input_state=False
2025-04-03 20:02:58 - game.core.input_handler - INFO - was_pressed für A-Taste: input_state=False, prev_input_state=False
2025-04-03 20:02:59 - game.core.input_handler - INFO - was_pressed für A-Taste: input_state=False, prev_input_state=False
2025-04-03 20:02:59 - game.core.input_handler - INFO - was_pressed für A-Taste: input_state=False, prev_input_state=False
2025-04-03 20:02:59 - game.core.input_handler - INFO - was_pressed für A-Taste: input_state=False, prev_input_state=False
2025-04-03 20:02:59 - game.core.input_handler - INFO - was_pressed für A-Taste: input_state=False, prev_input_state=False
2025-04-03 20:02:59 - game.core.input_handler - INFO - was_pressed für A-Taste: input_state=False, prev_input_state=False
2025-04-03 20:02:59 - game.core.input_handler - INFO - was_pressed für A-Taste: input_state=False, prev_input_state=False
2025-04-03 20:02:59 - game.core.input_handler - INFO - was_pressed für A-Taste: input_state=False, prev_input_state=False
2025-04-03 20:02:59 - game.core.input_handler - INFO - was_pressed für A-Taste: input_state=False, prev_input_state=False
2025-04-03 20:02:59 - game.core.input_handler - INFO - was_pressed für A-Taste: input_state=False, prev_input_state=False
2025-04-03 20:02:59 - game.core.input_handler - INFO - was_pressed für A-Taste: input_state=False, prev_input_state=False
2025-04-03 20:02:59 - game.core.input_handler - INFO - was_pressed für A-Taste: input_state=False, prev_input_state=False
2025-04-03 20:02:59 - game.core.input_handler - INFO - was_pressed für A-Taste: input_state=False, prev_input_state=False
2025-04-03 20:02:59 - game.core.input_handler - INFO - was_pressed für A-Taste: input_state=False, prev_input_state=False
2025-04-03 20:02:59 - game.core.input_handler - INFO - was_pressed für A-Taste: input_state=False, prev_input_state=False
2025-04-03 20:02:59 - game.core.input_handler - INFO - was_pressed für A-Taste: input_state=False, prev_input_state=False
2025-04-03 20:02:59 - game.core.input_handler - INFO - was_pressed für A-Taste: input_state=False, prev_input_state=False
2025-04-03 20:02:59 - game.core.input_handler - INFO - was_pressed für A-Taste: input_state=False, prev_input_state=False
2025-04-03 20:02:59 - game.core.input_handler - INFO - was_pressed für A-Taste: input_state=False, prev_input_state=False
2025-04-03 20:02:59 - game.core.input_handler - INFO - was_pressed für A-Taste: input_state=False, prev_input_state=False
2025-04-03 20:02:59 - game.core.input_handler - INFO - was_pressed für A-Taste: input_state=False, prev_input_state=False
2025-04-03 20:02:59 - game.core.input_handler - INFO - was_pressed für A-Taste: input_state=False, prev_input_state=False
2025-04-03 20:02:59 - game.core.input_handler - INFO - was_pressed für A-Taste: input_state=False, prev_input_state=False
2025-04-03 20:02:59 - game.core.input_handler - INFO - was_pressed für A-Taste: input_state=False, prev_input_state=False
2025-04-03 20:02:59 - game.core.input_handler - INFO - was_pressed für A-Taste: input_state=False, prev_input_state=False
2025-04-03 20:02:59 - game.core.input_handler - INFO - was_pressed für A-Taste: input_state=False, prev_input_state=False
2025-04-03 20:02:59 - game.core.input_handler - INFO - was_pressed für A-Taste: input_state=False, prev_input_state=False
2025-04-03 20:02:59 - game.core.input_handler - INFO - was_pressed für A-Taste: input_state=False, prev_input_state=False
2025-04-03 20:02:59 - game.core.input_handler - INFO - was_pressed für A-Taste: input_state=False, prev_input_state=False
2025-04-03 20:02:59 - game.core.input_handler - INFO - was_pressed für A-Taste: input_state=False, prev_input_state=False
2025-04-03 20:02:59 - game.core.input_handler - INFO - was_pressed für A-Taste: input_state=False, prev_input_state=False
2025-04-03 20:02:59 - game.core.input_handler - INFO - was_pressed für A-Taste: input_state=False, prev_input_state=False
2025-04-03 20:02:59 - game.core.input_handler - INFO - was_pressed für A-Taste: input_state=False, prev_input_state=False
2025-04-03 20:02:59 - game.core.input_handler - INFO - was_pressed für A-Taste: input_state=False, prev_input_state=False
2025-04-03 20:02:59 - game.core.input_handler - INFO - was_pressed für A-Taste: input_state=False, prev_input_state=False
2025-04-03 20:02:59 - game.core.input_handler - INFO - was_pressed für A-Taste: input_state=False, prev_input_state=False
2025-04-03 20:02:59 - game.core.input_handler - INFO - was_pressed für A-Taste: input_state=False, prev_input_state=False
2025-04-03 20:02:59 - game.core.input_handler - INFO - was_pressed für A-Taste: input_state=False, prev_input_state=False
2025-04-03 20:02:59 - game.core.input_handler - INFO - was_pressed für A-Taste: input_state=False, prev_input_state=False
2025-04-03 20:02:59 - game.core.input_handler - INFO - was_pressed für A-Taste: input_state=False, prev_input_state=False
2025-04-03 20:02:59 - game.core.input_handler - INFO - was_pressed für A-Taste: input_state=False, prev_input_state=False
2025-04-03 20:02:59 - game.core.input_handler - INFO - was_pressed für A-Taste: input_state=False, prev_input_state=False
2025-04-03 20:02:59 - game.core.input_handler - INFO - was_pressed für A-Taste: input_state=False, prev_input_state=False
2025-04-03 20:02:59 - game.core.input_handler - INFO - was_pressed für A-Taste: input_state=False, prev_input_state=False
2025-04-03 20:02:59 - game.core.input_handler - INFO - was_pressed für A-Taste: input_state=False, prev_input_state=False
2025-04-03 20:02:59 - game.core.input_handler - INFO - was_pressed für A-Taste: input_state=False, prev_input_state=False
2025-04-03 20:02:59 - game.core.input_handler - INFO - was_pressed für A-Taste: input_state=False, prev_input_state=False
2025-04-03 20:02:59 - game.core.input_handler - INFO - was_pressed für A-Taste: input_state=False, prev_input_state=False
2025-04-03 20:02:59 - game.core.input_handler - INFO - was_pressed für A-Taste: input_state=False, prev_input_state=False
2025-04-03 20:02:59 - game.core.input_handler - INFO - was_pressed für A-Taste: input_state=False, prev_input_state=False
2025-04-03 20:02:59 - game.core.input_handler - INFO - was_pressed für A-Taste: input_state=False, prev_input_state=False
2025-04-03 20:02:59 - game.core.input_handler - INFO - was_pressed für A-Taste: input_state=False, prev_input_state=False
2025-04-03 20:02:59 - game.core.input_handler - INFO - was_pressed für A-Taste: input_state=False, prev_input_state=False
2025-04-03 20:02:59 - game.core.input_handler - INFO - was_pressed für A-Taste: input_state=False, prev_input_state=False
2025-04-03 20:02:59 - game.core.input_handler - INFO - was_pressed für A-Taste: input_state=False, prev_input_state=False
2025-04-03 20:02:59 - game.core.input_handler - INFO - was_pressed für A-Taste: input_state=False, prev_input_state=False
2025-04-03 20:02:59 - game.core.input_handler - INFO - was_pressed für A-Taste: input_state=False, prev_input_state=False
2025-04-03 20:02:59 - game.core.input_handler - INFO - was_pressed für A-Taste: input_state=False, prev_input_state=False
2025-04-03 20:02:59 - game.core.input_handler - INFO - was_pressed für A-Taste: input_state=False, prev_input_state=False
2025-04-03 20:02:59 - game.core.input_handler - INFO - was_pressed für A-Taste: input_state=False, prev_input_state=False
2025-04-03 20:02:59 - game.core.input_handler - INFO - was_pressed für A-Taste: input_state=False, prev_input_state=False
2025-04-03 20:02:59 - game.core.input_handler - INFO - was_pressed für A-Taste: input_state=False, prev_input_state=False
2025-04-03 20:03:00 - game.core.input_handler - INFO - was_pressed für A-Taste: input_state=False, prev_input_state=False
2025-04-03 20:03:00 - game.core.input_handler - INFO - was_pressed für A-Taste: input_state=False, prev_input_state=False
2025-04-03 20:03:00 - game.core.input_handler - INFO - was_pressed für A-Taste: input_state=False, prev_input_state=False
2025-04-03 20:03:00 - game.core.input_handler - INFO - was_pressed für A-Taste: input_state=False, prev_input_state=False
2025-04-03 20:03:00 - game.core.input_handler - INFO - was_pressed für A-Taste: input_state=False, prev_input_state=False
2025-04-03 20:03:00 - game.core.input_handler - INFO - was_pressed für A-Taste: input_state=False, prev_input_state=False
2025-04-03 20:03:00 - game.core.input_handler - INFO - was_pressed für A-Taste: input_state=False, prev_input_state=False
2025-04-03 20:03:00 - game.core.input_handler - INFO - was_pressed für A-Taste: input_state=False, prev_input_state=False
2025-04-03 20:03:00 - game.core.input_handler - INFO - was_pressed für A-Taste: input_state=False, prev_input_state=False
2025-04-03 20:03:00 - game.core.input_handler - INFO - was_pressed für A-Taste: input_state=False, prev_input_state=False
2025-04-03 20:03:00 - game.core.input_handler - INFO - was_pressed für A-Taste: input_state=False, prev_input_state=False
2025-04-03 20:03:00 - game.core.input_handler - INFO - was_pressed für A-Taste: input_state=False, prev_input_state=False
2025-04-03 20:03:00 - game.core.input_handler - INFO - was_pressed für A-Taste: input_state=False, prev_input_state=False
2025-04-03 20:03:00 - game.core.input_handler - INFO - was_pressed für A-Taste: input_state=False, prev_input_state=False
2025-04-03 20:03:00 - game.core.input_handler - INFO - was_pressed für A-Taste: input_state=False, prev_input_state=False
2025-04-03 20:03:00 - game.core.input_handler - INFO - was_pressed für A-Taste: input_state=False, prev_input_state=False
2025-04-03 20:03:00 - game.core.input_handler - INFO - was_pressed für A-Taste: input_state=False, prev_input_state=False
2025-04-03 20:03:00 - game.core.input_handler - INFO - was_pressed für A-Taste: input_state=False, prev_input_state=False
2025-04-03 20:03:00 - game.core.input_handler - INFO - was_pressed für A-Taste: input_state=False, prev_input_state=False
2025-04-03 20:03:00 - game.core.input_handler - INFO - was_pressed für A-Taste: input_state=False, prev_input_state=False
2025-04-03 20:03:00 - game.core.input_handler - INFO - was_pressed für A-Taste: input_state=False, prev_input_state=False
2025-04-03 20:03:00 - game.core.input_handler - INFO - was_pressed für A-Taste: input_state=False, prev_input_state=False
2025-04-03 20:03:00 - game.core.input_handler - INFO - was_pressed für A-Taste: input_state=False, prev_input_state=False
2025-04-03 20:03:00 - game.core.input_handler - INFO - was_pressed für A-Taste: input_state=False, prev_input_state=False
2025-04-03 20:03:00 - game.core.input_handler - INFO - was_pressed für A-Taste: input_state=False, prev_input_state=False
2025-04-03 20:03:00 - game.core.input_handler - INFO - was_pressed für A-Taste: input_state=False, prev_input_state=False
2025-04-03 20:03:00 - game.core.input_handler - INFO - was_pressed für A-Taste: input_state=False, prev_input_state=False
2025-04-03 20:03:00 - game.core.input_handler - INFO - was_pressed für A-Taste: input_state=False, prev_input_state=False
2025-04-03 20:03:00 - game.core.input_handler - INFO - was_pressed für A-Taste: input_state=False, prev_input_state=False
2025-04-03 20:03:00 - game.core.input_handler - INFO - was_pressed für A-Taste: input_state=False, prev_input_state=False
2025-04-03 20:03:00 - game.core.input_handler - INFO - was_pressed für A-Taste: input_state=False, prev_input_state=False
2025-04-03 20:03:00 - game.core.input_handler - INFO - was_pressed für A-Taste: input_state=False, prev_input_state=False
2025-04-03 20:03:00 - game.core.input_handler - INFO - was_pressed für A-Taste: input_state=False, prev_input_state=False
2025-04-03 20:03:00 - game.core.input_handler - INFO - was_pressed für A-Taste: input_state=False, prev_input_state=False
2025-04-03 20:03:00 - game.core.input_handler - INFO - was_pressed für A-Taste: input_state=False, prev_input_state=False
2025-04-03 20:03:00 - game.core.input_handler - INFO - was_pressed für A-Taste: input_state=False, prev_input_state=False
2025-04-03 20:03:00 - game.core.input_handler - INFO - was_pressed für A-Taste: input_state=False, prev_input_state=False
2025-04-03 20:03:00 - game.core.input_handler - INFO - was_pressed für A-Taste: input_state=False, prev_input_state=False
2025-04-03 20:03:00 - game.core.input_handler - INFO - was_pressed für A-Taste: input_state=False, prev_input_state=False
2025-04-03 20:03:00 - game.core.input_handler - INFO - was_pressed für A-Taste: input_state=False, prev_input_state=False
2025-04-03 20:03:00 - game.core.input_handler - INFO - was_pressed für A-Taste: input_state=False, prev_input_state=False
2025-04-03 20:03:00 - game.core.input_handler - INFO - was_pressed für A-Taste: input_state=False, prev_input_state=False
2025-04-03 20:03:00 - game.core.input_handler - INFO - was_pressed für A-Taste: input_state=False, prev_input_state=False
2025-04-03 20:03:00 - game.core.input_handler - INFO - was_pressed für A-Taste: input_state=False, prev_input_state=False
2025-04-03 20:03:00 - game.core.input_handler - INFO - was_pressed für A-Taste: input_state=False, prev_input_state=False
2025-04-03 20:03:00 - game.core.input_handler - INFO - was_pressed für A-Taste: input_state=False, prev_input_state=False
2025-04-03 20:03:00 - game.core.input_handler - INFO - was_pressed für A-Taste: input_state=False, prev_input_state=False
2025-04-03 20:03:00 - game.core.input_handler - INFO - was_pressed für A-Taste: input_state=False, prev_input_state=False
2025-04-03 20:03:00 - game.core.input_handler - INFO - was_pressed für A-Taste: input_state=False, prev_input_state=False
2025-04-03 20:03:00 - game.core.input_handler - INFO - was_pressed für A-Taste: input_state=False, prev_input_state=False
2025-04-03 20:03:00 - game.core.input_handler - INFO - was_pressed für A-Taste: input_state=False, prev_input_state=False
2025-04-03 20:03:00 - game.core.input_handler - INFO - was_pressed für A-Taste: input_state=False, prev_input_state=False
2025-04-03 20:03:00 - game.core.input_handler - INFO - was_pressed für A-Taste: input_state=False, prev_input_state=False
2025-04-03 20:03:00 - game.core.input_handler - INFO - was_pressed für A-Taste: input_state=False, prev_input_state=False
2025-04-03 20:03:00 - game.core.input_handler - INFO - was_pressed für A-Taste: input_state=False, prev_input_state=False
2025-04-03 20:03:00 - game.core.input_handler - INFO - was_pressed für A-Taste: input_state=False, prev_input_state=False
2025-04-03 20:03:00 - game.core.input_handler - INFO - was_pressed für A-Taste: input_state=False, prev_input_state=False
2025-04-03 20:03:00 - game.core.input_handler - INFO - was_pressed für A-Taste: input_state=False, prev_input_state=False
2025-04-03 20:03:00 - game.core.input_handler - INFO - was_pressed für A-Taste: input_state=False, prev_input_state=False
2025-04-03 20:03:00 - game.core.input_handler - INFO - was_pressed für A-Taste: input_state=False, prev_input_state=False
2025-04-03 20:03:00 - game.core.input_handler - INFO - was_pressed für A-Taste: input_state=False, prev_input_state=False
2025-04-03 20:03:01 - game.core.input_handler - INFO - was_pressed für A-Taste: input_state=False, prev_input_state=False
2025-04-03 20:03:01 - game.core.input_handler - INFO - was_pressed für A-Taste: input_state=False, prev_input_state=False
2025-04-03 20:03:01 - game.core.input_handler - INFO - was_pressed für A-Taste: input_state=False, prev_input_state=False
2025-04-03 20:03:01 - game.core.input_handler - INFO - was_pressed für A-Taste: input_state=False, prev_input_state=False
2025-04-03 20:03:01 - game.core.input_handler - INFO - was_pressed für A-Taste: input_state=False, prev_input_state=False
2025-04-03 20:03:01 - game.core.input_handler - INFO - was_pressed für A-Taste: input_state=False, prev_input_state=False
2025-04-03 20:03:01 - game.core.input_handler - INFO - was_pressed für A-Taste: input_state=False, prev_input_state=False
2025-04-03 20:03:01 - game.core.input_handler - INFO - was_pressed für A-Taste: input_state=False, prev_input_state=False
2025-04-03 20:03:01 - game.core.input_handler - INFO - was_pressed für A-Taste: input_state=False, prev_input_state=False
2025-04-03 20:03:01 - game.core.input_handler - INFO - was_pressed für A-Taste: input_state=False, prev_input_state=False
2025-04-03 20:03:01 - game.core.input_handler - INFO - was_pressed für A-Taste: input_state=False, prev_input_state=False
2025-04-03 20:03:01 - game.core.input_handler - INFO - was_pressed für A-Taste: input_state=False, prev_input_state=False
2025-04-03 20:03:01 - game.core.input_handler - INFO - was_pressed für A-Taste: input_state=False, prev_input_state=False
2025-04-03 20:03:01 - game.core.input_handler - INFO - was_pressed für A-Taste: input_state=False, prev_input_state=False
2025-04-03 20:03:01 - game.core.input_handler - INFO - was_pressed für A-Taste: input_state=False, prev_input_state=False
2025-04-03 20:03:01 - game.core.input_handler - INFO - was_pressed für A-Taste: input_state=False, prev_input_state=False
2025-04-03 20:03:01 - game.core.input_handler - INFO - was_pressed für A-Taste: input_state=False, prev_input_state=False
2025-04-03 20:03:01 - game.core.input_handler - INFO - was_pressed für A-Taste: input_state=False, prev_input_state=False
2025-04-03 20:03:01 - game.core.input_handler - INFO - was_pressed für A-Taste: input_state=False, prev_input_state=False
2025-04-03 20:03:01 - game.core.input_handler - INFO - was_pressed für A-Taste: input_state=False, prev_input_state=False
2025-04-03 20:03:01 - game.core.input_handler - INFO - was_pressed für A-Taste: input_state=False, prev_input_state=False
2025-04-03 20:03:01 - game.core.input_handler - INFO - was_pressed für A-Taste: input_state=False, prev_input_state=False
2025-04-03 20:03:01 - game.core.input_handler - INFO - was_pressed für A-Taste: input_state=False, prev_input_state=False
2025-04-03 20:03:01 - game.core.input_handler - INFO - was_pressed für A-Taste: input_state=False, prev_input_state=False
2025-04-03 20:03:01 - game.core.input_handler - INFO - was_pressed für A-Taste: input_state=False, prev_input_state=False
2025-04-03 20:03:01 - game.core.input_handler - INFO - was_pressed für A-Taste: input_state=False, prev_input_state=False
2025-04-03 20:03:01 - game.core.input_handler - INFO - was_pressed für A-Taste: input_state=False, prev_input_state=False
2025-04-03 20:03:01 - game.core.input_handler - INFO - was_pressed für A-Taste: input_state=False, prev_input_state=False
2025-04-03 20:03:01 - game.core.input_handler - INFO - was_pressed für A-Taste: input_state=False, prev_input_state=False
2025-04-03 20:03:01 - game.core.input_handler - INFO - was_pressed für A-Taste: input_state=False, prev_input_state=False
2025-04-03 20:03:01 - game.core.input_handler - INFO - was_pressed für A-Taste: input_state=False, prev_input_state=False
2025-04-03 20:03:01 - game.core.input_handler - INFO - was_pressed für A-Taste: input_state=False, prev_input_state=False
2025-04-03 20:03:01 - game.core.input_handler - INFO - was_pressed für A-Taste: input_state=False, prev_input_state=False
2025-04-03 20:03:01 - game.core.input_handler - INFO - was_pressed für A-Taste: input_state=False, prev_input_state=False
2025-04-03 20:03:01 - game.core.input_handler - INFO - was_pressed für A-Taste: input_state=False, prev_input_state=False
2025-04-03 20:03:01 - game.core.input_handler - INFO - was_pressed für A-Taste: input_state=False, prev_input_state=False
2025-04-03 20:03:01 - game.core.input_handler - INFO - was_pressed für A-Taste: input_state=False, prev_input_state=False
2025-04-03 20:03:01 - game.core.input_handler - INFO - was_pressed für A-Taste: input_state=False, prev_input_state=False
2025-04-03 20:03:01 - game.core.input_handler - INFO - was_pressed für A-Taste: input_state=False, prev_input_state=False
2025-04-03 20:03:01 - game.core.input_handler - INFO - was_pressed für A-Taste: input_state=False, prev_input_state=False
2025-04-03 20:03:01 - game.core.input_handler - INFO - was_pressed für A-Taste: input_state=False, prev_input_state=False
2025-04-03 20:03:01 - game.core.input_handler - INFO - was_pressed für A-Taste: input_state=False, prev_input_state=False
2025-04-03 20:03:01 - game.core.input_handler - INFO - was_pressed für A-Taste: input_state=False, prev_input_state=False
2025-04-03 20:03:01 - game.core.input_handler - INFO - was_pressed für A-Taste: input_state=False, prev_input_state=False
2025-04-03 20:03:01 - game.core.input_handler - INFO - was_pressed für A-Taste: input_state=False, prev_input_state=False
2025-04-03 20:03:01 - game.core.input_handler - INFO - was_pressed für A-Taste: input_state=False, prev_input_state=False
2025-04-03 20:03:01 - game.core.input_handler - INFO - was_pressed für A-Taste: input_state=False, prev_input_state=False
2025-04-03 20:03:01 - game.core.input_handler - INFO - was_pressed für A-Taste: input_state=False, prev_input_state=False
2025-04-03 20:03:01 - game.core.input_handler - INFO - was_pressed für A-Taste: input_state=False, prev_input_state=False
2025-04-03 20:03:01 - game.core.input_handler - INFO - was_pressed für A-Taste: input_state=False, prev_input_state=False
2025-04-03 20:03:01 - game.core.input_handler - INFO - was_pressed für A-Taste: input_state=False, prev_input_state=False
2025-04-03 20:03:01 - game.core.input_handler - INFO - was_pressed für A-Taste: input_state=False, prev_input_state=False
2025-04-03 20:03:01 - game.core.input_handler - INFO - was_pressed für A-Taste: input_state=False, prev_input_state=False
2025-04-03 20:03:01 - game.core.input_handler - INFO - was_pressed für A-Taste: input_state=False, prev_input_state=False
2025-04-03 20:03:01 - game.core.input_handler - INFO - was_pressed für A-Taste: input_state=False, prev_input_state=False
2025-04-03 20:03:01 - game.core.input_handler - INFO - was_pressed für A-Taste: input_state=False, prev_input_state=False
2025-04-03 20:03:01 - game.core.input_handler - INFO - was_pressed für A-Taste: input_state=False, prev_input_state=False
2025-04-03 20:03:01 - game.core.input_handler - INFO - was_pressed für A-Taste: input_state=False, prev_input_state=False
2025-04-03 20:03:01 - game.core.input_handler - INFO - was_pressed für A-Taste: input_state=False, prev_input_state=False
2025-04-03 20:03:01 - game.core.input_handler - INFO - was_pressed für A-Taste: input_state=False, prev_input_state=False
2025-04-03 20:03:01 - game.core.input_handler - INFO - was_pressed für A-Taste: input_state=False, prev_input_state=False
2025-04-03 20:03:02 - game.core.input_handler - INFO - was_pressed für A-Taste: input_state=False, prev_input_state=False
2025-04-03 20:03:02 - game.core.input_handler - INFO - was_pressed für A-Taste: input_state=False, prev_input_state=False
2025-04-03 20:03:02 - game.core.input_handler - INFO - was_pressed für A-Taste: input_state=False, prev_input_state=False
2025-04-03 20:03:02 - game.core.input_handler - INFO - was_pressed für A-Taste: input_state=False, prev_input_state=False
2025-04-03 20:03:02 - game.core.input_handler - INFO - was_pressed für A-Taste: input_state=False, prev_input_state=False
2025-04-03 20:03:02 - game.core.input_handler - INFO - was_pressed für A-Taste: input_state=False, prev_input_state=False
2025-04-03 20:03:02 - game.core.input_handler - INFO - was_pressed für A-Taste: input_state=False, prev_input_state=False
2025-04-03 20:03:02 - game.core.input_handler - INFO - was_pressed für A-Taste: input_state=False, prev_input_state=False
2025-04-03 20:03:02 - game.core.input_handler - INFO - was_pressed für A-Taste: input_state=False, prev_input_state=False
2025-04-03 20:03:02 - game.core.input_handler - INFO - was_pressed für A-Taste: input_state=False, prev_input_state=False
2025-04-03 20:03:02 - game.core.input_handler - INFO - was_pressed für A-Taste: input_state=False, prev_input_state=False
2025-04-03 20:03:02 - game.core.input_handler - INFO - was_pressed für A-Taste: input_state=False, prev_input_state=False
2025-04-03 20:03:02 - game.core.input_handler - INFO - was_pressed für A-Taste: input_state=False, prev_input_state=False
2025-04-03 20:03:02 - game.core.input_handler - INFO - was_pressed für A-Taste: input_state=False, prev_input_state=False
2025-04-03 20:03:02 - game.core.input_handler - INFO - was_pressed für A-Taste: input_state=False, prev_input_state=False
2025-04-03 20:03:02 - game.core.input_handler - INFO - was_pressed für A-Taste: input_state=False, prev_input_state=False
2025-04-03 20:03:02 - game.core.input_handler - INFO - was_pressed für A-Taste: input_state=False, prev_input_state=False
2025-04-03 20:03:02 - game.core.input_handler - INFO - was_pressed für A-Taste: input_state=False, prev_input_state=False
2025-04-03 20:03:02 - game.core.input_handler - INFO - was_pressed für A-Taste: input_state=False, prev_input_state=False
2025-04-03 20:03:02 - game.core.input_handler - INFO - was_pressed für A-Taste: input_state=False, prev_input_state=False
2025-04-03 20:03:02 - game.core.input_handler - INFO - was_pressed für A-Taste: input_state=False, prev_input_state=False
2025-04-03 20:03:02 - game.core.input_handler - INFO - was_pressed für A-Taste: input_state=False, prev_input_state=False
2025-04-03 20:03:02 - game.core.input_handler - INFO - was_pressed für A-Taste: input_state=False, prev_input_state=False
2025-04-03 20:03:02 - game.core.input_handler - INFO - was_pressed für A-Taste: input_state=False, prev_input_state=False
2025-04-03 20:03:02 - game.core.input_handler - INFO - was_pressed für A-Taste: input_state=False, prev_input_state=False
2025-04-03 20:03:02 - game.core.input_handler - INFO - was_pressed für A-Taste: input_state=False, prev_input_state=False
2025-04-03 20:03:02 - game.core.input_handler - INFO - was_pressed für A-Taste: input_state=False, prev_input_state=False
2025-04-03 20:03:02 - game.core.input_handler - INFO - was_pressed für A-Taste: input_state=False, prev_input_state=False
2025-04-03 20:03:02 - game.core.input_handler - INFO - was_pressed für A-Taste: input_state=False, prev_input_state=False
2025-04-03 20:03:02 - game.core.input_handler - INFO - was_pressed für A-Taste: input_state=False, prev_input_state=False
2025-04-03 20:03:02 - game.core.input_handler - INFO - was_pressed für A-Taste: input_state=False, prev_input_state=False
2025-04-03 20:03:02 - game.core.input_handler - INFO - was_pressed für A-Taste: input_state=False, prev_input_state=False
2025-04-03 20:03:02 - game.core.input_handler - INFO - was_pressed für A-Taste: input_state=False, prev_input_state=False
2025-04-03 20:03:02 - game.core.input_handler - INFO - was_pressed für A-Taste: input_state=False, prev_input_state=False
2025-04-03 20:03:02 - game.core.input_handler - INFO - was_pressed für A-Taste: input_state=False, prev_input_state=False
2025-04-03 20:03:02 - game.core.input_handler - INFO - was_pressed für A-Taste: input_state=False, prev_input_state=False
2025-04-03 20:03:02 - game.core.input_handler - INFO - was_pressed für A-Taste: input_state=False, prev_input_state=False
2025-04-03 20:03:02 - game.core.input_handler - INFO - was_pressed für A-Taste: input_state=False, prev_input_state=False
2025-04-03 20:03:02 - game.core.input_handler - INFO - was_pressed für A-Taste: input_state=False, prev_input_state=False
2025-04-03 20:03:02 - game.core.input_handler - INFO - was_pressed für A-Taste: input_state=False, prev_input_state=False
2025-04-03 20:03:02 - game.core.input_handler - INFO - was_pressed für A-Taste: input_state=False, prev_input_state=False
2025-04-03 20:03:02 - game.core.input_handler - INFO - was_pressed für A-Taste: input_state=False, prev_input_state=False
2025-04-03 20:03:02 - game.core.input_handler - INFO - was_pressed für A-Taste: input_state=False, prev_input_state=False
2025-04-03 20:03:02 - game.core.input_handler - INFO - was_pressed für A-Taste: input_state=False, prev_input_state=False
2025-04-03 20:03:02 - game.core.input_handler - INFO - was_pressed für A-Taste: input_state=False, prev_input_state=False
2025-04-03 20:03:02 - game.core.input_handler - INFO - was_pressed für A-Taste: input_state=False, prev_input_state=False
2025-04-03 20:03:02 - game.core.input_handler - INFO - was_pressed für A-Taste: input_state=False, prev_input_state=False
2025-04-03 20:03:02 - game.core.input_handler - INFO - was_pressed für A-Taste: input_state=False, prev_input_state=False
2025-04-03 20:03:02 - game.core.input_handler - INFO - was_pressed für A-Taste: input_state=False, prev_input_state=False
2025-04-03 20:03:02 - game.core.input_handler - INFO - was_pressed für A-Taste: input_state=False, prev_input_state=False
2025-04-03 20:03:02 - game.core.input_handler - INFO - was_pressed für A-Taste: input_state=False, prev_input_state=False
2025-04-03 20:03:02 - game.core.input_handler - INFO - Aktion erkannt: down (input_state: True, prev_input_state: False)
2025-04-03 20:03:02 - game.core.input_handler - INFO - was_pressed für A-Taste: input_state=False, prev_input_state=False
2025-04-03 20:03:02 - game.core.input_handler - INFO - was_pressed für A-Taste: input_state=False, prev_input_state=False
2025-04-03 20:03:02 - game.core.input_handler - INFO - was_pressed für A-Taste: input_state=False, prev_input_state=False
2025-04-03 20:03:02 - game.core.input_handler - INFO - was_pressed für A-Taste: input_state=False, prev_input_state=False
2025-04-03 20:03:02 - game.core.input_handler - INFO - was_pressed für A-Taste: input_state=False, prev_input_state=False
2025-04-03 20:03:02 - game.core.input_handler - INFO - was_pressed für A-Taste: input_state=False, prev_input_state=False
2025-04-03 20:03:02 - game.core.input_handler - INFO - was_pressed für A-Taste: input_state=False, prev_input_state=False
2025-04-03 20:03:02 - game.core.input_handler - INFO - was_pressed für A-Taste: input_state=False, prev_input_state=False
2025-04-03 20:03:02 - game.core.input_handler - INFO - was_pressed für A-Taste: input_state=False, prev_input_state=False
2025-04-03 20:03:03 - game.core.input_handler - INFO - was_pressed für A-Taste: input_state=False, prev_input_state=False
2025-04-03 20:03:03 - game.core.input_handler - INFO - was_pressed für A-Taste: input_state=False, prev_input_state=False
2025-04-03 20:03:03 - game.core.input_handler - INFO - was_pressed für A-Taste: input_state=False, prev_input_state=False
2025-04-03 20:03:03 - game.core.input_handler - INFO - was_pressed für A-Taste: input_state=False, prev_input_state=False
2025-04-03 20:03:03 - game.core.input_handler - INFO - was_pressed für A-Taste: input_state=False, prev_input_state=False
2025-04-03 20:03:03 - game.core.input_handler - INFO - was_pressed für A-Taste: input_state=False, prev_input_state=False
2025-04-03 20:03:03 - game.core.input_handler - INFO - was_pressed für A-Taste: input_state=False, prev_input_state=False
2025-04-03 20:03:03 - game.core.input_handler - INFO - was_pressed für A-Taste: input_state=False, prev_input_state=False
2025-04-03 20:03:03 - game.core.input_handler - INFO - was_pressed für A-Taste: input_state=False, prev_input_state=False
2025-04-03 20:03:03 - game.core.input_handler - INFO - was_pressed für A-Taste: input_state=False, prev_input_state=False
2025-04-03 20:03:03 - game.core.input_handler - INFO - was_pressed für A-Taste: input_state=False, prev_input_state=False
2025-04-03 20:03:03 - game.core.input_handler - INFO - was_pressed für A-Taste: input_state=False, prev_input_state=False
2025-04-03 20:03:03 - game.core.input_handler - INFO - was_pressed für A-Taste: input_state=False, prev_input_state=False
2025-04-03 20:03:03 - game.core.input_handler - INFO - was_pressed für A-Taste: input_state=False, prev_input_state=False
2025-04-03 20:03:03 - game.core.input_handler - INFO - was_pressed für A-Taste: input_state=False, prev_input_state=False
2025-04-03 20:03:03 - game.core.input_handler - INFO - was_pressed für A-Taste: input_state=False, prev_input_state=False
2025-04-03 20:03:03 - game.core.input_handler - INFO - Aktion erkannt: down (input_state: True, prev_input_state: False)
2025-04-03 20:03:03 - game.core.input_handler - INFO - was_pressed für A-Taste: input_state=False, prev_input_state=False
2025-04-03 20:03:03 - game.core.input_handler - INFO - was_pressed für A-Taste: input_state=False, prev_input_state=False
2025-04-03 20:03:03 - game.core.input_handler - INFO - was_pressed für A-Taste: input_state=False, prev_input_state=False
2025-04-03 20:03:03 - game.core.input_handler - INFO - was_pressed für A-Taste: input_state=False, prev_input_state=False
2025-04-03 20:03:03 - game.core.input_handler - INFO - was_pressed für A-Taste: input_state=False, prev_input_state=False
2025-04-03 20:03:03 - game.core.input_handler - INFO - was_pressed für A-Taste: input_state=False, prev_input_state=False
2025-04-03 20:03:03 - game.core.input_handler - INFO - was_pressed für A-Taste: input_state=False, prev_input_state=False
2025-04-03 20:03:03 - game.core.input_handler - INFO - was_pressed für A-Taste: input_state=False, prev_input_state=False
2025-04-03 20:03:03 - game.core.input_handler - INFO - was_pressed für A-Taste: input_state=False, prev_input_state=False
2025-04-03 20:03:03 - game.core.input_handler - INFO - was_pressed für A-Taste: input_state=False, prev_input_state=False
2025-04-03 20:03:03 - game.core.input_handler - INFO - was_pressed für A-Taste: input_state=False, prev_input_state=False
2025-04-03 20:03:03 - game.core.input_handler - INFO - was_pressed für A-Taste: input_state=False, prev_input_state=False
2025-04-03 20:03:03 - game.core.input_handler - INFO - A-Taste direkt erkannt!
2025-04-03 20:03:03 - game.core.input_handler - INFO - was_pressed für A-Taste: input_state=False, prev_input_state=False
2025-04-03 20:03:03 - game.core.input_handler - INFO - A-Taste direkt erkannt!
2025-04-03 20:03:03 - game.core.input_handler - INFO - was_pressed für A-Taste: input_state=False, prev_input_state=False
2025-04-03 20:03:03 - game.core.input_handler - INFO - A-Taste direkt erkannt!
2025-04-03 20:03:03 - game.core.input_handler - INFO - was_pressed für A-Taste: input_state=False, prev_input_state=False
2025-04-03 20:03:03 - game.core.input_handler - INFO - A-Taste direkt erkannt!
2025-04-03 20:03:03 - game.core.input_handler - INFO - was_pressed für A-Taste: input_state=False, prev_input_state=False
2025-04-03 20:03:03 - game.core.input_handler - INFO - A-Taste direkt erkannt!
2025-04-03 20:03:03 - game.core.input_handler - INFO - was_pressed für A-Taste: input_state=False, prev_input_state=False
2025-04-03 20:03:03 - game.core.input_handler - INFO - A-Taste direkt erkannt!
2025-04-03 20:03:03 - game.core.input_handler - INFO - was_pressed für A-Taste: input_state=False, prev_input_state=False
2025-04-03 20:03:03 - game.core.input_handler - INFO - was_pressed für A-Taste: input_state=False, prev_input_state=False
2025-04-03 20:03:03 - game.core.input_handler - INFO - was_pressed für A-Taste: input_state=False, prev_input_state=False
2025-04-03 20:03:03 - game.core.input_handler - INFO - was_pressed für A-Taste: input_state=False, prev_input_state=False
2025-04-03 20:03:03 - game.core.input_handler - INFO - was_pressed für A-Taste: input_state=False, prev_input_state=False
2025-04-03 20:03:03 - game.core.input_handler - INFO - was_pressed für A-Taste: input_state=False, prev_input_state=False
2025-04-03 20:03:03 - game.core.input_handler - INFO - was_pressed für A-Taste: input_state=False, prev_input_state=False
2025-04-03 20:03:03 - game.core.input_handler - INFO - was_pressed für A-Taste: input_state=False, prev_input_state=False
2025-04-03 20:03:03 - game.core.input_handler - INFO - was_pressed für A-Taste: input_state=False, prev_input_state=False
2025-04-03 20:03:03 - game.core.input_handler - INFO - was_pressed für A-Taste: input_state=False, prev_input_state=False
2025-04-03 20:03:03 - game.core.input_handler - INFO - was_pressed für A-Taste: input_state=False, prev_input_state=False
2025-04-03 20:03:03 - game.core.input_handler - INFO - was_pressed für A-Taste: input_state=False, prev_input_state=False
2025-04-03 20:03:03 - game.core.input_handler - INFO - was_pressed für A-Taste: input_state=False, prev_input_state=False
2025-04-03 20:03:03 - game.core.input_handler - INFO - was_pressed für A-Taste: input_state=False, prev_input_state=False
2025-04-03 20:03:03 - game.core.input_handler - INFO - was_pressed für A-Taste: input_state=False, prev_input_state=False
2025-04-03 20:03:03 - game.core.input_handler - INFO - was_pressed für A-Taste: input_state=False, prev_input_state=False
2025-04-03 20:03:03 - game.core.input_handler - INFO - was_pressed für A-Taste: input_state=False, prev_input_state=False
2025-04-03 20:03:03 - game.core.input_handler - INFO - was_pressed für A-Taste: input_state=False, prev_input_state=False
2025-04-03 20:03:03 - game.core.input_handler - INFO - was_pressed für A-Taste: input_state=False, prev_input_state=False
2025-04-03 20:03:03 - game.core.input_handler - INFO - was_pressed für A-Taste: input_state=False, prev_input_state=False
2025-04-03 20:03:03 - game.core.input_handler - INFO - was_pressed für A-Taste: input_state=False, prev_input_state=False
2025-04-03 20:03:03 - game.core.input_handler - INFO - was_pressed für A-Taste: input_state=False, prev_input_state=False
2025-04-03 20:03:03 - game.core.input_handler - INFO - was_pressed für A-Taste: input_state=False, prev_input_state=False
2025-04-03 20:03:03 - game.core.input_handler - INFO - was_pressed für A-Taste: input_state=False, prev_input_state=False
2025-04-03 20:03:03 - game.core.input_handler - INFO - was_pressed für A-Taste: input_state=False, prev_input_state=False
2025-04-03 20:03:03 - game.core.input_handler - INFO - was_pressed für A-Taste: input_state=False, prev_input_state=False
2025-04-03 20:03:03 - game.core.input_handler - INFO - was_pressed für A-Taste: input_state=False, prev_input_state=False
2025-04-03 20:03:04 - game.core.input_handler - INFO - was_pressed für A-Taste: input_state=False, prev_input_state=False
2025-04-03 20:03:04 - game.core.input_handler - INFO - was_pressed für A-Taste: input_state=False, prev_input_state=False
2025-04-03 20:03:04 - game.core.input_handler - INFO - was_pressed für A-Taste: input_state=False, prev_input_state=False
2025-04-03 20:03:04 - game.core.input_handler - INFO - was_pressed für A-Taste: input_state=False, prev_input_state=False
2025-04-03 20:03:04 - game.core.input_handler - INFO - was_pressed für A-Taste: input_state=False, prev_input_state=False
2025-04-03 20:03:04 - game.core.input_handler - INFO - A-Taste direkt erkannt!
2025-04-03 20:03:04 - game.core.input_handler - INFO - was_pressed für A-Taste: input_state=False, prev_input_state=False
2025-04-03 20:03:04 - game.core.input_handler - INFO - A-Taste direkt erkannt!
2025-04-03 20:03:04 - game.core.input_handler - INFO - was_pressed für A-Taste: input_state=False, prev_input_state=False
2025-04-03 20:03:04 - game.core.input_handler - INFO - A-Taste direkt erkannt!
2025-04-03 20:03:04 - game.core.input_handler - INFO - was_pressed für A-Taste: input_state=False, prev_input_state=False
2025-04-03 20:03:04 - game.core.input_handler - INFO - A-Taste direkt erkannt!
2025-04-03 20:03:04 - game.core.input_handler - INFO - was_pressed für A-Taste: input_state=False, prev_input_state=False
2025-04-03 20:03:04 - game.core.input_handler - INFO - A-Taste direkt erkannt!
2025-04-03 20:03:04 - game.core.input_handler - INFO - was_pressed für A-Taste: input_state=False, prev_input_state=False
2025-04-03 20:03:04 - game.core.input_handler - INFO - A-Taste direkt erkannt!
2025-04-03 20:03:04 - game.core.input_handler - INFO - was_pressed für A-Taste: input_state=False, prev_input_state=False
2025-04-03 20:03:04 - game.core.input_handler - INFO - A-Taste direkt erkannt!
2025-04-03 20:03:04 - game.core.input_handler - INFO - was_pressed für A-Taste: input_state=False, prev_input_state=False
2025-04-03 20:03:04 - game.core.input_handler - INFO - A-Taste direkt erkannt!
2025-04-03 20:03:04 - game.core.input_handler - INFO - was_pressed für A-Taste: input_state=False, prev_input_state=False
2025-04-03 20:03:04 - game.core.input_handler - INFO - was_pressed für A-Taste: input_state=False, prev_input_state=False
2025-04-03 20:03:04 - game.core.input_handler - INFO - was_pressed für A-Taste: input_state=False, prev_input_state=False
2025-04-03 20:03:04 - game.core.input_handler - INFO - was_pressed für A-Taste: input_state=False, prev_input_state=False
2025-04-03 20:03:04 - game.core.input_handler - INFO - was_pressed für A-Taste: input_state=False, prev_input_state=False
2025-04-03 20:03:04 - game.core.input_handler - INFO - was_pressed für A-Taste: input_state=False, prev_input_state=False
2025-04-03 20:03:04 - game.core.input_handler - INFO - was_pressed für A-Taste: input_state=False, prev_input_state=False
2025-04-03 20:03:04 - game.core.input_handler - INFO - was_pressed für A-Taste: input_state=False, prev_input_state=False
2025-04-03 20:03:04 - game.core.input_handler - INFO - was_pressed für A-Taste: input_state=False, prev_input_state=False
2025-04-03 20:03:04 - game.core.input_handler - INFO - was_pressed für A-Taste: input_state=False, prev_input_state=False
2025-04-03 20:03:04 - game.core.input_handler - INFO - was_pressed für A-Taste: input_state=False, prev_input_state=False
2025-04-03 20:03:04 - game.core.input_handler - INFO - was_pressed für A-Taste: input_state=False, prev_input_state=False
2025-04-03 20:03:04 - game.core.input_handler - INFO - was_pressed für A-Taste: input_state=False, prev_input_state=False
2025-04-03 20:03:04 - game.core.input_handler - INFO - was_pressed für A-Taste: input_state=False, prev_input_state=False
2025-04-03 20:03:04 - game.core.input_handler - INFO - was_pressed für A-Taste: input_state=False, prev_input_state=False
2025-04-03 20:03:04 - game.core.input_handler - INFO - was_pressed für A-Taste: input_state=False, prev_input_state=False
2025-04-03 20:03:04 - game.core.input_handler - INFO - was_pressed für A-Taste: input_state=False, prev_input_state=False
2025-04-03 20:03:04 - game.core.input_handler - INFO - was_pressed für A-Taste: input_state=False, prev_input_state=False
2025-04-03 20:03:04 - game.core.input_handler - INFO - was_pressed für A-Taste: input_state=False, prev_input_state=False
2025-04-03 20:03:04 - game.core.input_handler - INFO - was_pressed für A-Taste: input_state=False, prev_input_state=False
2025-04-03 20:03:04 - game.core.input_handler - INFO - was_pressed für A-Taste: input_state=False, prev_input_state=False
2025-04-03 20:03:04 - game.core.input_handler - INFO - was_pressed für A-Taste: input_state=False, prev_input_state=False
2025-04-03 20:03:04 - game.core.input_handler - INFO - was_pressed für A-Taste: input_state=False, prev_input_state=False
2025-04-03 20:03:04 - game.core.input_handler - INFO - was_pressed für A-Taste: input_state=False, prev_input_state=False
2025-04-03 20:03:04 - game.core.input_handler - INFO - was_pressed für A-Taste: input_state=False, prev_input_state=False
2025-04-03 20:03:04 - game.core.input_handler - INFO - was_pressed für A-Taste: input_state=False, prev_input_state=False
2025-04-03 20:03:04 - game.core.input_handler - INFO - was_pressed für A-Taste: input_state=False, prev_input_state=False
2025-04-03 20:03:04 - game.core.input_handler - INFO - was_pressed für A-Taste: input_state=False, prev_input_state=False
2025-04-03 20:03:04 - game.core.input_handler - INFO - was_pressed für A-Taste: input_state=False, prev_input_state=False
2025-04-03 20:03:04 - game.core.input_handler - INFO - was_pressed für A-Taste: input_state=False, prev_input_state=False
2025-04-03 20:03:04 - game.core.input_handler - INFO - was_pressed für A-Taste: input_state=False, prev_input_state=False
2025-04-03 20:03:04 - game.core.input_handler - INFO - was_pressed für A-Taste: input_state=False, prev_input_state=False
2025-04-03 20:03:04 - game.core.input_handler - INFO - was_pressed für A-Taste: input_state=False, prev_input_state=False
2025-04-03 20:03:04 - game.core.input_handler - INFO - was_pressed für A-Taste: input_state=False, prev_input_state=False
2025-04-03 20:03:04 - game.core.input_handler - INFO - was_pressed für A-Taste: input_state=False, prev_input_state=False
2025-04-03 20:03:04 - game.core.input_handler - INFO - was_pressed für A-Taste: input_state=False, prev_input_state=False
2025-04-03 20:03:04 - game.core.input_handler - INFO - was_pressed für A-Taste: input_state=False, prev_input_state=False
2025-04-03 20:03:04 - game.core.input_handler - INFO - was_pressed für A-Taste: input_state=False, prev_input_state=False
2025-04-03 20:03:04 - game.core.input_handler - INFO - was_pressed für A-Taste: input_state=False, prev_input_state=False
2025-04-03 20:03:04 - game.core.input_handler - INFO - was_pressed für A-Taste: input_state=False, prev_input_state=False
2025-04-03 20:03:04 - game.core.input_handler - INFO - was_pressed für A-Taste: input_state=False, prev_input_state=False
2025-04-03 20:03:04 - game.core.input_handler - INFO - was_pressed für A-Taste: input_state=False, prev_input_state=False
2025-04-03 20:03:04 - game.core.input_handler - INFO - was_pressed für A-Taste: input_state=False, prev_input_state=False
2025-04-03 20:03:04 - game.core.input_handler - INFO - was_pressed für A-Taste: input_state=False, prev_input_state=False
2025-04-03 20:03:04 - game.core.input_handler - INFO - was_pressed für A-Taste: input_state=False, prev_input_state=False
2025-04-03 20:03:04 - game.core.input_handler - INFO - was_pressed für A-Taste: input_state=False, prev_input_state=False
2025-04-03 20:03:04 - game.core.input_handler - INFO - was_pressed für A-Taste: input_state=False, prev_input_state=False
2025-04-03 20:03:04 - game.core.input_handler - INFO - was_pressed für A-Taste: input_state=False, prev_input_state=False
2025-04-03 20:03:04 - game.core.input_handler - INFO - was_pressed für A-Taste: input_state=False, prev_input_state=False
2025-04-03 20:03:05 - game.core.input_handler - INFO - was_pressed für A-Taste: input_state=False, prev_input_state=False
2025-04-03 20:03:05 - game.core.input_handler - INFO - was_pressed für A-Taste: input_state=False, prev_input_state=False
2025-04-03 20:03:05 - game.core.input_handler - INFO - was_pressed für A-Taste: input_state=False, prev_input_state=False
2025-04-03 20:03:05 - game.core.input_handler - INFO - was_pressed für A-Taste: input_state=False, prev_input_state=False
2025-04-03 20:03:05 - game.core.input_handler - INFO - was_pressed für A-Taste: input_state=False, prev_input_state=False
2025-04-03 20:03:05 - game.core.input_handler - INFO - was_pressed für A-Taste: input_state=False, prev_input_state=False
2025-04-03 20:03:05 - game.core.input_handler - INFO - was_pressed für A-Taste: input_state=False, prev_input_state=False
2025-04-03 20:03:05 - game.core.input_handler - INFO - was_pressed für A-Taste: input_state=False, prev_input_state=False
2025-04-03 20:03:05 - game.core.input_handler - INFO - was_pressed für A-Taste: input_state=False, prev_input_state=False
2025-04-03 20:03:05 - game.core.input_handler - INFO - was_pressed für A-Taste: input_state=False, prev_input_state=False
2025-04-03 20:03:05 - game.core.input_handler - INFO - was_pressed für A-Taste: input_state=False, prev_input_state=False
2025-04-03 20:03:05 - game.core.input_handler - INFO - was_pressed für A-Taste: input_state=False, prev_input_state=False
2025-04-03 20:03:05 - game.core.input_handler - INFO - was_pressed für A-Taste: input_state=False, prev_input_state=False
2025-04-03 20:03:05 - game.core.input_handler - INFO - was_pressed für A-Taste: input_state=False, prev_input_state=False
2025-04-03 20:03:05 - game.core.input_handler - INFO - was_pressed für A-Taste: input_state=False, prev_input_state=False
2025-04-03 20:03:05 - game.core.input_handler - INFO - was_pressed für A-Taste: input_state=False, prev_input_state=False
2025-04-03 20:03:05 - game.core.input_handler - INFO - was_pressed für A-Taste: input_state=False, prev_input_state=False
2025-04-03 20:03:05 - game.core.input_handler - INFO - was_pressed für A-Taste: input_state=False, prev_input_state=False
2025-04-03 20:03:05 - game.core.input_handler - INFO - was_pressed für A-Taste: input_state=False, prev_input_state=False
2025-04-03 20:03:05 - game.core.input_handler - INFO - was_pressed für A-Taste: input_state=False, prev_input_state=False
2025-04-03 20:03:05 - game.core.input_handler - INFO - was_pressed für A-Taste: input_state=False, prev_input_state=False
2025-04-03 20:03:05 - game.core.input_handler - INFO - was_pressed für A-Taste: input_state=False, prev_input_state=False
2025-04-03 20:03:05 - game.core.input_handler - INFO - was_pressed für A-Taste: input_state=False, prev_input_state=False
2025-04-03 20:03:05 - game.core.input_handler - INFO - was_pressed für A-Taste: input_state=False, prev_input_state=False
2025-04-03 20:03:05 - game.core.input_handler - INFO - was_pressed für A-Taste: input_state=False, prev_input_state=False
2025-04-03 20:03:05 - game.core.input_handler - INFO - was_pressed für A-Taste: input_state=False, prev_input_state=False
2025-04-03 20:03:05 - game.core.input_handler - INFO - was_pressed für A-Taste: input_state=False, prev_input_state=False
2025-04-03 20:03:05 - game.core.input_handler - INFO - was_pressed für A-Taste: input_state=False, prev_input_state=False
2025-04-03 20:03:05 - game.core.input_handler - INFO - was_pressed für A-Taste: input_state=False, prev_input_state=False
2025-04-03 20:03:05 - game.core.input_handler - INFO - was_pressed für A-Taste: input_state=False, prev_input_state=False
2025-04-03 20:03:05 - game.core.input_handler - INFO - was_pressed für A-Taste: input_state=False, prev_input_state=False
2025-04-03 20:03:05 - game.core.input_handler - INFO - was_pressed für A-Taste: input_state=False, prev_input_state=False
2025-04-03 20:03:05 - game.core.input_handler - INFO - was_pressed für A-Taste: input_state=False, prev_input_state=False
2025-04-03 20:03:05 - game.core.input_handler - INFO - was_pressed für A-Taste: input_state=False, prev_input_state=False
2025-04-03 20:03:05 - game.core.input_handler - INFO - was_pressed für A-Taste: input_state=False, prev_input_state=False
2025-04-03 20:03:05 - game.core.input_handler - INFO - was_pressed für A-Taste: input_state=False, prev_input_state=False
2025-04-03 20:03:05 - game.core.input_handler - INFO - was_pressed für A-Taste: input_state=False, prev_input_state=False
2025-04-03 20:03:05 - game.core.input_handler - INFO - was_pressed für A-Taste: input_state=False, prev_input_state=False
2025-04-03 20:03:05 - game.core.input_handler - INFO - was_pressed für A-Taste: input_state=False, prev_input_state=False
2025-04-03 20:03:05 - game.core.input_handler - INFO - was_pressed für A-Taste: input_state=False, prev_input_state=False
2025-04-03 20:03:05 - game.core.input_handler - INFO - was_pressed für A-Taste: input_state=False, prev_input_state=False
2025-04-03 20:03:05 - game.core.input_handler - INFO - was_pressed für A-Taste: input_state=False, prev_input_state=False
2025-04-03 20:03:05 - game.core.input_handler - INFO - was_pressed für A-Taste: input_state=False, prev_input_state=False
2025-04-03 20:03:05 - game.core.input_handler - INFO - A-Taste direkt erkannt!
2025-04-03 20:03:05 - game.core.input_handler - INFO - was_pressed für A-Taste: input_state=False, prev_input_state=False
2025-04-03 20:03:05 - game.core.input_handler - INFO - A-Taste direkt erkannt!
2025-04-03 20:03:05 - game.core.input_handler - INFO - was_pressed für A-Taste: input_state=False, prev_input_state=False
2025-04-03 20:03:05 - game.core.input_handler - INFO - A-Taste direkt erkannt!
2025-04-03 20:03:05 - game.core.input_handler - INFO - was_pressed für A-Taste: input_state=False, prev_input_state=False
2025-04-03 20:03:05 - game.core.input_handler - INFO - A-Taste direkt erkannt!
2025-04-03 20:03:05 - game.core.input_handler - INFO - was_pressed für A-Taste: input_state=False, prev_input_state=False
2025-04-03 20:03:05 - game.core.input_handler - INFO - A-Taste direkt erkannt!
2025-04-03 20:03:05 - game.core.input_handler - INFO - was_pressed für A-Taste: input_state=False, prev_input_state=False
2025-04-03 20:03:05 - game.core.input_handler - INFO - A-Taste direkt erkannt!
2025-04-03 20:03:05 - game.core.input_handler - INFO - was_pressed für A-Taste: input_state=False, prev_input_state=False
2025-04-03 20:03:05 - game.core.input_handler - INFO - A-Taste direkt erkannt!
2025-04-03 20:03:05 - game.core.input_handler - INFO - was_pressed für A-Taste: input_state=False, prev_input_state=False
2025-04-03 20:03:05 - game.core.input_handler - INFO - A-Taste direkt erkannt!
2025-04-03 20:03:05 - game.core.input_handler - INFO - was_pressed für A-Taste: input_state=False, prev_input_state=False
2025-04-03 20:03:05 - game.core.input_handler - INFO - was_pressed für A-Taste: input_state=False, prev_input_state=False
2025-04-03 20:03:05 - game.core.input_handler - INFO - was_pressed für A-Taste: input_state=False, prev_input_state=False
2025-04-03 20:03:05 - game.core.input_handler - INFO - was_pressed für A-Taste: input_state=False, prev_input_state=False
2025-04-03 20:03:05 - game.core.input_handler - INFO - was_pressed für A-Taste: input_state=False, prev_input_state=False
2025-04-03 20:03:05 - game.core.input_handler - INFO - was_pressed für A-Taste: input_state=False, prev_input_state=False
2025-04-03 20:03:05 - game.core.input_handler - INFO - was_pressed für A-Taste: input_state=False, prev_input_state=False
2025-04-03 20:03:05 - game.core.input_handler - INFO - was_pressed für A-Taste: input_state=False, prev_input_state=False
2025-04-03 20:03:05 - game.core.input_handler - INFO - was_pressed für A-Taste: input_state=False, prev_input_state=False
2025-04-03 20:03:05 - game.core.input_handler - INFO - was_pressed für A-Taste: input_state=False, prev_input_state=False
2025-04-03 20:03:05 - game.core.input_handler - INFO - was_pressed für A-Taste: input_state=False, prev_input_state=False
2025-04-03 20:03:06 - game.core.input_handler - INFO - was_pressed für A-Taste: input_state=False, prev_input_state=False
2025-04-03 20:03:06 - game.core.input_handler - INFO - was_pressed für A-Taste: input_state=False, prev_input_state=False
2025-04-03 20:03:06 - game.core.input_handler - INFO - was_pressed für A-Taste: input_state=False, prev_input_state=False
2025-04-03 20:03:06 - game.core.input_handler - INFO - was_pressed für A-Taste: input_state=False, prev_input_state=False
2025-04-03 20:03:06 - game.core.input_handler - INFO - was_pressed für A-Taste: input_state=False, prev_input_state=False
2025-04-03 20:03:06 - game.core.input_handler - INFO - was_pressed für A-Taste: input_state=False, prev_input_state=False
2025-04-03 20:03:06 - game.core.input_handler - INFO - was_pressed für A-Taste: input_state=False, prev_input_state=False
2025-04-03 20:03:06 - game.core.input_handler - INFO - was_pressed für A-Taste: input_state=False, prev_input_state=False
2025-04-03 20:03:06 - game.core.input_handler - INFO - was_pressed für A-Taste: input_state=False, prev_input_state=False
2025-04-03 20:03:06 - game.core.input_handler - INFO - was_pressed für A-Taste: input_state=False, prev_input_state=False
2025-04-03 20:03:06 - game.core.input_handler - INFO - was_pressed für A-Taste: input_state=False, prev_input_state=False
2025-04-03 20:03:06 - game.core.input_handler - INFO - was_pressed für A-Taste: input_state=False, prev_input_state=False
2025-04-03 20:03:06 - game.core.input_handler - INFO - was_pressed für A-Taste: input_state=False, prev_input_state=False
2025-04-03 20:03:06 - game.core.input_handler - INFO - was_pressed für A-Taste: input_state=False, prev_input_state=False
2025-04-03 20:03:06 - game.core.input_handler - INFO - was_pressed für A-Taste: input_state=False, prev_input_state=False
2025-04-03 20:03:06 - game.core.input_handler - INFO - was_pressed für A-Taste: input_state=False, prev_input_state=False
2025-04-03 20:03:06 - game.core.input_handler - INFO - was_pressed für A-Taste: input_state=False, prev_input_state=False
2025-04-03 20:03:06 - game.core.input_handler - INFO - was_pressed für A-Taste: input_state=False, prev_input_state=False
2025-04-03 20:03:06 - game.core.input_handler - INFO - was_pressed für A-Taste: input_state=False, prev_input_state=False
2025-04-03 20:03:06 - game.core.input_handler - INFO - was_pressed für A-Taste: input_state=False, prev_input_state=False
2025-04-03 20:03:06 - game.core.input_handler - INFO - was_pressed für A-Taste: input_state=False, prev_input_state=False
2025-04-03 20:03:06 - game.core.input_handler - INFO - was_pressed für A-Taste: input_state=False, prev_input_state=False
2025-04-03 20:03:06 - game.core.input_handler - INFO - was_pressed für A-Taste: input_state=False, prev_input_state=False
2025-04-03 20:03:06 - game.core.input_handler - INFO - was_pressed für A-Taste: input_state=False, prev_input_state=False
2025-04-03 20:03:06 - game.core.input_handler - INFO - was_pressed für A-Taste: input_state=False, prev_input_state=False
2025-04-03 20:03:06 - game.core.input_handler - INFO - was_pressed für A-Taste: input_state=False, prev_input_state=False
2025-04-03 20:03:06 - game.core.input_handler - INFO - was_pressed für A-Taste: input_state=False, prev_input_state=False
2025-04-03 20:03:06 - game.core.input_handler - INFO - was_pressed für A-Taste: input_state=False, prev_input_state=False
2025-04-03 20:03:06 - game.core.input_handler - INFO - was_pressed für A-Taste: input_state=False, prev_input_state=False
2025-04-03 20:03:06 - game.core.input_handler - INFO - was_pressed für A-Taste: input_state=False, prev_input_state=False
2025-04-03 20:03:06 - game.core.input_handler - INFO - was_pressed für A-Taste: input_state=False, prev_input_state=False
2025-04-03 20:03:06 - game.core.input_handler - INFO - was_pressed für A-Taste: input_state=False, prev_input_state=False
2025-04-03 20:03:06 - game.core.input_handler - INFO - was_pressed für A-Taste: input_state=False, prev_input_state=False
2025-04-03 20:03:06 - game.core.input_handler - INFO - was_pressed für A-Taste: input_state=False, prev_input_state=False
2025-04-03 20:03:06 - game.core.input_handler - INFO - was_pressed für A-Taste: input_state=False, prev_input_state=False
2025-04-03 20:03:06 - game.core.input_handler - INFO - was_pressed für A-Taste: input_state=False, prev_input_state=False
2025-04-03 20:03:06 - game.core.input_handler - INFO - was_pressed für A-Taste: input_state=False, prev_input_state=False
2025-04-03 20:03:06 - game.core.input_handler - INFO - was_pressed für A-Taste: input_state=False, prev_input_state=False
2025-04-03 20:03:06 - game.core.input_handler - INFO - was_pressed für A-Taste: input_state=False, prev_input_state=False
2025-04-03 20:03:06 - game.core.input_handler - INFO - was_pressed für A-Taste: input_state=False, prev_input_state=False
2025-04-03 20:03:06 - game.core.input_handler - INFO - was_pressed für A-Taste: input_state=False, prev_input_state=False
2025-04-03 20:03:06 - game.core.input_handler - INFO - was_pressed für A-Taste: input_state=False, prev_input_state=False
2025-04-03 20:03:06 - game.core.input_handler - INFO - was_pressed für A-Taste: input_state=False, prev_input_state=False
2025-04-03 20:03:06 - game.core.input_handler - INFO - was_pressed für A-Taste: input_state=False, prev_input_state=False
2025-04-03 20:03:06 - game.core.input_handler - INFO - was_pressed für A-Taste: input_state=False, prev_input_state=False
2025-04-03 20:03:06 - game.core.input_handler - INFO - was_pressed für A-Taste: input_state=False, prev_input_state=False
2025-04-03 20:03:06 - game.core.input_handler - INFO - was_pressed für A-Taste: input_state=False, prev_input_state=False
2025-04-03 20:03:06 - game.core.input_handler - INFO - was_pressed für A-Taste: input_state=False, prev_input_state=False
2025-04-03 20:03:06 - game.core.input_handler - INFO - was_pressed für A-Taste: input_state=False, prev_input_state=False
2025-04-03 20:03:06 - game.core.input_handler - INFO - was_pressed für A-Taste: input_state=False, prev_input_state=False
2025-04-03 20:03:06 - game.core.input_handler - INFO - was_pressed für A-Taste: input_state=False, prev_input_state=False
2025-04-03 20:03:06 - game.core.input_handler - INFO - was_pressed für A-Taste: input_state=False, prev_input_state=False
2025-04-03 20:03:06 - game.core.input_handler - INFO - was_pressed für A-Taste: input_state=False, prev_input_state=False
2025-04-03 20:03:06 - game.core.input_handler - INFO - was_pressed für A-Taste: input_state=False, prev_input_state=False
2025-04-03 20:03:06 - game.core.input_handler - INFO - was_pressed für A-Taste: input_state=False, prev_input_state=False
2025-04-03 20:03:06 - game.core.input_handler - INFO - was_pressed für A-Taste: input_state=False, prev_input_state=False
2025-04-03 20:03:06 - game.core.input_handler - INFO - was_pressed für A-Taste: input_state=False, prev_input_state=False
2025-04-03 20:03:06 - game.core.input_handler - INFO - was_pressed für A-Taste: input_state=False, prev_input_state=False
2025-04-03 20:03:06 - game.core.input_handler - INFO - was_pressed für A-Taste: input_state=False, prev_input_state=False
2025-04-03 20:03:06 - game.core.input_handler - INFO - was_pressed für A-Taste: input_state=False, prev_input_state=False
2025-04-03 20:03:06 - game.core.input_handler - INFO - was_pressed für A-Taste: input_state=False, prev_input_state=False
2025-04-03 20:03:07 - game.core.input_handler - INFO - was_pressed für A-Taste: input_state=False, prev_input_state=False
2025-04-03 20:03:07 - game.core.input_handler - INFO - was_pressed für A-Taste: input_state=False, prev_input_state=False
2025-04-03 20:03:07 - game.core.input_handler - INFO - was_pressed für A-Taste: input_state=False, prev_input_state=False
2025-04-03 20:03:07 - game.core.input_handler - INFO - was_pressed für A-Taste: input_state=False, prev_input_state=False
2025-04-03 20:03:07 - game.core.input_handler - INFO - was_pressed für A-Taste: input_state=False, prev_input_state=False
2025-04-03 20:03:07 - game.core.input_handler - INFO - was_pressed für A-Taste: input_state=False, prev_input_state=False
2025-04-03 20:03:07 - game.core.input_handler - INFO - was_pressed für A-Taste: input_state=False, prev_input_state=False
2025-04-03 20:03:07 - game.core.input_handler - INFO - was_pressed für A-Taste: input_state=False, prev_input_state=False
2025-04-03 20:03:07 - game.core.input_handler - INFO - was_pressed für A-Taste: input_state=False, prev_input_state=False
2025-04-03 20:03:07 - game.core.input_handler - INFO - was_pressed für A-Taste: input_state=False, prev_input_state=False
2025-04-03 20:03:07 - game.core.input_handler - INFO - was_pressed für A-Taste: input_state=False, prev_input_state=False
2025-04-03 20:03:07 - game.core.input_handler - INFO - was_pressed für A-Taste: input_state=False, prev_input_state=False
2025-04-03 20:03:07 - game.core.input_handler - INFO - was_pressed für A-Taste: input_state=False, prev_input_state=False
2025-04-03 20:03:07 - game.core.input_handler - INFO - was_pressed für A-Taste: input_state=False, prev_input_state=False
2025-04-03 20:03:07 - game.core.input_handler - INFO - was_pressed für A-Taste: input_state=False, prev_input_state=False
2025-04-03 20:03:07 - game.core.input_handler - INFO - was_pressed für A-Taste: input_state=False, prev_input_state=False
2025-04-03 20:03:07 - game.core.input_handler - INFO - was_pressed für A-Taste: input_state=False, prev_input_state=False
2025-04-03 20:03:07 - game.core.input_handler - INFO - was_pressed für A-Taste: input_state=False, prev_input_state=False
2025-04-03 20:03:07 - game.core.input_handler - INFO - was_pressed für A-Taste: input_state=False, prev_input_state=False
2025-04-03 20:03:07 - game.core.input_handler - INFO - was_pressed für A-Taste: input_state=False, prev_input_state=False
2025-04-03 20:03:07 - game.core.input_handler - INFO - was_pressed für A-Taste: input_state=False, prev_input_state=False
2025-04-03 20:03:07 - game.core.input_handler - INFO - was_pressed für A-Taste: input_state=False, prev_input_state=False
2025-04-03 20:03:07 - game.core.input_handler - INFO - was_pressed für A-Taste: input_state=False, prev_input_state=False
2025-04-03 20:03:07 - game.core.input_handler - INFO - was_pressed für A-Taste: input_state=False, prev_input_state=False
2025-04-03 20:03:07 - game.core.input_handler - INFO - was_pressed für A-Taste: input_state=False, prev_input_state=False
2025-04-03 20:03:07 - game.core.input_handler - INFO - was_pressed für A-Taste: input_state=False, prev_input_state=False
2025-04-03 20:03:07 - game.core.input_handler - INFO - was_pressed für A-Taste: input_state=False, prev_input_state=False
2025-04-03 20:03:07 - game.core.input_handler - INFO - was_pressed für A-Taste: input_state=False, prev_input_state=False
2025-04-03 20:03:07 - game.core.input_handler - INFO - was_pressed für A-Taste: input_state=False, prev_input_state=False
2025-04-03 20:03:07 - game.core.input_handler - INFO - was_pressed für A-Taste: input_state=False, prev_input_state=False
2025-04-03 20:03:07 - game.core.input_handler - INFO - was_pressed für A-Taste: input_state=False, prev_input_state=False
2025-04-03 20:03:07 - game.core.input_handler - INFO - was_pressed für A-Taste: input_state=False, prev_input_state=False
2025-04-03 20:03:07 - game.core.input_handler - INFO - was_pressed für A-Taste: input_state=False, prev_input_state=False
2025-04-03 20:03:07 - game.core.input_handler - INFO - was_pressed für A-Taste: input_state=False, prev_input_state=False
2025-04-03 20:03:07 - game.core.input_handler - INFO - was_pressed für A-Taste: input_state=False, prev_input_state=False
2025-04-03 20:03:07 - game.core.input_handler - INFO - was_pressed für A-Taste: input_state=False, prev_input_state=False
2025-04-03 20:03:07 - game.core.input_handler - INFO - was_pressed für A-Taste: input_state=False, prev_input_state=False
2025-04-03 20:03:07 - game.core.input_handler - INFO - was_pressed für A-Taste: input_state=False, prev_input_state=False
2025-04-03 20:03:07 - game.core.input_handler - INFO - was_pressed für A-Taste: input_state=False, prev_input_state=False
2025-04-03 20:03:07 - game.core.input_handler - INFO - was_pressed für A-Taste: input_state=False, prev_input_state=False
2025-04-03 20:03:07 - game.core.input_handler - INFO - was_pressed für A-Taste: input_state=False, prev_input_state=False
2025-04-03 20:03:07 - game.core.input_handler - INFO - was_pressed für A-Taste: input_state=False, prev_input_state=False
2025-04-03 20:03:07 - game.core.input_handler - INFO - was_pressed für A-Taste: input_state=False, prev_input_state=False
2025-04-03 20:03:07 - game.core.input_handler - INFO - was_pressed für A-Taste: input_state=False, prev_input_state=False
2025-04-03 20:03:07 - game.core.input_handler - INFO - was_pressed für A-Taste: input_state=False, prev_input_state=False
2025-04-03 20:03:07 - game.core.input_handler - INFO - was_pressed für A-Taste: input_state=False, prev_input_state=False
2025-04-03 20:03:07 - game.core.input_handler - INFO - was_pressed für A-Taste: input_state=False, prev_input_state=False
2025-04-03 20:03:07 - game.core.input_handler - INFO - was_pressed für A-Taste: input_state=False, prev_input_state=False
2025-04-03 20:03:07 - game.core.input_handler - INFO - was_pressed für A-Taste: input_state=False, prev_input_state=False
2025-04-03 20:03:07 - game.core.input_handler - INFO - was_pressed für A-Taste: input_state=False, prev_input_state=False
2025-04-03 20:03:07 - game.core.input_handler - INFO - was_pressed für A-Taste: input_state=False, prev_input_state=False
2025-04-03 20:03:07 - game.core.input_handler - INFO - was_pressed für A-Taste: input_state=False, prev_input_state=False
2025-04-03 20:03:07 - game.core.input_handler - INFO - was_pressed für A-Taste: input_state=False, prev_input_state=False
2025-04-03 20:03:07 - game.core.input_handler - INFO - was_pressed für A-Taste: input_state=False, prev_input_state=False
2025-04-03 20:03:07 - game.core.input_handler - INFO - was_pressed für A-Taste: input_state=False, prev_input_state=False
2025-04-03 20:03:07 - game.core.input_handler - INFO - was_pressed für A-Taste: input_state=False, prev_input_state=False
2025-04-03 20:03:07 - game.core.input_handler - INFO - was_pressed für A-Taste: input_state=False, prev_input_state=False
2025-04-03 20:03:07 - game.core.input_handler - INFO - was_pressed für A-Taste: input_state=False, prev_input_state=False
2025-04-03 20:03:07 - game.core.input_handler - INFO - was_pressed für A-Taste: input_state=False, prev_input_state=False
2025-04-03 20:03:07 - game.core.input_handler - INFO - was_pressed für A-Taste: input_state=False, prev_input_state=False
2025-04-03 20:03:07 - game.core.input_handler - INFO - was_pressed für A-Taste: input_state=False, prev_input_state=False
2025-04-03 20:03:08 - game.core.input_handler - INFO - was_pressed für A-Taste: input_state=False, prev_input_state=False
2025-04-03 20:03:08 - game.core.input_handler - INFO - was_pressed für A-Taste: input_state=False, prev_input_state=False
2025-04-03 20:03:08 - game.core.input_handler - INFO - was_pressed für A-Taste: input_state=False, prev_input_state=False
2025-04-03 20:03:08 - game.core.input_handler - INFO - was_pressed für A-Taste: input_state=False, prev_input_state=False
2025-04-03 20:03:08 - game.core.input_handler - INFO - was_pressed für A-Taste: input_state=False, prev_input_state=False
2025-04-03 20:03:08 - game.core.input_handler - INFO - was_pressed für A-Taste: input_state=False, prev_input_state=False
2025-04-03 20:03:08 - game.core.input_handler - INFO - was_pressed für A-Taste: input_state=False, prev_input_state=False
2025-04-03 20:03:08 - game.core.input_handler - INFO - was_pressed für A-Taste: input_state=False, prev_input_state=False
2025-04-03 20:03:08 - game.core.input_handler - INFO - was_pressed für A-Taste: input_state=False, prev_input_state=False
2025-04-03 20:03:08 - game.core.input_handler - INFO - was_pressed für A-Taste: input_state=False, prev_input_state=False
2025-04-03 20:03:08 - game.core.input_handler - INFO - was_pressed für A-Taste: input_state=False, prev_input_state=False
2025-04-03 20:03:08 - game.core.input_handler - INFO - was_pressed für A-Taste: input_state=False, prev_input_state=False
2025-04-03 20:03:08 - game.core.input_handler - INFO - was_pressed für A-Taste: input_state=False, prev_input_state=False
2025-04-03 20:03:08 - game.core.input_handler - INFO - was_pressed für A-Taste: input_state=False, prev_input_state=False
2025-04-03 20:03:08 - game.core.input_handler - INFO - was_pressed für A-Taste: input_state=False, prev_input_state=False
2025-04-03 20:03:08 - game.core.input_handler - INFO - was_pressed für A-Taste: input_state=False, prev_input_state=False
2025-04-03 20:03:08 - game.core.input_handler - INFO - was_pressed für A-Taste: input_state=False, prev_input_state=False
2025-04-03 20:03:08 - game.core.input_handler - INFO - was_pressed für A-Taste: input_state=False, prev_input_state=False
2025-04-03 20:03:08 - game.core.input_handler - INFO - was_pressed für A-Taste: input_state=False, prev_input_state=False
2025-04-03 20:03:08 - game.core.input_handler - INFO - was_pressed für A-Taste: input_state=False, prev_input_state=False
2025-04-03 20:03:08 - game.core.input_handler - INFO - was_pressed für A-Taste: input_state=False, prev_input_state=False
2025-04-03 20:03:08 - game.core.input_handler - INFO - was_pressed für A-Taste: input_state=False, prev_input_state=False
2025-04-03 20:03:08 - game.core.input_handler - INFO - was_pressed für A-Taste: input_state=False, prev_input_state=False
2025-04-03 20:03:08 - game.core.input_handler - INFO - was_pressed für A-Taste: input_state=False, prev_input_state=False
2025-04-03 20:03:08 - game.core.input_handler - INFO - was_pressed für A-Taste: input_state=False, prev_input_state=False
2025-04-03 20:03:08 - game.core.input_handler - INFO - was_pressed für A-Taste: input_state=False, prev_input_state=False
2025-04-03 20:03:08 - game.core.input_handler - INFO - was_pressed für A-Taste: input_state=False, prev_input_state=False
2025-04-03 20:03:08 - game.core.input_handler - INFO - was_pressed für A-Taste: input_state=False, prev_input_state=False
2025-04-03 20:03:08 - game.core.input_handler - INFO - was_pressed für A-Taste: input_state=False, prev_input_state=False
2025-04-03 20:03:08 - game.core.input_handler - INFO - was_pressed für A-Taste: input_state=False, prev_input_state=False
2025-04-03 20:03:08 - game.core.input_handler - INFO - was_pressed für A-Taste: input_state=False, prev_input_state=False
2025-04-03 20:03:08 - game.core.input_handler - INFO - was_pressed für A-Taste: input_state=False, prev_input_state=False
2025-04-03 20:03:08 - game.core.input_handler - INFO - was_pressed für A-Taste: input_state=False, prev_input_state=False
2025-04-03 20:03:08 - game.core.input_handler - INFO - was_pressed für A-Taste: input_state=False, prev_input_state=False
2025-04-03 20:03:08 - game.core.input_handler - INFO - was_pressed für A-Taste: input_state=False, prev_input_state=False
2025-04-03 20:03:08 - game.core.input_handler - INFO - was_pressed für A-Taste: input_state=False, prev_input_state=False
2025-04-03 20:03:08 - game.core.input_handler - INFO - was_pressed für A-Taste: input_state=False, prev_input_state=False
2025-04-03 20:03:08 - game.core.input_handler - INFO - was_pressed für A-Taste: input_state=False, prev_input_state=False
2025-04-03 20:03:08 - game.core.input_handler - INFO - was_pressed für A-Taste: input_state=False, prev_input_state=False
2025-04-03 20:03:08 - game.core.input_handler - INFO - was_pressed für A-Taste: input_state=False, prev_input_state=False
2025-04-03 20:03:08 - game.core.input_handler - INFO - was_pressed für A-Taste: input_state=False, prev_input_state=False
2025-04-03 20:03:08 - game.core.input_handler - INFO - was_pressed für A-Taste: input_state=False, prev_input_state=False
2025-04-03 20:03:08 - game.core.input_handler - INFO - was_pressed für A-Taste: input_state=False, prev_input_state=False
2025-04-03 20:03:08 - game.core.input_handler - INFO - was_pressed für A-Taste: input_state=False, prev_input_state=False
2025-04-03 20:03:08 - game.core.input_handler - INFO - was_pressed für A-Taste: input_state=False, prev_input_state=False
2025-04-03 20:03:08 - game.core.input_handler - INFO - was_pressed für A-Taste: input_state=False, prev_input_state=False
2025-04-03 20:03:08 - game.core.input_handler - INFO - was_pressed für A-Taste: input_state=False, prev_input_state=False
2025-04-03 20:03:08 - game.core.input_handler - INFO - was_pressed für A-Taste: input_state=False, prev_input_state=False
2025-04-03 20:03:08 - game.core.input_handler - INFO - was_pressed für A-Taste: input_state=False, prev_input_state=False
2025-04-03 20:03:08 - game.core.input_handler - INFO - was_pressed für A-Taste: input_state=False, prev_input_state=False
2025-04-03 20:03:08 - game.core.input_handler - INFO - was_pressed für A-Taste: input_state=False, prev_input_state=False
2025-04-03 20:03:08 - game.core.input_handler - INFO - was_pressed für A-Taste: input_state=False, prev_input_state=False
2025-04-03 20:03:08 - game.core.input_handler - INFO - was_pressed für A-Taste: input_state=False, prev_input_state=False
2025-04-03 20:03:08 - game.core.input_handler - INFO - was_pressed für A-Taste: input_state=False, prev_input_state=False
2025-04-03 20:03:08 - game.core.input_handler - INFO - was_pressed für A-Taste: input_state=False, prev_input_state=False
2025-04-03 20:03:08 - game.core.input_handler - INFO - was_pressed für A-Taste: input_state=False, prev_input_state=False
2025-04-03 20:03:09 - game.core.input_handler - INFO - was_pressed für A-Taste: input_state=False, prev_input_state=False
2025-04-03 20:03:09 - game.core.input_handler - INFO - was_pressed für A-Taste: input_state=False, prev_input_state=False
2025-04-03 20:03:09 - game.core.input_handler - INFO - was_pressed für A-Taste: input_state=False, prev_input_state=False
2025-04-03 20:03:09 - game.core.input_handler - INFO - was_pressed für A-Taste: input_state=False, prev_input_state=False
2025-04-03 20:03:09 - game.core.input_handler - INFO - was_pressed für A-Taste: input_state=False, prev_input_state=False
2025-04-03 20:03:09 - game.core.input_handler - INFO - was_pressed für A-Taste: input_state=False, prev_input_state=False
2025-04-03 20:03:09 - game.core.input_handler - INFO - was_pressed für A-Taste: input_state=False, prev_input_state=False
2025-04-03 20:03:09 - game.core.input_handler - INFO - was_pressed für A-Taste: input_state=False, prev_input_state=False
2025-04-03 20:03:09 - game.core.input_handler - INFO - was_pressed für A-Taste: input_state=False, prev_input_state=False
2025-04-03 20:03:09 - game.core.input_handler - INFO - was_pressed für A-Taste: input_state=False, prev_input_state=False
2025-04-03 20:03:09 - game.core.input_handler - INFO - was_pressed für A-Taste: input_state=False, prev_input_state=False
2025-04-03 20:03:09 - game.core.input_handler - INFO - was_pressed für A-Taste: input_state=False, prev_input_state=False
2025-04-03 20:03:09 - game.core.input_handler - INFO - was_pressed für A-Taste: input_state=False, prev_input_state=False
2025-04-03 20:03:09 - game.core.input_handler - INFO - was_pressed für A-Taste: input_state=False, prev_input_state=False
2025-04-03 20:03:09 - game.core.input_handler - INFO - was_pressed für A-Taste: input_state=False, prev_input_state=False
2025-04-03 20:03:09 - game.core.input_handler - INFO - was_pressed für A-Taste: input_state=False, prev_input_state=False
2025-04-03 20:03:09 - game.core.input_handler - INFO - was_pressed für A-Taste: input_state=False, prev_input_state=False
2025-04-03 20:03:09 - game.core.input_handler - INFO - was_pressed für A-Taste: input_state=False, prev_input_state=False
2025-04-03 20:03:09 - game.core.input_handler - INFO - was_pressed für A-Taste: input_state=False, prev_input_state=False
2025-04-03 20:03:09 - game.core.input_handler - INFO - was_pressed für A-Taste: input_state=False, prev_input_state=False
2025-04-03 20:03:09 - game.core.input_handler - INFO - was_pressed für A-Taste: input_state=False, prev_input_state=False
2025-04-03 20:03:09 - game.core.input_handler - INFO - was_pressed für A-Taste: input_state=False, prev_input_state=False
2025-04-03 20:03:09 - game.core.input_handler - INFO - was_pressed für A-Taste: input_state=False, prev_input_state=False
2025-04-03 20:03:09 - game.core.input_handler - INFO - was_pressed für A-Taste: input_state=False, prev_input_state=False
2025-04-03 20:03:09 - game.core.input_handler - INFO - was_pressed für A-Taste: input_state=False, prev_input_state=False
2025-04-03 20:03:09 - game.core.input_handler - INFO - was_pressed für A-Taste: input_state=False, prev_input_state=False
2025-04-03 20:03:09 - game.core.input_handler - INFO - was_pressed für A-Taste: input_state=False, prev_input_state=False
2025-04-03 20:03:09 - game.core.input_handler - INFO - was_pressed für A-Taste: input_state=False, prev_input_state=False
2025-04-03 20:03:09 - game.core.input_handler - INFO - was_pressed für A-Taste: input_state=False, prev_input_state=False
2025-04-03 20:03:09 - game.core.input_handler - INFO - was_pressed für A-Taste: input_state=False, prev_input_state=False
2025-04-03 20:03:09 - game.core.input_handler - INFO - was_pressed für A-Taste: input_state=False, prev_input_state=False
2025-04-03 20:03:09 - game.core.input_handler - INFO - was_pressed für A-Taste: input_state=False, prev_input_state=False
2025-04-03 20:03:09 - game.core.input_handler - INFO - was_pressed für A-Taste: input_state=False, prev_input_state=False
2025-04-03 20:03:09 - game.core.input_handler - INFO - was_pressed für A-Taste: input_state=False, prev_input_state=False
2025-04-03 20:03:09 - game.core.input_handler - INFO - was_pressed für A-Taste: input_state=False, prev_input_state=False
2025-04-03 20:03:09 - game.core.input_handler - INFO - was_pressed für A-Taste: input_state=False, prev_input_state=False
2025-04-03 20:03:09 - game.core.input_handler - INFO - was_pressed für A-Taste: input_state=False, prev_input_state=False
2025-04-03 20:03:09 - game.core.input_handler - INFO - was_pressed für A-Taste: input_state=False, prev_input_state=False
2025-04-03 20:03:09 - game.core.input_handler - INFO - was_pressed für A-Taste: input_state=False, prev_input_state=False
2025-04-03 20:03:09 - game.core.input_handler - INFO - was_pressed für A-Taste: input_state=False, prev_input_state=False
2025-04-03 20:03:09 - game.core.input_handler - INFO - was_pressed für A-Taste: input_state=False, prev_input_state=False
2025-04-03 20:03:09 - game.core.input_handler - INFO - was_pressed für A-Taste: input_state=False, prev_input_state=False
2025-04-03 20:03:09 - game.core.input_handler - INFO - was_pressed für A-Taste: input_state=False, prev_input_state=False
2025-04-03 20:03:09 - game.core.input_handler - INFO - was_pressed für A-Taste: input_state=False, prev_input_state=False
2025-04-03 20:03:09 - game.core.input_handler - INFO - was_pressed für A-Taste: input_state=False, prev_input_state=False
2025-04-03 20:03:09 - game.core.input_handler - INFO - A-Taste direkt erkannt!
2025-04-03 20:03:09 - game.core.input_handler - INFO - was_pressed für A-Taste: input_state=False, prev_input_state=False
2025-04-03 20:03:09 - game.core.input_handler - INFO - A-Taste direkt erkannt!
2025-04-03 20:03:09 - game.core.input_handler - INFO - was_pressed für A-Taste: input_state=False, prev_input_state=False
2025-04-03 20:03:09 - game.core.input_handler - INFO - A-Taste direkt erkannt!
2025-04-03 20:03:09 - game.core.input_handler - INFO - was_pressed für A-Taste: input_state=False, prev_input_state=False
2025-04-03 20:03:09 - game.core.input_handler - INFO - A-Taste direkt erkannt!
2025-04-03 20:03:09 - game.core.input_handler - INFO - was_pressed für A-Taste: input_state=False, prev_input_state=False
2025-04-03 20:03:09 - game.core.input_handler - INFO - A-Taste direkt erkannt!
2025-04-03 20:03:09 - game.core.input_handler - INFO - was_pressed für A-Taste: input_state=False, prev_input_state=False
2025-04-03 20:03:09 - game.core.input_handler - INFO - A-Taste direkt erkannt!
2025-04-03 20:03:09 - game.core.input_handler - INFO - was_pressed für A-Taste: input_state=False, prev_input_state=False
2025-04-03 20:03:09 - game.core.input_handler - INFO - was_pressed für A-Taste: input_state=False, prev_input_state=False
2025-04-03 20:03:09 - game.core.input_handler - INFO - was_pressed für A-Taste: input_state=False, prev_input_state=False
2025-04-03 20:03:09 - game.core.input_handler - INFO - was_pressed für A-Taste: input_state=False, prev_input_state=False
2025-04-03 20:03:09 - game.core.input_handler - INFO - was_pressed für A-Taste: input_state=False, prev_input_state=False
2025-04-03 20:03:09 - game.core.input_handler - INFO - was_pressed für A-Taste: input_state=False, prev_input_state=False
2025-04-03 20:03:09 - game.core.input_handler - INFO - was_pressed für A-Taste: input_state=False, prev_input_state=False
2025-04-03 20:03:09 - game.core.input_handler - INFO - was_pressed für A-Taste: input_state=False, prev_input_state=False
2025-04-03 20:03:09 - game.core.input_handler - INFO - was_pressed für A-Taste: input_state=False, prev_input_state=False
2025-04-03 20:03:09 - game.core.input_handler - INFO - was_pressed für A-Taste: input_state=False, prev_input_state=False
2025-04-03 20:03:10 - game.core.input_handler - INFO - was_pressed für A-Taste: input_state=False, prev_input_state=False
2025-04-03 20:03:10 - game.core.input_handler - INFO - was_pressed für A-Taste: input_state=False, prev_input_state=False
2025-04-03 20:03:10 - game.core.input_handler - INFO - was_pressed für A-Taste: input_state=False, prev_input_state=False
2025-04-03 20:03:10 - game.core.input_handler - INFO - was_pressed für A-Taste: input_state=False, prev_input_state=False
2025-04-03 20:03:10 - game.core.input_handler - INFO - was_pressed für A-Taste: input_state=False, prev_input_state=False
2025-04-03 20:03:10 - game.core.input_handler - INFO - was_pressed für A-Taste: input_state=False, prev_input_state=False
2025-04-03 20:03:10 - game.core.input_handler - INFO - was_pressed für A-Taste: input_state=False, prev_input_state=False
2025-04-03 20:03:10 - game.core.input_handler - INFO - was_pressed für A-Taste: input_state=False, prev_input_state=False
2025-04-03 20:03:10 - game.core.input_handler - INFO - was_pressed für A-Taste: input_state=False, prev_input_state=False
2025-04-03 20:03:10 - game.core.input_handler - INFO - was_pressed für A-Taste: input_state=False, prev_input_state=False
2025-04-03 20:03:10 - game.core.input_handler - INFO - was_pressed für A-Taste: input_state=False, prev_input_state=False
2025-04-03 20:03:10 - game.core.input_handler - INFO - was_pressed für A-Taste: input_state=False, prev_input_state=False
2025-04-03 20:03:10 - game.core.input_handler - INFO - was_pressed für A-Taste: input_state=False, prev_input_state=False
2025-04-03 20:03:10 - game.core.input_handler - INFO - was_pressed für A-Taste: input_state=False, prev_input_state=False
2025-04-03 20:03:10 - game.core.input_handler - INFO - was_pressed für A-Taste: input_state=False, prev_input_state=False
2025-04-03 20:03:10 - game.core.input_handler - INFO - was_pressed für A-Taste: input_state=False, prev_input_state=False
2025-04-03 20:03:10 - game.core.input_handler - INFO - was_pressed für A-Taste: input_state=False, prev_input_state=False
2025-04-03 20:03:10 - game.core.input_handler - INFO - A-Taste direkt erkannt!
2025-04-03 20:03:10 - game.core.input_handler - INFO - was_pressed für A-Taste: input_state=False, prev_input_state=False
2025-04-03 20:03:10 - game.core.input_handler - INFO - A-Taste direkt erkannt!
2025-04-03 20:03:10 - game.core.input_handler - INFO - was_pressed für A-Taste: input_state=False, prev_input_state=False
2025-04-03 20:03:10 - game.core.input_handler - INFO - A-Taste direkt erkannt!
2025-04-03 20:03:10 - game.core.input_handler - INFO - was_pressed für A-Taste: input_state=False, prev_input_state=False
2025-04-03 20:03:10 - game.core.input_handler - INFO - A-Taste direkt erkannt!
2025-04-03 20:03:10 - game.core.input_handler - INFO - was_pressed für A-Taste: input_state=False, prev_input_state=False
2025-04-03 20:03:10 - game.core.input_handler - INFO - A-Taste direkt erkannt!
2025-04-03 20:03:10 - game.core.input_handler - INFO - was_pressed für A-Taste: input_state=False, prev_input_state=False
2025-04-03 20:03:10 - game.core.input_handler - INFO - A-Taste direkt erkannt!
2025-04-03 20:03:10 - game.core.input_handler - INFO - was_pressed für A-Taste: input_state=False, prev_input_state=False
2025-04-03 20:03:10 - game.core.input_handler - INFO - A-Taste direkt erkannt!
2025-04-03 20:03:10 - game.core.input_handler - INFO - was_pressed für A-Taste: input_state=False, prev_input_state=False
2025-04-03 20:03:10 - game.core.input_handler - INFO - was_pressed für A-Taste: input_state=False, prev_input_state=False
2025-04-03 20:03:10 - game.core.input_handler - INFO - was_pressed für A-Taste: input_state=False, prev_input_state=False
2025-04-03 20:03:10 - game.core.input_handler - INFO - was_pressed für A-Taste: input_state=False, prev_input_state=False
2025-04-03 20:03:10 - game.core.input_handler - INFO - was_pressed für A-Taste: input_state=False, prev_input_state=False
2025-04-03 20:03:10 - game.core.input_handler - INFO - was_pressed für A-Taste: input_state=False, prev_input_state=False
2025-04-03 20:03:10 - game.core.input_handler - INFO - was_pressed für A-Taste: input_state=False, prev_input_state=False
2025-04-03 20:03:10 - game.core.input_handler - INFO - was_pressed für A-Taste: input_state=False, prev_input_state=False
2025-04-03 20:03:10 - game.core.input_handler - INFO - was_pressed für A-Taste: input_state=False, prev_input_state=False
2025-04-03 20:03:10 - game.core.input_handler - INFO - was_pressed für A-Taste: input_state=False, prev_input_state=False
2025-04-03 20:03:10 - game.core.input_handler - INFO - was_pressed für A-Taste: input_state=False, prev_input_state=False
2025-04-03 20:03:10 - game.core.input_handler - INFO - was_pressed für A-Taste: input_state=False, prev_input_state=False
2025-04-03 20:03:10 - game.core.input_handler - INFO - was_pressed für A-Taste: input_state=False, prev_input_state=False
2025-04-03 20:03:10 - game.core.input_handler - INFO - was_pressed für A-Taste: input_state=False, prev_input_state=False
2025-04-03 20:03:10 - game.core.input_handler - INFO - was_pressed für A-Taste: input_state=False, prev_input_state=False
2025-04-03 20:03:10 - game.core.input_handler - INFO - was_pressed für A-Taste: input_state=False, prev_input_state=False
2025-04-03 20:03:10 - game.core.input_handler - INFO - was_pressed für A-Taste: input_state=False, prev_input_state=False
2025-04-03 20:03:10 - game.core.input_handler - INFO - was_pressed für A-Taste: input_state=False, prev_input_state=False
2025-04-03 20:03:10 - game.core.input_handler - INFO - was_pressed für A-Taste: input_state=False, prev_input_state=False
2025-04-03 20:03:10 - game.core.input_handler - INFO - was_pressed für A-Taste: input_state=False, prev_input_state=False
2025-04-03 20:03:10 - game.core.input_handler - INFO - was_pressed für A-Taste: input_state=False, prev_input_state=False
2025-04-03 20:03:10 - game.core.input_handler - INFO - was_pressed für A-Taste: input_state=False, prev_input_state=False
2025-04-03 20:03:10 - game.core.input_handler - INFO - was_pressed für A-Taste: input_state=False, prev_input_state=False
2025-04-03 20:03:10 - game.core.input_handler - INFO - was_pressed für A-Taste: input_state=False, prev_input_state=False
2025-04-03 20:03:10 - game.core.input_handler - INFO - was_pressed für A-Taste: input_state=False, prev_input_state=False
2025-04-03 20:03:10 - game.core.input_handler - INFO - was_pressed für A-Taste: input_state=False, prev_input_state=False
2025-04-03 20:03:10 - game.core.input_handler - INFO - was_pressed für A-Taste: input_state=False, prev_input_state=False
2025-04-03 20:03:10 - game.core.input_handler - INFO - was_pressed für A-Taste: input_state=False, prev_input_state=False
2025-04-03 20:03:10 - game.core.input_handler - INFO - was_pressed für A-Taste: input_state=False, prev_input_state=False
2025-04-03 20:03:10 - game.core.input_handler - INFO - was_pressed für A-Taste: input_state=False, prev_input_state=False
2025-04-03 20:03:10 - game.core.input_handler - INFO - was_pressed für A-Taste: input_state=False, prev_input_state=False
2025-04-03 20:03:10 - game.core.input_handler - INFO - was_pressed für A-Taste: input_state=False, prev_input_state=False
2025-04-03 20:03:10 - game.core.input_handler - INFO - was_pressed für A-Taste: input_state=False, prev_input_state=False
2025-04-03 20:03:10 - game.core.input_handler - INFO - was_pressed für A-Taste: input_state=False, prev_input_state=False
2025-04-03 20:03:10 - game.core.input_handler - INFO - A-Taste direkt erkannt!
2025-04-03 20:03:10 - game.core.input_handler - INFO - was_pressed für A-Taste: input_state=False, prev_input_state=False
2025-04-03 20:03:10 - game.core.input_handler - INFO - A-Taste direkt erkannt!
2025-04-03 20:03:10 - game.core.input_handler - INFO - was_pressed für A-Taste: input_state=False, prev_input_state=False
2025-04-03 20:03:10 - game.core.input_handler - INFO - A-Taste direkt erkannt!
2025-04-03 20:03:10 - game.core.input_handler - INFO - was_pressed für A-Taste: input_state=False, prev_input_state=False
2025-04-03 20:03:10 - game.core.input_handler - INFO - A-Taste direkt erkannt!
2025-04-03 20:03:10 - game.core.input_handler - INFO - was_pressed für A-Taste: input_state=False, prev_input_state=False
2025-04-03 20:03:11 - game.core.input_handler - INFO - A-Taste direkt erkannt!
2025-04-03 20:03:11 - game.core.input_handler - INFO - was_pressed für A-Taste: input_state=False, prev_input_state=False
2025-04-03 20:03:11 - game.core.input_handler - INFO - A-Taste direkt erkannt!
2025-04-03 20:03:11 - game.core.input_handler - INFO - was_pressed für A-Taste: input_state=False, prev_input_state=False
2025-04-03 20:03:11 - game.core.input_handler - INFO - A-Taste direkt erkannt!
2025-04-03 20:03:11 - game.core.input_handler - INFO - was_pressed für A-Taste: input_state=False, prev_input_state=False
2025-04-03 20:03:11 - game.core.input_handler - INFO - A-Taste direkt erkannt!
2025-04-03 20:03:11 - game.core.input_handler - INFO - was_pressed für A-Taste: input_state=False, prev_input_state=False
2025-04-03 20:03:11 - game.core.input_handler - INFO - was_pressed für A-Taste: input_state=False, prev_input_state=False
2025-04-03 20:03:11 - game.core.input_handler - INFO - was_pressed für A-Taste: input_state=False, prev_input_state=False
2025-04-03 20:03:11 - game.core.input_handler - INFO - was_pressed für A-Taste: input_state=False, prev_input_state=False
2025-04-03 20:03:11 - game.core.input_handler - INFO - was_pressed für A-Taste: input_state=False, prev_input_state=False
2025-04-03 20:03:11 - game.core.input_handler - INFO - was_pressed für A-Taste: input_state=False, prev_input_state=False
2025-04-03 20:03:11 - game.core.input_handler - INFO - was_pressed für A-Taste: input_state=False, prev_input_state=False
2025-04-03 20:03:11 - game.core.input_handler - INFO - was_pressed für A-Taste: input_state=False, prev_input_state=False
2025-04-03 20:03:11 - game.core.input_handler - INFO - was_pressed für A-Taste: input_state=False, prev_input_state=False
2025-04-03 20:03:11 - game.core.input_handler - INFO - was_pressed für A-Taste: input_state=False, prev_input_state=False
2025-04-03 20:03:11 - game.core.input_handler - INFO - was_pressed für A-Taste: input_state=False, prev_input_state=False
2025-04-03 20:03:11 - game.core.input_handler - INFO - was_pressed für A-Taste: input_state=False, prev_input_state=False
2025-04-03 20:03:11 - game.core.input_handler - INFO - was_pressed für A-Taste: input_state=False, prev_input_state=False
2025-04-03 20:03:11 - game.core.input_handler - INFO - was_pressed für A-Taste: input_state=False, prev_input_state=False
2025-04-03 20:03:11 - game.core.input_handler - INFO - was_pressed für A-Taste: input_state=False, prev_input_state=False
2025-04-03 20:03:11 - game.core.input_handler - INFO - was_pressed für A-Taste: input_state=False, prev_input_state=False
2025-04-03 20:03:11 - game.core.input_handler - INFO - was_pressed für A-Taste: input_state=False, prev_input_state=False
2025-04-03 20:03:11 - game.core.input_handler - INFO - was_pressed für A-Taste: input_state=False, prev_input_state=False
2025-04-03 20:03:11 - game.core.input_handler - INFO - was_pressed für A-Taste: input_state=False, prev_input_state=False
2025-04-03 20:03:11 - game.core.input_handler - INFO - was_pressed für A-Taste: input_state=False, prev_input_state=False
2025-04-03 20:03:11 - game.core.input_handler - INFO - was_pressed für A-Taste: input_state=False, prev_input_state=False
2025-04-03 20:03:11 - game.core.input_handler - INFO - was_pressed für A-Taste: input_state=False, prev_input_state=False
2025-04-03 20:03:11 - game.core.input_handler - INFO - A-Taste direkt erkannt!
2025-04-03 20:03:11 - game.core.input_handler - INFO - was_pressed für A-Taste: input_state=False, prev_input_state=False
2025-04-03 20:03:11 - game.core.input_handler - INFO - A-Taste direkt erkannt!
2025-04-03 20:03:11 - game.core.input_handler - INFO - was_pressed für A-Taste: input_state=False, prev_input_state=False
2025-04-03 20:03:11 - game.core.input_handler - INFO - A-Taste direkt erkannt!
2025-04-03 20:03:11 - game.core.input_handler - INFO - was_pressed für A-Taste: input_state=False, prev_input_state=False
2025-04-03 20:03:11 - game.core.input_handler - INFO - A-Taste direkt erkannt!
2025-04-03 20:03:11 - game.core.input_handler - INFO - was_pressed für A-Taste: input_state=False, prev_input_state=False
2025-04-03 20:03:11 - game.core.input_handler - INFO - A-Taste direkt erkannt!
2025-04-03 20:03:11 - game.core.input_handler - INFO - was_pressed für A-Taste: input_state=False, prev_input_state=False
2025-04-03 20:03:11 - game.core.input_handler - INFO - A-Taste direkt erkannt!
2025-04-03 20:03:11 - game.core.input_handler - INFO - was_pressed für A-Taste: input_state=False, prev_input_state=False
2025-04-03 20:03:11 - game.core.input_handler - INFO - A-Taste direkt erkannt!
2025-04-03 20:03:11 - game.core.input_handler - INFO - was_pressed für A-Taste: input_state=False, prev_input_state=False
2025-04-03 20:03:11 - game.core.input_handler - INFO - was_pressed für A-Taste: input_state=False, prev_input_state=False
2025-04-03 20:03:11 - game.core.input_handler - INFO - was_pressed für A-Taste: input_state=False, prev_input_state=False
2025-04-03 20:03:11 - game.core.input_handler - INFO - was_pressed für A-Taste: input_state=False, prev_input_state=False
2025-04-03 20:03:11 - game.core.input_handler - INFO - was_pressed für A-Taste: input_state=False, prev_input_state=False
2025-04-03 20:03:11 - game.core.input_handler - INFO - was_pressed für A-Taste: input_state=False, prev_input_state=False
2025-04-03 20:03:11 - game.core.input_handler - INFO - was_pressed für A-Taste: input_state=False, prev_input_state=False
2025-04-03 20:03:11 - game.core.input_handler - INFO - was_pressed für A-Taste: input_state=False, prev_input_state=False
2025-04-03 20:03:11 - game.core.input_handler - INFO - was_pressed für A-Taste: input_state=False, prev_input_state=False
2025-04-03 20:03:11 - game.core.input_handler - INFO - was_pressed für A-Taste: input_state=False, prev_input_state=False
2025-04-03 20:03:11 - game.core.input_handler - INFO - was_pressed für A-Taste: input_state=False, prev_input_state=False
2025-04-03 20:03:11 - game.core.input_handler - INFO - was_pressed für A-Taste: input_state=False, prev_input_state=False
2025-04-03 20:03:11 - game.core.input_handler - INFO - was_pressed für A-Taste: input_state=False, prev_input_state=False
2025-04-03 20:03:11 - game.core.input_handler - INFO - was_pressed für A-Taste: input_state=False, prev_input_state=False
2025-04-03 20:03:11 - game.core.input_handler - INFO - was_pressed für A-Taste: input_state=False, prev_input_state=False
2025-04-03 20:03:11 - game.core.input_handler - INFO - was_pressed für A-Taste: input_state=False, prev_input_state=False
2025-04-03 20:03:11 - game.core.input_handler - INFO - was_pressed für A-Taste: input_state=False, prev_input_state=False
2025-04-03 20:03:11 - game.core.input_handler - INFO - was_pressed für A-Taste: input_state=False, prev_input_state=False
2025-04-03 20:03:11 - game.core.input_handler - INFO - was_pressed für A-Taste: input_state=False, prev_input_state=False
2025-04-03 20:03:11 - game.core.input_handler - INFO - was_pressed für A-Taste: input_state=False, prev_input_state=False
2025-04-03 20:03:11 - game.core.input_handler - INFO - was_pressed für A-Taste: input_state=False, prev_input_state=False
2025-04-03 20:03:11 - game.core.input_handler - INFO - was_pressed für A-Taste: input_state=False, prev_input_state=False
2025-04-03 20:03:11 - game.core.input_handler - INFO - was_pressed für A-Taste: input_state=False, prev_input_state=False
2025-04-03 20:03:11 - game.core.input_handler - INFO - was_pressed für A-Taste: input_state=False, prev_input_state=False
2025-04-03 20:03:11 - game.core.input_handler - INFO - was_pressed für A-Taste: input_state=False, prev_input_state=False
2025-04-03 20:03:11 - game.core.input_handler - INFO - was_pressed für A-Taste: input_state=False, prev_input_state=False
2025-04-03 20:03:11 - game.core.input_handler - INFO - was_pressed für A-Taste: input_state=False, prev_input_state=False
2025-04-03 20:03:11 - game.core.input_handler - INFO - was_pressed für A-Taste: input_state=False, prev_input_state=False
2025-04-03 20:03:11 - game.core.input_handler - INFO - was_pressed für A-Taste: input_state=False, prev_input_state=False
2025-04-03 20:03:11 - game.core.input_handler - INFO - was_pressed für A-Taste: input_state=False, prev_input_state=False
2025-04-03 20:03:12 - game.core.input_handler - INFO - was_pressed für A-Taste: input_state=False, prev_input_state=False
2025-04-03 20:03:12 - game.core.input_handler - INFO - was_pressed für A-Taste: input_state=False, prev_input_state=False
2025-04-03 20:03:12 - game.core.input_handler - INFO - was_pressed für A-Taste: input_state=False, prev_input_state=False
2025-04-03 20:03:12 - game.core.input_handler - INFO - was_pressed für A-Taste: input_state=False, prev_input_state=False
2025-04-03 20:03:12 - game.core.input_handler - INFO - was_pressed für A-Taste: input_state=False, prev_input_state=False
2025-04-03 20:03:12 - game.core.input_handler - INFO - was_pressed für A-Taste: input_state=False, prev_input_state=False
2025-04-03 20:03:12 - game.core.input_handler - INFO - was_pressed für A-Taste: input_state=False, prev_input_state=False
2025-04-03 20:03:12 - game.core.input_handler - INFO - was_pressed für A-Taste: input_state=False, prev_input_state=False
2025-04-03 20:03:12 - game.core.input_handler - INFO - was_pressed für A-Taste: input_state=False, prev_input_state=False
2025-04-03 20:03:12 - game.core.input_handler - INFO - was_pressed für A-Taste: input_state=False, prev_input_state=False
2025-04-03 20:03:12 - game.core.input_handler - INFO - was_pressed für A-Taste: input_state=False, prev_input_state=False
2025-04-03 20:03:12 - game.core.input_handler - INFO - was_pressed für A-Taste: input_state=False, prev_input_state=False
2025-04-03 20:03:12 - game.core.input_handler - INFO - was_pressed für A-Taste: input_state=False, prev_input_state=False
2025-04-03 20:03:12 - game.core.input_handler - INFO - was_pressed für A-Taste: input_state=False, prev_input_state=False
2025-04-03 20:03:12 - game.core.input_handler - INFO - was_pressed für A-Taste: input_state=False, prev_input_state=False
2025-04-03 20:03:12 - game.core.input_handler - INFO - was_pressed für A-Taste: input_state=False, prev_input_state=False
2025-04-03 20:03:12 - game.core.input_handler - INFO - was_pressed für A-Taste: input_state=False, prev_input_state=False
2025-04-03 20:03:12 - game.core.input_handler - INFO - was_pressed für A-Taste: input_state=False, prev_input_state=False
2025-04-03 20:03:12 - game.core.input_handler - INFO - A-Taste direkt erkannt!
2025-04-03 20:03:12 - game.core.input_handler - INFO - was_pressed für A-Taste: input_state=False, prev_input_state=False
2025-04-03 20:03:12 - game.core.input_handler - INFO - A-Taste direkt erkannt!
2025-04-03 20:03:12 - game.core.input_handler - INFO - was_pressed für A-Taste: input_state=False, prev_input_state=False
2025-04-03 20:03:12 - game.core.input_handler - INFO - A-Taste direkt erkannt!
2025-04-03 20:03:12 - game.core.input_handler - INFO - was_pressed für A-Taste: input_state=False, prev_input_state=False
2025-04-03 20:03:12 - game.core.input_handler - INFO - A-Taste direkt erkannt!
2025-04-03 20:03:12 - game.core.input_handler - INFO - was_pressed für A-Taste: input_state=False, prev_input_state=False
2025-04-03 20:03:12 - game.core.input_handler - INFO - A-Taste direkt erkannt!
2025-04-03 20:03:12 - game.core.input_handler - INFO - was_pressed für A-Taste: input_state=False, prev_input_state=False
2025-04-03 20:03:12 - game.core.input_handler - INFO - A-Taste direkt erkannt!
2025-04-03 20:03:12 - game.core.input_handler - INFO - was_pressed für A-Taste: input_state=False, prev_input_state=False
2025-04-03 20:03:12 - game.core.input_handler - INFO - A-Taste direkt erkannt!
2025-04-03 20:03:12 - game.core.input_handler - INFO - was_pressed für A-Taste: input_state=False, prev_input_state=False
2025-04-03 20:03:12 - game.core.input_handler - INFO - A-Taste direkt erkannt!
2025-04-03 20:03:12 - game.core.input_handler - INFO - was_pressed für A-Taste: input_state=False, prev_input_state=False
2025-04-03 20:03:12 - game.core.input_handler - INFO - was_pressed für A-Taste: input_state=False, prev_input_state=False
2025-04-03 20:03:12 - game.core.input_handler - INFO - was_pressed für A-Taste: input_state=False, prev_input_state=False
2025-04-03 20:03:12 - game.core.input_handler - INFO - was_pressed für A-Taste: input_state=False, prev_input_state=False
2025-04-03 20:03:12 - game.core.input_handler - INFO - was_pressed für A-Taste: input_state=False, prev_input_state=False
2025-04-03 20:03:12 - game.core.input_handler - INFO - was_pressed für A-Taste: input_state=False, prev_input_state=False
2025-04-03 20:03:12 - game.core.input_handler - INFO - was_pressed für A-Taste: input_state=False, prev_input_state=False
2025-04-03 20:03:12 - game.core.input_handler - INFO - was_pressed für A-Taste: input_state=False, prev_input_state=False
2025-04-03 20:03:12 - game.core.input_handler - INFO - was_pressed für A-Taste: input_state=False, prev_input_state=False
2025-04-03 20:03:12 - game.core.input_handler - INFO - was_pressed für A-Taste: input_state=False, prev_input_state=False
2025-04-03 20:03:12 - game.core.input_handler - INFO - was_pressed für A-Taste: input_state=False, prev_input_state=False
2025-04-03 20:03:12 - game.core.input_handler - INFO - was_pressed für A-Taste: input_state=False, prev_input_state=False
2025-04-03 20:03:12 - game.core.input_handler - INFO - was_pressed für A-Taste: input_state=False, prev_input_state=False
2025-04-03 20:03:12 - game.core.input_handler - INFO - was_pressed für A-Taste: input_state=False, prev_input_state=False
2025-04-03 20:03:12 - game.core.input_handler - INFO - was_pressed für A-Taste: input_state=False, prev_input_state=False
2025-04-03 20:03:12 - game.core.input_handler - INFO - was_pressed für A-Taste: input_state=False, prev_input_state=False
2025-04-03 20:03:12 - game.core.input_handler - INFO - was_pressed für A-Taste: input_state=False, prev_input_state=False
2025-04-03 20:03:12 - game.core.input_handler - INFO - was_pressed für A-Taste: input_state=False, prev_input_state=False
2025-04-03 20:03:12 - game.core.input_handler - INFO - was_pressed für A-Taste: input_state=False, prev_input_state=False
2025-04-03 20:03:12 - game.core.input_handler - INFO - was_pressed für A-Taste: input_state=False, prev_input_state=False
2025-04-03 20:03:12 - game.core.input_handler - INFO - was_pressed für A-Taste: input_state=False, prev_input_state=False
2025-04-03 20:03:12 - game.core.input_handler - INFO - was_pressed für A-Taste: input_state=False, prev_input_state=False
2025-04-03 20:03:12 - game.core.input_handler - INFO - was_pressed für A-Taste: input_state=False, prev_input_state=False
2025-04-03 20:03:12 - game.core.input_handler - INFO - was_pressed für A-Taste: input_state=False, prev_input_state=False
2025-04-03 20:03:12 - game.core.input_handler - INFO - was_pressed für A-Taste: input_state=False, prev_input_state=False
2025-04-03 20:03:12 - game.core.input_handler - INFO - was_pressed für A-Taste: input_state=False, prev_input_state=False
2025-04-03 20:03:12 - game.core.input_handler - INFO - was_pressed für A-Taste: input_state=False, prev_input_state=False
2025-04-03 20:03:12 - game.core.input_handler - INFO - was_pressed für A-Taste: input_state=False, prev_input_state=False
2025-04-03 20:03:12 - game.core.input_handler - INFO - was_pressed für A-Taste: input_state=False, prev_input_state=False
2025-04-03 20:03:12 - game.core.input_handler - INFO - was_pressed für A-Taste: input_state=False, prev_input_state=False
2025-04-03 20:03:12 - game.core.input_handler - INFO - was_pressed für A-Taste: input_state=False, prev_input_state=False
2025-04-03 20:03:12 - game.core.input_handler - INFO - was_pressed für A-Taste: input_state=False, prev_input_state=False
2025-04-03 20:03:12 - game.core.input_handler - INFO - was_pressed für A-Taste: input_state=False, prev_input_state=False
2025-04-03 20:03:12 - game.core.input_handler - INFO - was_pressed für A-Taste: input_state=False, prev_input_state=False
2025-04-03 20:03:12 - game.core.input_handler - INFO - was_pressed für A-Taste: input_state=False, prev_input_state=False
2025-04-03 20:03:12 - game.core.input_handler - INFO - was_pressed für A-Taste: input_state=False, prev_input_state=False
2025-04-03 20:03:13 - game.core.input_handler - INFO - was_pressed für A-Taste: input_state=False, prev_input_state=False
2025-04-03 20:03:13 - game.core.input_handler - INFO - was_pressed für A-Taste: input_state=False, prev_input_state=False
2025-04-03 20:03:13 - game.core.input_handler - INFO - was_pressed für A-Taste: input_state=False, prev_input_state=False
2025-04-03 20:03:13 - game.core.input_handler - INFO - was_pressed für A-Taste: input_state=False, prev_input_state=False
2025-04-03 20:03:13 - game.core.input_handler - INFO - was_pressed für A-Taste: input_state=False, prev_input_state=False
2025-04-03 20:03:13 - game.core.input_handler - INFO - was_pressed für A-Taste: input_state=False, prev_input_state=False
2025-04-03 20:03:13 - game.core.input_handler - INFO - was_pressed für A-Taste: input_state=False, prev_input_state=False
2025-04-03 20:03:13 - game.core.input_handler - INFO - was_pressed für A-Taste: input_state=False, prev_input_state=False
2025-04-03 20:03:13 - game.core.input_handler - INFO - was_pressed für A-Taste: input_state=False, prev_input_state=False
2025-04-03 20:03:13 - game.core.input_handler - INFO - was_pressed für A-Taste: input_state=False, prev_input_state=False
2025-04-03 20:03:13 - game.core.input_handler - INFO - was_pressed für A-Taste: input_state=False, prev_input_state=False
2025-04-03 20:03:13 - game.core.input_handler - INFO - was_pressed für A-Taste: input_state=False, prev_input_state=False
2025-04-03 20:03:13 - game.core.input_handler - INFO - was_pressed für A-Taste: input_state=False, prev_input_state=False
2025-04-03 20:03:13 - game.core.input_handler - INFO - was_pressed für A-Taste: input_state=False, prev_input_state=False
2025-04-03 20:03:13 - game.core.input_handler - INFO - was_pressed für A-Taste: input_state=False, prev_input_state=False
2025-04-03 20:03:13 - game.core.input_handler - INFO - was_pressed für A-Taste: input_state=False, prev_input_state=False
2025-04-03 20:03:13 - game.core.input_handler - INFO - was_pressed für A-Taste: input_state=False, prev_input_state=False
2025-04-03 20:03:13 - game.core.input_handler - INFO - was_pressed für A-Taste: input_state=False, prev_input_state=False
2025-04-03 20:03:13 - game.core.input_handler - INFO - was_pressed für A-Taste: input_state=False, prev_input_state=False
2025-04-03 20:03:13 - game.core.input_handler - INFO - was_pressed für A-Taste: input_state=False, prev_input_state=False
2025-04-03 20:03:13 - game.core.input_handler - INFO - was_pressed für A-Taste: input_state=False, prev_input_state=False
2025-04-03 20:03:13 - game.core.input_handler - INFO - was_pressed für A-Taste: input_state=False, prev_input_state=False
2025-04-03 20:03:13 - game.core.input_handler - INFO - was_pressed für A-Taste: input_state=False, prev_input_state=False
2025-04-03 20:03:13 - game.core.input_handler - INFO - was_pressed für A-Taste: input_state=False, prev_input_state=False
2025-04-03 20:03:13 - game.core.input_handler - INFO - was_pressed für A-Taste: input_state=False, prev_input_state=False
2025-04-03 20:03:13 - game.core.input_handler - INFO - was_pressed für A-Taste: input_state=False, prev_input_state=False
2025-04-03 20:03:13 - game.core.input_handler - INFO - was_pressed für A-Taste: input_state=False, prev_input_state=False
2025-04-03 20:03:13 - game.core.input_handler - INFO - was_pressed für A-Taste: input_state=False, prev_input_state=False
2025-04-03 20:03:13 - game.core.input_handler - INFO - was_pressed für A-Taste: input_state=False, prev_input_state=False
2025-04-03 20:03:13 - game.core.input_handler - INFO - was_pressed für A-Taste: input_state=False, prev_input_state=False
2025-04-03 20:03:13 - game.core.input_handler - INFO - was_pressed für A-Taste: input_state=False, prev_input_state=False
2025-04-03 20:03:13 - game.core.input_handler - INFO - was_pressed für A-Taste: input_state=False, prev_input_state=False
2025-04-03 20:03:13 - game.core.input_handler - INFO - was_pressed für A-Taste: input_state=False, prev_input_state=False
2025-04-03 20:03:13 - game.core.input_handler - INFO - was_pressed für A-Taste: input_state=False, prev_input_state=False
2025-04-03 20:03:13 - game.core.input_handler - INFO - was_pressed für A-Taste: input_state=False, prev_input_state=False
2025-04-03 20:03:13 - game.core.input_handler - INFO - was_pressed für A-Taste: input_state=False, prev_input_state=False
2025-04-03 20:03:13 - game.core.input_handler - INFO - was_pressed für A-Taste: input_state=False, prev_input_state=False
2025-04-03 20:03:13 - game.core.input_handler - INFO - A-Taste direkt erkannt!
2025-04-03 20:03:13 - game.core.input_handler - INFO - was_pressed für A-Taste: input_state=False, prev_input_state=False
2025-04-03 20:03:13 - game.core.input_handler - INFO - A-Taste direkt erkannt!
2025-04-03 20:03:13 - game.core.input_handler - INFO - was_pressed für A-Taste: input_state=False, prev_input_state=False
2025-04-03 20:03:13 - game.core.input_handler - INFO - A-Taste direkt erkannt!
2025-04-03 20:03:13 - game.core.input_handler - INFO - was_pressed für A-Taste: input_state=False, prev_input_state=False
2025-04-03 20:03:13 - game.core.input_handler - INFO - A-Taste direkt erkannt!
2025-04-03 20:03:13 - game.core.input_handler - INFO - was_pressed für A-Taste: input_state=False, prev_input_state=False
2025-04-03 20:03:13 - game.core.input_handler - INFO - A-Taste direkt erkannt!
2025-04-03 20:03:13 - game.core.input_handler - INFO - was_pressed für A-Taste: input_state=False, prev_input_state=False
2025-04-03 20:03:13 - game.core.input_handler - INFO - A-Taste direkt erkannt!
2025-04-03 20:03:13 - game.core.input_handler - INFO - was_pressed für A-Taste: input_state=False, prev_input_state=False
2025-04-03 20:03:13 - game.core.input_handler - INFO - A-Taste direkt erkannt!
2025-04-03 20:03:13 - game.core.input_handler - INFO - was_pressed für A-Taste: input_state=False, prev_input_state=False
2025-04-03 20:03:13 - game.core.input_handler - INFO - was_pressed für A-Taste: input_state=False, prev_input_state=False
2025-04-03 20:03:13 - game.core.input_handler - INFO - was_pressed für A-Taste: input_state=False, prev_input_state=False
2025-04-03 20:03:13 - game.core.input_handler - INFO - was_pressed für A-Taste: input_state=False, prev_input_state=False
2025-04-03 20:03:13 - game.core.input_handler - INFO - was_pressed für A-Taste: input_state=False, prev_input_state=False
2025-04-03 20:03:13 - game.core.input_handler - INFO - was_pressed für A-Taste: input_state=False, prev_input_state=False
2025-04-03 20:03:13 - game.core.input_handler - INFO - was_pressed für A-Taste: input_state=False, prev_input_state=False
2025-04-03 20:03:13 - game.core.input_handler - INFO - was_pressed für A-Taste: input_state=False, prev_input_state=False
2025-04-03 20:03:13 - game.core.input_handler - INFO - was_pressed für A-Taste: input_state=False, prev_input_state=False
2025-04-03 20:03:13 - game.core.input_handler - INFO - was_pressed für A-Taste: input_state=False, prev_input_state=False
2025-04-03 20:03:13 - game.core.input_handler - INFO - was_pressed für A-Taste: input_state=False, prev_input_state=False
2025-04-03 20:03:13 - game.core.input_handler - INFO - was_pressed für A-Taste: input_state=False, prev_input_state=False
2025-04-03 20:03:13 - game.core.input_handler - INFO - was_pressed für A-Taste: input_state=False, prev_input_state=False
2025-04-03 20:03:13 - game.core.input_handler - INFO - was_pressed für A-Taste: input_state=False, prev_input_state=False
2025-04-03 20:03:13 - game.core.input_handler - INFO - was_pressed für A-Taste: input_state=False, prev_input_state=False
2025-04-03 20:03:13 - game.core.input_handler - INFO - was_pressed für A-Taste: input_state=False, prev_input_state=False
2025-04-03 20:03:13 - game.core.input_handler - INFO - was_pressed für A-Taste: input_state=False, prev_input_state=False
2025-04-03 20:03:14 - game.core.input_handler - INFO - was_pressed für A-Taste: input_state=False, prev_input_state=False
2025-04-03 20:03:14 - game.core.input_handler - INFO - was_pressed für A-Taste: input_state=False, prev_input_state=False
2025-04-03 20:03:14 - game.core.input_handler - INFO - was_pressed für A-Taste: input_state=False, prev_input_state=False
2025-04-03 20:03:14 - game.core.input_handler - INFO - was_pressed für A-Taste: input_state=False, prev_input_state=False
2025-04-03 20:03:14 - game.core.input_handler - INFO - was_pressed für A-Taste: input_state=False, prev_input_state=False
2025-04-03 20:03:14 - game.core.input_handler - INFO - was_pressed für A-Taste: input_state=False, prev_input_state=False
2025-04-03 20:03:14 - game.core.input_handler - INFO - was_pressed für A-Taste: input_state=False, prev_input_state=False
2025-04-03 20:03:14 - game.core.input_handler - INFO - was_pressed für A-Taste: input_state=False, prev_input_state=False
2025-04-03 20:03:14 - game.core.input_handler - INFO - was_pressed für A-Taste: input_state=False, prev_input_state=False
2025-04-03 20:03:14 - game.core.input_handler - INFO - was_pressed für A-Taste: input_state=False, prev_input_state=False
2025-04-03 20:03:14 - game.core.input_handler - INFO - was_pressed für A-Taste: input_state=False, prev_input_state=False
2025-04-03 20:03:14 - game.core.input_handler - INFO - was_pressed für A-Taste: input_state=False, prev_input_state=False
2025-04-03 20:03:14 - game.core.input_handler - INFO - was_pressed für A-Taste: input_state=False, prev_input_state=False
2025-04-03 20:03:14 - game.core.input_handler - INFO - was_pressed für A-Taste: input_state=False, prev_input_state=False
2025-04-03 20:03:14 - game.core.input_handler - INFO - was_pressed für A-Taste: input_state=False, prev_input_state=False
2025-04-03 20:03:14 - game.core.input_handler - INFO - was_pressed für A-Taste: input_state=False, prev_input_state=False
2025-04-03 20:03:14 - game.core.input_handler - INFO - was_pressed für A-Taste: input_state=False, prev_input_state=False
2025-04-03 20:03:14 - game.core.input_handler - INFO - was_pressed für A-Taste: input_state=False, prev_input_state=False
2025-04-03 20:03:14 - game.core.input_handler - INFO - was_pressed für A-Taste: input_state=False, prev_input_state=False
2025-04-03 20:03:14 - game.core.input_handler - INFO - was_pressed für A-Taste: input_state=False, prev_input_state=False
2025-04-03 20:03:14 - game.core.input_handler - INFO - was_pressed für A-Taste: input_state=False, prev_input_state=False
2025-04-03 20:03:14 - game.core.input_handler - INFO - was_pressed für A-Taste: input_state=False, prev_input_state=False
2025-04-03 20:03:14 - game.core.input_handler - INFO - was_pressed für A-Taste: input_state=False, prev_input_state=False
2025-04-03 20:03:14 - game.core.input_handler - INFO - was_pressed für A-Taste: input_state=False, prev_input_state=False
2025-04-03 20:03:14 - game.core.input_handler - INFO - was_pressed für A-Taste: input_state=False, prev_input_state=False
2025-04-03 20:03:14 - game.core.input_handler - INFO - was_pressed für A-Taste: input_state=False, prev_input_state=False
2025-04-03 20:03:14 - game.core.input_handler - INFO - was_pressed für A-Taste: input_state=False, prev_input_state=False
2025-04-03 20:03:14 - game.core.input_handler - INFO - was_pressed für A-Taste: input_state=False, prev_input_state=False
2025-04-03 20:03:14 - game.core.input_handler - INFO - was_pressed für A-Taste: input_state=False, prev_input_state=False
2025-04-03 20:03:14 - game.core.input_handler - INFO - was_pressed für A-Taste: input_state=False, prev_input_state=False
2025-04-03 20:03:14 - game.core.input_handler - INFO - was_pressed für A-Taste: input_state=False, prev_input_state=False
2025-04-03 20:03:14 - game.core.input_handler - INFO - Aktion erkannt: up (input_state: True, prev_input_state: False)
2025-04-03 20:03:14 - game.core.input_handler - INFO - was_pressed für A-Taste: input_state=False, prev_input_state=False
2025-04-03 20:03:14 - game.core.input_handler - INFO - was_pressed für A-Taste: input_state=False, prev_input_state=False
2025-04-03 20:03:14 - game.core.input_handler - INFO - was_pressed für A-Taste: input_state=False, prev_input_state=False
2025-04-03 20:03:14 - game.core.input_handler - INFO - was_pressed für A-Taste: input_state=False, prev_input_state=False
2025-04-03 20:03:14 - game.core.input_handler - INFO - was_pressed für A-Taste: input_state=False, prev_input_state=False
2025-04-03 20:03:14 - game.core.input_handler - INFO - was_pressed für A-Taste: input_state=False, prev_input_state=False
2025-04-03 20:03:14 - game.core.input_handler - INFO - was_pressed für A-Taste: input_state=False, prev_input_state=False
2025-04-03 20:03:14 - game.core.input_handler - INFO - was_pressed für A-Taste: input_state=False, prev_input_state=False
2025-04-03 20:03:14 - game.core.input_handler - INFO - was_pressed für A-Taste: input_state=False, prev_input_state=False
2025-04-03 20:03:14 - game.core.input_handler - INFO - was_pressed für A-Taste: input_state=False, prev_input_state=False
2025-04-03 20:03:14 - game.core.input_handler - INFO - was_pressed für A-Taste: input_state=False, prev_input_state=False
2025-04-03 20:03:14 - game.core.input_handler - INFO - was_pressed für A-Taste: input_state=False, prev_input_state=False
2025-04-03 20:03:14 - game.core.input_handler - INFO - was_pressed für A-Taste: input_state=False, prev_input_state=False
2025-04-03 20:03:14 - game.core.input_handler - INFO - was_pressed für A-Taste: input_state=False, prev_input_state=False
2025-04-03 20:03:14 - game.core.input_handler - INFO - was_pressed für A-Taste: input_state=False, prev_input_state=False
2025-04-03 20:03:14 - game.core.input_handler - INFO - was_pressed für A-Taste: input_state=False, prev_input_state=False
2025-04-03 20:03:14 - game.core.input_handler - INFO - was_pressed für A-Taste: input_state=False, prev_input_state=False
2025-04-03 20:03:14 - game.core.input_handler - INFO - was_pressed für A-Taste: input_state=False, prev_input_state=False
2025-04-03 20:03:14 - game.core.input_handler - INFO - was_pressed für A-Taste: input_state=False, prev_input_state=False
2025-04-03 20:03:14 - game.core.input_handler - INFO - was_pressed für A-Taste: input_state=False, prev_input_state=False
2025-04-03 20:03:14 - game.core.input_handler - INFO - was_pressed für A-Taste: input_state=False, prev_input_state=False
2025-04-03 20:03:14 - game.core.input_handler - INFO - was_pressed für A-Taste: input_state=False, prev_input_state=False
2025-04-03 20:03:14 - game.core.input_handler - INFO - was_pressed für A-Taste: input_state=False, prev_input_state=False
2025-04-03 20:03:14 - game.core.input_handler - INFO - was_pressed für A-Taste: input_state=False, prev_input_state=False
2025-04-03 20:03:14 - game.core.input_handler - INFO - was_pressed für A-Taste: input_state=False, prev_input_state=False
2025-04-03 20:03:14 - game.core.input_handler - INFO - Aktion erkannt: down (input_state: True, prev_input_state: False)
2025-04-03 20:03:14 - game.core.input_handler - INFO - was_pressed für A-Taste: input_state=False, prev_input_state=False
2025-04-03 20:03:14 - game.core.input_handler - INFO - was_pressed für A-Taste: input_state=False, prev_input_state=False
2025-04-03 20:03:14 - game.core.input_handler - INFO - was_pressed für A-Taste: input_state=False, prev_input_state=False
2025-04-03 20:03:15 - game.core.input_handler - INFO - was_pressed für A-Taste: input_state=False, prev_input_state=False
2025-04-03 20:03:15 - game.core.input_handler - INFO - was_pressed für A-Taste: input_state=False, prev_input_state=False
2025-04-03 20:03:15 - game.core.input_handler - INFO - was_pressed für A-Taste: input_state=False, prev_input_state=False
2025-04-03 20:03:15 - game.core.input_handler - INFO - was_pressed für A-Taste: input_state=False, prev_input_state=False
2025-04-03 20:03:15 - game.core.input_handler - INFO - was_pressed für A-Taste: input_state=False, prev_input_state=False
2025-04-03 20:03:15 - game.core.input_handler - INFO - was_pressed für A-Taste: input_state=False, prev_input_state=False
2025-04-03 20:03:15 - game.core.input_handler - INFO - was_pressed für A-Taste: input_state=False, prev_input_state=False
2025-04-03 20:03:15 - game.core.input_handler - INFO - was_pressed für A-Taste: input_state=False, prev_input_state=False
2025-04-03 20:03:15 - game.core.input_handler - INFO - was_pressed für A-Taste: input_state=False, prev_input_state=False
2025-04-03 20:03:15 - game.core.input_handler - INFO - was_pressed für A-Taste: input_state=False, prev_input_state=False
2025-04-03 20:03:15 - game.core.input_handler - INFO - was_pressed für A-Taste: input_state=False, prev_input_state=False
2025-04-03 20:03:15 - game.core.input_handler - INFO - was_pressed für A-Taste: input_state=False, prev_input_state=False
2025-04-03 20:03:15 - game.core.input_handler - INFO - was_pressed für A-Taste: input_state=False, prev_input_state=False
2025-04-03 20:03:15 - game.core.input_handler - INFO - was_pressed für A-Taste: input_state=False, prev_input_state=False
2025-04-03 20:03:15 - game.core.input_handler - INFO - was_pressed für A-Taste: input_state=False, prev_input_state=False
2025-04-03 20:03:15 - game.core.input_handler - INFO - was_pressed für A-Taste: input_state=False, prev_input_state=False
2025-04-03 20:03:15 - game.core.input_handler - INFO - was_pressed für A-Taste: input_state=False, prev_input_state=False
2025-04-03 20:03:15 - game.core.input_handler - INFO - Aktion erkannt: up (input_state: True, prev_input_state: False)
2025-04-03 20:03:15 - game.core.input_handler - INFO - was_pressed für A-Taste: input_state=False, prev_input_state=False
2025-04-03 20:03:15 - game.core.input_handler - INFO - was_pressed für A-Taste: input_state=False, prev_input_state=False
2025-04-03 20:03:15 - game.core.input_handler - INFO - was_pressed für A-Taste: input_state=False, prev_input_state=False
2025-04-03 20:03:15 - game.core.input_handler - INFO - was_pressed für A-Taste: input_state=False, prev_input_state=False
2025-04-03 20:03:15 - game.core.input_handler - INFO - was_pressed für A-Taste: input_state=False, prev_input_state=False
2025-04-03 20:03:15 - game.core.input_handler - INFO - was_pressed für A-Taste: input_state=False, prev_input_state=False
2025-04-03 20:03:15 - game.core.input_handler - INFO - was_pressed für A-Taste: input_state=False, prev_input_state=False
2025-04-03 20:03:15 - game.core.input_handler - INFO - was_pressed für A-Taste: input_state=False, prev_input_state=False
2025-04-03 20:03:15 - game.core.input_handler - INFO - was_pressed für A-Taste: input_state=False, prev_input_state=False
2025-04-03 20:03:15 - game.core.input_handler - INFO - was_pressed für A-Taste: input_state=False, prev_input_state=False
2025-04-03 20:03:15 - game.core.input_handler - INFO - was_pressed für A-Taste: input_state=False, prev_input_state=False
2025-04-03 20:03:15 - game.core.input_handler - INFO - A-Taste direkt erkannt!
2025-04-03 20:03:15 - game.core.input_handler - INFO - was_pressed für A-Taste: input_state=False, prev_input_state=False
2025-04-03 20:03:15 - game.core.input_handler - INFO - A-Taste direkt erkannt!
2025-04-03 20:03:15 - game.core.input_handler - INFO - was_pressed für A-Taste: input_state=False, prev_input_state=False
2025-04-03 20:03:15 - game.core.input_handler - INFO - A-Taste direkt erkannt!
2025-04-03 20:03:15 - game.core.input_handler - INFO - was_pressed für A-Taste: input_state=False, prev_input_state=False
2025-04-03 20:03:15 - game.core.input_handler - INFO - A-Taste direkt erkannt!
2025-04-03 20:03:15 - game.core.input_handler - INFO - was_pressed für A-Taste: input_state=False, prev_input_state=False
2025-04-03 20:03:15 - game.core.input_handler - INFO - A-Taste direkt erkannt!
2025-04-03 20:03:15 - game.core.input_handler - INFO - was_pressed für A-Taste: input_state=False, prev_input_state=False
2025-04-03 20:03:15 - game.core.input_handler - INFO - A-Taste direkt erkannt!
2025-04-03 20:03:15 - game.core.input_handler - INFO - was_pressed für A-Taste: input_state=False, prev_input_state=False
2025-04-03 20:03:15 - game.core.input_handler - INFO - was_pressed für A-Taste: input_state=False, prev_input_state=False
2025-04-03 20:03:15 - game.core.input_handler - INFO - was_pressed für A-Taste: input_state=False, prev_input_state=False
2025-04-03 20:03:15 - game.core.input_handler - INFO - was_pressed für A-Taste: input_state=False, prev_input_state=False
2025-04-03 20:03:15 - game.core.input_handler - INFO - was_pressed für A-Taste: input_state=False, prev_input_state=False
2025-04-03 20:03:15 - game.core.input_handler - INFO - was_pressed für A-Taste: input_state=False, prev_input_state=False
2025-04-03 20:03:15 - game.core.input_handler - INFO - was_pressed für A-Taste: input_state=False, prev_input_state=False
2025-04-03 20:03:15 - game.core.input_handler - INFO - was_pressed für A-Taste: input_state=False, prev_input_state=False
2025-04-03 20:03:15 - game.core.input_handler - INFO - was_pressed für A-Taste: input_state=False, prev_input_state=False
2025-04-03 20:03:15 - game.core.input_handler - INFO - was_pressed für A-Taste: input_state=False, prev_input_state=False
2025-04-03 20:03:15 - game.core.input_handler - INFO - was_pressed für A-Taste: input_state=False, prev_input_state=False
2025-04-03 20:03:15 - game.core.input_handler - INFO - was_pressed für A-Taste: input_state=False, prev_input_state=False
2025-04-03 20:03:15 - game.core.input_handler - INFO - Aktion erkannt: up (input_state: True, prev_input_state: False)
2025-04-03 20:03:15 - game.core.input_handler - INFO - was_pressed für A-Taste: input_state=False, prev_input_state=False
2025-04-03 20:03:15 - game.core.input_handler - INFO - was_pressed für A-Taste: input_state=False, prev_input_state=False
2025-04-03 20:03:15 - game.core.input_handler - INFO - was_pressed für A-Taste: input_state=False, prev_input_state=False
2025-04-03 20:03:15 - game.core.input_handler - INFO - was_pressed für A-Taste: input_state=False, prev_input_state=False
2025-04-03 20:03:15 - game.core.input_handler - INFO - was_pressed für A-Taste: input_state=False, prev_input_state=False
2025-04-03 20:03:15 - game.core.input_handler - INFO - was_pressed für A-Taste: input_state=False, prev_input_state=False
2025-04-03 20:03:15 - game.core.input_handler - INFO - was_pressed für A-Taste: input_state=False, prev_input_state=False
2025-04-03 20:03:15 - game.core.input_handler - INFO - was_pressed für A-Taste: input_state=False, prev_input_state=False
2025-04-03 20:03:15 - game.core.input_handler - INFO - was_pressed für A-Taste: input_state=False, prev_input_state=False
2025-04-03 20:03:15 - game.core.input_handler - INFO - A-Taste direkt erkannt!
2025-04-03 20:03:15 - game.core.input_handler - INFO - was_pressed für A-Taste: input_state=False, prev_input_state=False
2025-04-03 20:03:15 - game.core.input_handler - INFO - A-Taste direkt erkannt!
2025-04-03 20:03:15 - game.core.input_handler - INFO - was_pressed für A-Taste: input_state=False, prev_input_state=False
2025-04-03 20:03:15 - game.core.input_handler - INFO - A-Taste direkt erkannt!
2025-04-03 20:03:15 - game.core.input_handler - INFO - was_pressed für A-Taste: input_state=False, prev_input_state=False
2025-04-03 20:03:15 - game.core.input_handler - INFO - A-Taste direkt erkannt!
2025-04-03 20:03:15 - game.core.input_handler - INFO - was_pressed für A-Taste: input_state=False, prev_input_state=False
2025-04-03 20:03:16 - game.core.input_handler - INFO - A-Taste direkt erkannt!
2025-04-03 20:03:16 - game.core.input_handler - INFO - was_pressed für A-Taste: input_state=False, prev_input_state=False
2025-04-03 20:03:16 - game.core.input_handler - INFO - A-Taste direkt erkannt!
2025-04-03 20:03:16 - game.core.input_handler - INFO - was_pressed für A-Taste: input_state=False, prev_input_state=False
2025-04-03 20:03:16 - game.core.input_handler - INFO - was_pressed für A-Taste: input_state=False, prev_input_state=False
2025-04-03 20:03:16 - game.core.input_handler - INFO - was_pressed für A-Taste: input_state=False, prev_input_state=False
2025-04-03 20:03:16 - game.core.input_handler - INFO - was_pressed für A-Taste: input_state=False, prev_input_state=False
2025-04-03 20:03:16 - game.core.input_handler - INFO - was_pressed für A-Taste: input_state=False, prev_input_state=False
2025-04-03 20:03:16 - game.core.input_handler - INFO - was_pressed für A-Taste: input_state=False, prev_input_state=False
2025-04-03 20:03:16 - game.core.input_handler - INFO - was_pressed für A-Taste: input_state=False, prev_input_state=False
2025-04-03 20:03:16 - game.core.input_handler - INFO - was_pressed für A-Taste: input_state=False, prev_input_state=False
2025-04-03 20:03:16 - game.core.input_handler - INFO - was_pressed für A-Taste: input_state=False, prev_input_state=False
2025-04-03 20:03:16 - game.core.input_handler - INFO - was_pressed für A-Taste: input_state=False, prev_input_state=False
2025-04-03 20:03:16 - game.core.input_handler - INFO - was_pressed für A-Taste: input_state=False, prev_input_state=False
2025-04-03 20:03:16 - game.core.input_handler - INFO - was_pressed für A-Taste: input_state=False, prev_input_state=False
2025-04-03 20:03:16 - game.core.input_handler - INFO - Aktion erkannt: down (input_state: True, prev_input_state: False)
2025-04-03 20:03:16 - game.core.input_handler - INFO - was_pressed für A-Taste: input_state=False, prev_input_state=False
2025-04-03 20:03:16 - game.core.input_handler - INFO - was_pressed für A-Taste: input_state=False, prev_input_state=False
2025-04-03 20:03:16 - game.core.input_handler - INFO - was_pressed für A-Taste: input_state=False, prev_input_state=False
2025-04-03 20:03:16 - game.core.input_handler - INFO - was_pressed für A-Taste: input_state=False, prev_input_state=False
2025-04-03 20:03:16 - game.core.input_handler - INFO - was_pressed für A-Taste: input_state=False, prev_input_state=False
2025-04-03 20:03:16 - game.core.input_handler - INFO - was_pressed für A-Taste: input_state=False, prev_input_state=False
2025-04-03 20:03:16 - game.core.input_handler - INFO - was_pressed für A-Taste: input_state=False, prev_input_state=False
2025-04-03 20:03:16 - game.core.input_handler - INFO - was_pressed für A-Taste: input_state=False, prev_input_state=False
2025-04-03 20:03:16 - game.core.input_handler - INFO - was_pressed für A-Taste: input_state=False, prev_input_state=False
2025-04-03 20:03:16 - game.core.input_handler - INFO - was_pressed für A-Taste: input_state=False, prev_input_state=False
2025-04-03 20:03:16 - game.core.input_handler - INFO - was_pressed für A-Taste: input_state=False, prev_input_state=False
2025-04-03 20:03:16 - game.core.input_handler - INFO - was_pressed für A-Taste: input_state=False, prev_input_state=False
2025-04-03 20:03:16 - game.core.input_handler - INFO - Aktion erkannt: down (input_state: True, prev_input_state: False)
2025-04-03 20:03:16 - game.core.input_handler - INFO - was_pressed für A-Taste: input_state=False, prev_input_state=False
2025-04-03 20:03:16 - game.core.input_handler - INFO - was_pressed für A-Taste: input_state=False, prev_input_state=False
2025-04-03 20:03:16 - game.core.input_handler - INFO - was_pressed für A-Taste: input_state=False, prev_input_state=False
2025-04-03 20:03:16 - game.core.input_handler - INFO - was_pressed für A-Taste: input_state=False, prev_input_state=False
2025-04-03 20:03:16 - game.core.input_handler - INFO - was_pressed für A-Taste: input_state=False, prev_input_state=False
2025-04-03 20:03:16 - game.core.input_handler - INFO - was_pressed für A-Taste: input_state=False, prev_input_state=False
2025-04-03 20:03:16 - game.core.input_handler - INFO - was_pressed für A-Taste: input_state=False, prev_input_state=False
2025-04-03 20:03:16 - game.core.input_handler - INFO - was_pressed für A-Taste: input_state=False, prev_input_state=False
2025-04-03 20:03:16 - game.core.input_handler - INFO - was_pressed für A-Taste: input_state=False, prev_input_state=False
2025-04-03 20:03:16 - game.core.input_handler - INFO - was_pressed für A-Taste: input_state=False, prev_input_state=False
2025-04-03 20:03:16 - game.core.input_handler - INFO - was_pressed für A-Taste: input_state=False, prev_input_state=False
2025-04-03 20:03:16 - game.core.input_handler - INFO - was_pressed für A-Taste: input_state=False, prev_input_state=False
2025-04-03 20:03:16 - game.core.input_handler - INFO - Aktion erkannt: down (input_state: True, prev_input_state: False)
2025-04-03 20:03:16 - game.core.input_handler - INFO - was_pressed für A-Taste: input_state=False, prev_input_state=False
2025-04-03 20:03:16 - game.core.input_handler - INFO - was_pressed für A-Taste: input_state=False, prev_input_state=False
2025-04-03 20:03:16 - game.core.input_handler - INFO - was_pressed für A-Taste: input_state=False, prev_input_state=False
2025-04-03 20:03:16 - game.core.input_handler - INFO - was_pressed für A-Taste: input_state=False, prev_input_state=False
2025-04-03 20:03:16 - game.core.input_handler - INFO - was_pressed für A-Taste: input_state=False, prev_input_state=False
2025-04-03 20:03:16 - game.core.input_handler - INFO - was_pressed für A-Taste: input_state=False, prev_input_state=False
2025-04-03 20:03:16 - game.core.input_handler - INFO - was_pressed für A-Taste: input_state=False, prev_input_state=False
2025-04-03 20:03:16 - game.core.input_handler - INFO - A-Taste direkt erkannt!
2025-04-03 20:03:16 - game.core.input_handler - INFO - was_pressed für A-Taste: input_state=False, prev_input_state=False
2025-04-03 20:03:16 - game.core.input_handler - INFO - A-Taste direkt erkannt!
2025-04-03 20:03:16 - game.core.input_handler - INFO - was_pressed für A-Taste: input_state=False, prev_input_state=False
2025-04-03 20:03:16 - game.core.input_handler - INFO - A-Taste direkt erkannt!
2025-04-03 20:03:16 - game.core.input_handler - INFO - was_pressed für A-Taste: input_state=False, prev_input_state=False
2025-04-03 20:03:16 - game.core.input_handler - INFO - A-Taste direkt erkannt!
2025-04-03 20:03:16 - game.core.input_handler - INFO - was_pressed für A-Taste: input_state=False, prev_input_state=False
2025-04-03 20:03:16 - game.core.input_handler - INFO - A-Taste direkt erkannt!
2025-04-03 20:03:16 - game.core.input_handler - INFO - was_pressed für A-Taste: input_state=False, prev_input_state=False
2025-04-03 20:03:16 - game.core.input_handler - INFO - A-Taste direkt erkannt!
2025-04-03 20:03:16 - game.core.input_handler - INFO - was_pressed für A-Taste: input_state=False, prev_input_state=False
2025-04-03 20:03:16 - game.core.input_handler - INFO - A-Taste direkt erkannt!
2025-04-03 20:03:16 - game.core.input_handler - INFO - was_pressed für A-Taste: input_state=False, prev_input_state=False
2025-04-03 20:03:16 - game.core.input_handler - INFO - A-Taste direkt erkannt!
2025-04-03 20:03:16 - game.core.input_handler - INFO - was_pressed für A-Taste: input_state=False, prev_input_state=False
2025-04-03 20:03:16 - game.core.input_handler - INFO - A-Taste direkt erkannt!
2025-04-03 20:03:16 - game.core.input_handler - INFO - was_pressed für A-Taste: input_state=False, prev_input_state=False
2025-04-03 20:03:16 - game.core.input_handler - INFO - was_pressed für A-Taste: input_state=False, prev_input_state=False
2025-04-03 20:03:16 - game.core.input_handler - INFO - was_pressed für A-Taste: input_state=False, prev_input_state=False
2025-04-03 20:03:16 - game.core.input_handler - INFO - was_pressed für A-Taste: input_state=False, prev_input_state=False
2025-04-03 20:03:16 - game.core.input_handler - INFO - was_pressed für A-Taste: input_state=False, prev_input_state=False
2025-04-03 20:03:16 - game.core.input_handler - INFO - was_pressed für A-Taste: input_state=False, prev_input_state=False
2025-04-03 20:03:16 - game.core.input_handler - INFO - was_pressed für A-Taste: input_state=False, prev_input_state=False
2025-04-03 20:03:17 - game.core.input_handler - INFO - was_pressed für A-Taste: input_state=False, prev_input_state=False
2025-04-03 20:03:17 - game.core.input_handler - INFO - was_pressed für A-Taste: input_state=False, prev_input_state=False
2025-04-03 20:03:17 - game.core.input_handler - INFO - was_pressed für A-Taste: input_state=False, prev_input_state=False
2025-04-03 20:03:17 - game.core.input_handler - INFO - was_pressed für A-Taste: input_state=False, prev_input_state=False
2025-04-03 20:03:17 - game.core.input_handler - INFO - was_pressed für A-Taste: input_state=False, prev_input_state=False
2025-04-03 20:03:17 - game.core.input_handler - INFO - was_pressed für A-Taste: input_state=False, prev_input_state=False
2025-04-03 20:03:17 - game.core.input_handler - INFO - was_pressed für A-Taste: input_state=False, prev_input_state=False
2025-04-03 20:03:17 - game.core.input_handler - INFO - was_pressed für A-Taste: input_state=False, prev_input_state=False
2025-04-03 20:03:17 - game.core.input_handler - INFO - Aktion erkannt: up (input_state: True, prev_input_state: False)
2025-04-03 20:03:17 - game.core.input_handler - INFO - was_pressed für A-Taste: input_state=False, prev_input_state=False
2025-04-03 20:03:17 - game.core.input_handler - INFO - was_pressed für A-Taste: input_state=False, prev_input_state=False
2025-04-03 20:03:17 - game.core.input_handler - INFO - was_pressed für A-Taste: input_state=False, prev_input_state=False
2025-04-03 20:03:17 - game.core.input_handler - INFO - was_pressed für A-Taste: input_state=False, prev_input_state=False
2025-04-03 20:03:17 - game.core.input_handler - INFO - was_pressed für A-Taste: input_state=False, prev_input_state=False
2025-04-03 20:03:17 - game.core.input_handler - INFO - was_pressed für A-Taste: input_state=False, prev_input_state=False
2025-04-03 20:03:17 - game.core.input_handler - INFO - was_pressed für A-Taste: input_state=False, prev_input_state=False
2025-04-03 20:03:17 - game.core.input_handler - INFO - was_pressed für A-Taste: input_state=False, prev_input_state=False
2025-04-03 20:03:17 - game.core.input_handler - INFO - was_pressed für A-Taste: input_state=False, prev_input_state=False
2025-04-03 20:03:17 - game.core.input_handler - INFO - was_pressed für A-Taste: input_state=False, prev_input_state=False
2025-04-03 20:03:17 - game.core.input_handler - INFO - was_pressed für A-Taste: input_state=False, prev_input_state=False
2025-04-03 20:03:17 - game.core.input_handler - INFO - was_pressed für A-Taste: input_state=False, prev_input_state=False
2025-04-03 20:03:17 - game.core.input_handler - INFO - was_pressed für A-Taste: input_state=False, prev_input_state=False
2025-04-03 20:03:17 - game.core.input_handler - INFO - was_pressed für A-Taste: input_state=False, prev_input_state=False
2025-04-03 20:03:17 - game.core.input_handler - INFO - was_pressed für A-Taste: input_state=False, prev_input_state=False
2025-04-03 20:03:17 - game.core.input_handler - INFO - was_pressed für A-Taste: input_state=False, prev_input_state=False
2025-04-03 20:03:17 - game.core.input_handler - INFO - was_pressed für A-Taste: input_state=False, prev_input_state=False
2025-04-03 20:03:17 - game.core.input_handler - INFO - was_pressed für A-Taste: input_state=False, prev_input_state=False
2025-04-03 20:03:17 - game.core.input_handler - INFO - was_pressed für A-Taste: input_state=False, prev_input_state=False
2025-04-03 20:03:17 - game.core.input_handler - INFO - was_pressed für A-Taste: input_state=False, prev_input_state=False
2025-04-03 20:03:17 - game.core.input_handler - INFO - was_pressed für A-Taste: input_state=False, prev_input_state=False
2025-04-03 20:03:17 - game.core.input_handler - INFO - was_pressed für A-Taste: input_state=False, prev_input_state=False
2025-04-03 20:03:17 - game.core.input_handler - INFO - Aktion erkannt: down (input_state: True, prev_input_state: False)
2025-04-03 20:03:17 - game.core.input_handler - INFO - was_pressed für A-Taste: input_state=False, prev_input_state=False
2025-04-03 20:03:17 - game.core.input_handler - INFO - was_pressed für A-Taste: input_state=False, prev_input_state=False
2025-04-03 20:03:17 - game.core.input_handler - INFO - was_pressed für A-Taste: input_state=False, prev_input_state=False
2025-04-03 20:03:17 - game.core.input_handler - INFO - was_pressed für A-Taste: input_state=False, prev_input_state=False
2025-04-03 20:03:17 - game.core.input_handler - INFO - was_pressed für A-Taste: input_state=False, prev_input_state=False
2025-04-03 20:03:17 - game.core.input_handler - INFO - was_pressed für A-Taste: input_state=False, prev_input_state=False
2025-04-03 20:03:17 - game.core.input_handler - INFO - was_pressed für A-Taste: input_state=False, prev_input_state=False
2025-04-03 20:03:17 - game.core.input_handler - INFO - was_pressed für A-Taste: input_state=False, prev_input_state=False
2025-04-03 20:03:17 - game.core.input_handler - INFO - was_pressed für A-Taste: input_state=False, prev_input_state=False
2025-04-03 20:03:17 - game.core.input_handler - INFO - was_pressed für A-Taste: input_state=False, prev_input_state=False
2025-04-03 20:03:17 - game.core.input_handler - INFO - Controller-Button erkannt: menu (Button 7)
2025-04-03 20:03:17 - game.core.input_handler - INFO - was_pressed für A-Taste: input_state=False, prev_input_state=False
2025-04-03 20:03:17 - game.core.input_handler - INFO - Controller-Button erkannt: menu (Button 7)
2025-04-03 20:03:17 - game.core.input_handler - INFO - was_pressed für A-Taste: input_state=False, prev_input_state=False
2025-04-03 20:03:17 - game.core.input_handler - INFO - Controller-Button erkannt: menu (Button 7)
2025-04-03 20:03:17 - game.core.input_handler - INFO - was_pressed für A-Taste: input_state=False, prev_input_state=False
2025-04-03 20:03:17 - game.core.input_handler - INFO - Controller-Button erkannt: menu (Button 7)
2025-04-03 20:03:17 - game.core.input_handler - INFO - was_pressed für A-Taste: input_state=False, prev_input_state=False
2025-04-03 20:03:17 - game.core.input_handler - INFO - Controller-Button erkannt: menu (Button 7)
2025-04-03 20:03:17 - game.core.input_handler - INFO - was_pressed für A-Taste: input_state=False, prev_input_state=False
2025-04-03 20:03:17 - game.core.input_handler - INFO - Controller-Button erkannt: menu (Button 7)
2025-04-03 20:03:17 - game.core.input_handler - INFO - was_pressed für A-Taste: input_state=False, prev_input_state=False
2025-04-03 20:03:17 - game.core.input_handler - INFO - Controller-Button erkannt: menu (Button 7)
2025-04-03 20:03:17 - game.core.input_handler - INFO - was_pressed für A-Taste: input_state=False, prev_input_state=False
2025-04-03 20:03:17 - game.core.input_handler - INFO - Controller-Button erkannt: menu (Button 7)
2025-04-03 20:03:17 - game.core.input_handler - INFO - was_pressed für A-Taste: input_state=False, prev_input_state=False
2025-04-03 20:03:17 - game.core.input_handler - INFO - was_pressed für A-Taste: input_state=False, prev_input_state=False
2025-04-03 20:03:17 - game.core.input_handler - INFO - was_pressed für A-Taste: input_state=False, prev_input_state=False
2025-04-03 20:03:17 - game.core.input_handler - INFO - was_pressed für A-Taste: input_state=False, prev_input_state=False
2025-04-03 20:03:17 - game.core.input_handler - INFO - was_pressed für A-Taste: input_state=False, prev_input_state=False
2025-04-03 20:03:17 - game.core.input_handler - INFO - was_pressed für A-Taste: input_state=False, prev_input_state=False
2025-04-03 20:03:17 - game.core.input_handler - INFO - was_pressed für A-Taste: input_state=False, prev_input_state=False
2025-04-03 20:03:17 - game.core.input_handler - INFO - was_pressed für A-Taste: input_state=False, prev_input_state=False
2025-04-03 20:03:17 - game.core.input_handler - INFO - was_pressed für A-Taste: input_state=False, prev_input_state=False
2025-04-03 20:03:17 - game.core.input_handler - INFO - was_pressed für A-Taste: input_state=False, prev_input_state=False
2025-04-03 20:03:17 - game.core.input_handler - INFO - was_pressed für A-Taste: input_state=False, prev_input_state=False
2025-04-03 20:03:18 - game.core.input_handler - INFO - Aktion erkannt: up (input_state: True, prev_input_state: False)
2025-04-03 20:03:18 - game.core.input_handler - INFO - was_pressed für A-Taste: input_state=False, prev_input_state=False
2025-04-03 20:03:18 - game.core.input_handler - INFO - was_pressed für A-Taste: input_state=False, prev_input_state=False
2025-04-03 20:03:18 - game.core.input_handler - INFO - was_pressed für A-Taste: input_state=False, prev_input_state=False
2025-04-03 20:03:18 - game.core.input_handler - INFO - was_pressed für A-Taste: input_state=False, prev_input_state=False
2025-04-03 20:03:18 - game.core.input_handler - INFO - was_pressed für A-Taste: input_state=False, prev_input_state=False
2025-04-03 20:03:18 - game.core.input_handler - INFO - Controller-Button erkannt: menu (Button 7)
2025-04-03 20:03:18 - game.core.input_handler - INFO - was_pressed für A-Taste: input_state=False, prev_input_state=False
2025-04-03 20:03:18 - game.core.input_handler - INFO - Controller-Button erkannt: menu (Button 7)
2025-04-03 20:03:18 - game.core.input_handler - INFO - was_pressed für A-Taste: input_state=False, prev_input_state=False
2025-04-03 20:03:18 - game.core.input_handler - INFO - Controller-Button erkannt: menu (Button 7)
2025-04-03 20:03:18 - game.core.input_handler - INFO - was_pressed für A-Taste: input_state=False, prev_input_state=False
2025-04-03 20:03:18 - game.core.input_handler - INFO - Controller-Button erkannt: menu (Button 7)
2025-04-03 20:03:18 - game.core.input_handler - INFO - was_pressed für A-Taste: input_state=False, prev_input_state=False
2025-04-03 20:03:18 - game.core.input_handler - INFO - Controller-Button erkannt: menu (Button 7)
2025-04-03 20:03:18 - game.core.input_handler - INFO - was_pressed für A-Taste: input_state=False, prev_input_state=False
2025-04-03 20:03:18 - game.core.input_handler - INFO - Controller-Button erkannt: menu (Button 7)
2025-04-03 20:03:18 - game.core.input_handler - INFO - was_pressed für A-Taste: input_state=False, prev_input_state=False
2025-04-03 20:03:18 - game.core.input_handler - INFO - was_pressed für A-Taste: input_state=False, prev_input_state=False
2025-04-03 20:03:18 - game.core.input_handler - INFO - was_pressed für A-Taste: input_state=False, prev_input_state=False
2025-04-03 20:03:18 - game.core.input_handler - INFO - was_pressed für A-Taste: input_state=False, prev_input_state=False
2025-04-03 20:03:18 - game.core.input_handler - INFO - was_pressed für A-Taste: input_state=False, prev_input_state=False
2025-04-03 20:03:18 - game.core.input_handler - INFO - was_pressed für A-Taste: input_state=False, prev_input_state=False
2025-04-03 20:03:18 - game.core.input_handler - INFO - was_pressed für A-Taste: input_state=False, prev_input_state=False
2025-04-03 20:03:18 - game.core.input_handler - INFO - Aktion erkannt: up (input_state: True, prev_input_state: False)
2025-04-03 20:03:18 - game.core.input_handler - INFO - was_pressed für A-Taste: input_state=False, prev_input_state=False
2025-04-03 20:03:18 - game.core.input_handler - INFO - was_pressed für A-Taste: input_state=False, prev_input_state=False
2025-04-03 20:03:18 - game.core.input_handler - INFO - was_pressed für A-Taste: input_state=False, prev_input_state=False
2025-04-03 20:03:18 - game.core.input_handler - INFO - was_pressed für A-Taste: input_state=False, prev_input_state=False
2025-04-03 20:03:18 - game.core.input_handler - INFO - was_pressed für A-Taste: input_state=False, prev_input_state=False
2025-04-03 20:03:18 - game.core.input_handler - INFO - was_pressed für A-Taste: input_state=False, prev_input_state=False
2025-04-03 20:03:18 - game.core.input_handler - INFO - was_pressed für A-Taste: input_state=False, prev_input_state=False
2025-04-03 20:03:18 - game.core.input_handler - INFO - was_pressed für A-Taste: input_state=False, prev_input_state=False
2025-04-03 20:03:18 - game.core.input_handler - INFO - was_pressed für A-Taste: input_state=False, prev_input_state=False
2025-04-03 20:03:18 - game.core.input_handler - INFO - Controller-Button erkannt: menu (Button 7)
2025-04-03 20:03:18 - game.core.input_handler - INFO - was_pressed für A-Taste: input_state=False, prev_input_state=False
2025-04-03 20:03:18 - game.core.input_handler - INFO - Controller-Button erkannt: menu (Button 7)
2025-04-03 20:03:18 - game.core.input_handler - INFO - was_pressed für A-Taste: input_state=False, prev_input_state=False
2025-04-03 20:03:18 - game.core.input_handler - INFO - Controller-Button erkannt: menu (Button 7)
2025-04-03 20:03:18 - game.core.input_handler - INFO - was_pressed für A-Taste: input_state=False, prev_input_state=False
2025-04-03 20:03:18 - game.core.input_handler - INFO - Controller-Button erkannt: menu (Button 7)
2025-04-03 20:03:18 - game.core.input_handler - INFO - was_pressed für A-Taste: input_state=False, prev_input_state=False
2025-04-03 20:03:18 - game.core.input_handler - INFO - Controller-Button erkannt: menu (Button 7)
2025-04-03 20:03:18 - game.core.input_handler - INFO - was_pressed für A-Taste: input_state=False, prev_input_state=False
2025-04-03 20:03:18 - game.core.input_handler - INFO - was_pressed für A-Taste: input_state=False, prev_input_state=False
2025-04-03 20:03:18 - game.core.input_handler - INFO - was_pressed für A-Taste: input_state=False, prev_input_state=False
2025-04-03 20:03:18 - game.core.input_handler - INFO - was_pressed für A-Taste: input_state=False, prev_input_state=False
2025-04-03 20:03:18 - game.core.input_handler - INFO - was_pressed für A-Taste: input_state=False, prev_input_state=False
2025-04-03 20:03:18 - game.core.input_handler - INFO - Aktion erkannt: up (input_state: True, prev_input_state: False)
2025-04-03 20:03:18 - game.core.input_handler - INFO - was_pressed für A-Taste: input_state=False, prev_input_state=False
2025-04-03 20:03:18 - game.core.input_handler - INFO - was_pressed für A-Taste: input_state=False, prev_input_state=False
2025-04-03 20:03:18 - game.core.input_handler - INFO - was_pressed für A-Taste: input_state=False, prev_input_state=False
2025-04-03 20:03:18 - game.core.input_handler - INFO - was_pressed für A-Taste: input_state=False, prev_input_state=False
2025-04-03 20:03:18 - game.core.input_handler - INFO - was_pressed für A-Taste: input_state=False, prev_input_state=False
2025-04-03 20:03:18 - game.core.input_handler - INFO - was_pressed für A-Taste: input_state=False, prev_input_state=False
2025-04-03 20:03:18 - game.core.input_handler - INFO - was_pressed für A-Taste: input_state=False, prev_input_state=False
2025-04-03 20:03:18 - game.core.input_handler - INFO - Controller-Button erkannt: menu (Button 7)
2025-04-03 20:03:18 - game.core.input_handler - INFO - was_pressed für A-Taste: input_state=False, prev_input_state=False
2025-04-03 20:03:18 - game.core.input_handler - INFO - Controller-Button erkannt: menu (Button 7)
2025-04-03 20:03:18 - game.core.input_handler - INFO - was_pressed für A-Taste: input_state=False, prev_input_state=False
2025-04-03 20:03:18 - game.core.input_handler - INFO - Controller-Button erkannt: menu (Button 7)
2025-04-03 20:03:18 - game.core.input_handler - INFO - was_pressed für A-Taste: input_state=False, prev_input_state=False
2025-04-03 20:03:18 - game.core.input_handler - INFO - Controller-Button erkannt: menu (Button 7)
2025-04-03 20:03:18 - game.core.input_handler - INFO - was_pressed für A-Taste: input_state=False, prev_input_state=False
2025-04-03 20:03:18 - game.core.input_handler - INFO - Controller-Button erkannt: menu (Button 7)
2025-04-03 20:03:18 - game.core.input_handler - INFO - was_pressed für A-Taste: input_state=False, prev_input_state=False
2025-04-03 20:03:18 - game.core.input_handler - INFO - was_pressed für A-Taste: input_state=False, prev_input_state=False
2025-04-03 20:03:18 - game.core.input_handler - INFO - was_pressed für A-Taste: input_state=False, prev_input_state=False
2025-04-03 20:03:18 - game.core.input_handler - INFO - was_pressed für A-Taste: input_state=False, prev_input_state=False
2025-04-03 20:03:18 - game.core.input_handler - INFO - was_pressed für A-Taste: input_state=False, prev_input_state=False
2025-04-03 20:03:18 - game.core.input_handler - INFO - was_pressed für A-Taste: input_state=False, prev_input_state=False
2025-04-03 20:03:18 - game.core.input_handler - INFO - was_pressed für A-Taste: input_state=False, prev_input_state=False
2025-04-03 20:03:18 - game.core.input_handler - INFO - was_pressed für A-Taste: input_state=False, prev_input_state=False
2025-04-03 20:03:18 - game.core.input_handler - INFO - Aktion erkannt: down (input_state: True, prev_input_state: False)
2025-04-03 20:03:18 - game.core.input_handler - INFO - was_pressed für A-Taste: input_state=False, prev_input_state=False
2025-04-03 20:03:18 - game.core.input_handler - INFO - was_pressed für A-Taste: input_state=False, prev_input_state=False
2025-04-03 20:03:19 - game.core.input_handler - INFO - was_pressed für A-Taste: input_state=False, prev_input_state=False
2025-04-03 20:03:19 - game.core.input_handler - INFO - was_pressed für A-Taste: input_state=False, prev_input_state=False
2025-04-03 20:03:19 - game.core.input_handler - INFO - was_pressed für A-Taste: input_state=False, prev_input_state=False
2025-04-03 20:03:19 - game.core.input_handler - INFO - was_pressed für A-Taste: input_state=False, prev_input_state=False
2025-04-03 20:03:19 - game.core.input_handler - INFO - was_pressed für A-Taste: input_state=False, prev_input_state=False
2025-04-03 20:03:19 - game.core.input_handler - INFO - was_pressed für A-Taste: input_state=False, prev_input_state=False
2025-04-03 20:03:19 - game.core.input_handler - INFO - was_pressed für A-Taste: input_state=False, prev_input_state=False
2025-04-03 20:03:19 - game.core.input_handler - INFO - was_pressed für A-Taste: input_state=False, prev_input_state=False
2025-04-03 20:03:19 - game.core.input_handler - INFO - was_pressed für A-Taste: input_state=False, prev_input_state=False
2025-04-03 20:03:19 - game.core.input_handler - INFO - was_pressed für A-Taste: input_state=False, prev_input_state=False
2025-04-03 20:03:19 - game.core.input_handler - INFO - was_pressed für A-Taste: input_state=False, prev_input_state=False
2025-04-03 20:03:19 - game.core.input_handler - INFO - Aktion erkannt: down (input_state: True, prev_input_state: False)
2025-04-03 20:03:19 - game.core.input_handler - INFO - was_pressed für A-Taste: input_state=False, prev_input_state=False
2025-04-03 20:03:19 - game.core.input_handler - INFO - was_pressed für A-Taste: input_state=False, prev_input_state=False
2025-04-03 20:03:19 - game.core.input_handler - INFO - was_pressed für A-Taste: input_state=False, prev_input_state=False
2025-04-03 20:03:19 - game.core.input_handler - INFO - was_pressed für A-Taste: input_state=False, prev_input_state=False
2025-04-03 20:03:19 - game.core.input_handler - INFO - was_pressed für A-Taste: input_state=False, prev_input_state=False
2025-04-03 20:03:19 - game.core.input_handler - INFO - was_pressed für A-Taste: input_state=False, prev_input_state=False
2025-04-03 20:03:19 - game.core.input_handler - INFO - was_pressed für A-Taste: input_state=False, prev_input_state=False
2025-04-03 20:03:19 - game.core.input_handler - INFO - was_pressed für A-Taste: input_state=False, prev_input_state=False
2025-04-03 20:03:19 - game.core.input_handler - INFO - was_pressed für A-Taste: input_state=False, prev_input_state=False
2025-04-03 20:03:19 - game.core.input_handler - INFO - was_pressed für A-Taste: input_state=False, prev_input_state=False
2025-04-03 20:03:19 - game.core.input_handler - INFO - Aktion erkannt: down (input_state: True, prev_input_state: False)
2025-04-03 20:03:19 - game.core.input_handler - INFO - was_pressed für A-Taste: input_state=False, prev_input_state=False
2025-04-03 20:03:19 - game.core.input_handler - INFO - was_pressed für A-Taste: input_state=False, prev_input_state=False
2025-04-03 20:03:19 - game.core.input_handler - INFO - was_pressed für A-Taste: input_state=False, prev_input_state=False
2025-04-03 20:03:19 - game.core.input_handler - INFO - was_pressed für A-Taste: input_state=False, prev_input_state=False
2025-04-03 20:03:19 - game.core.input_handler - INFO - was_pressed für A-Taste: input_state=False, prev_input_state=False
2025-04-03 20:03:19 - game.core.input_handler - INFO - was_pressed für A-Taste: input_state=False, prev_input_state=False
2025-04-03 20:03:19 - game.core.input_handler - INFO - was_pressed für A-Taste: input_state=False, prev_input_state=False
2025-04-03 20:03:19 - game.core.input_handler - INFO - was_pressed für A-Taste: input_state=False, prev_input_state=False
2025-04-03 20:03:19 - game.core.input_handler - INFO - was_pressed für A-Taste: input_state=False, prev_input_state=False
2025-04-03 20:03:19 - game.core.input_handler - INFO - A-Taste direkt erkannt!
2025-04-03 20:03:19 - game.core.input_handler - INFO - was_pressed für A-Taste: input_state=False, prev_input_state=False
2025-04-03 20:03:19 - game.core.input_handler - INFO - A-Taste direkt erkannt!
2025-04-03 20:03:19 - game.core.input_handler - INFO - was_pressed für A-Taste: input_state=False, prev_input_state=False
2025-04-03 20:03:19 - game.core.input_handler - INFO - A-Taste direkt erkannt!
2025-04-03 20:03:19 - game.core.input_handler - INFO - was_pressed für A-Taste: input_state=False, prev_input_state=False
2025-04-03 20:03:19 - game.core.input_handler - INFO - A-Taste direkt erkannt!
2025-04-03 20:03:19 - game.core.input_handler - INFO - was_pressed für A-Taste: input_state=False, prev_input_state=False
2025-04-03 20:03:19 - game.core.input_handler - INFO - A-Taste direkt erkannt!
2025-04-03 20:03:19 - game.core.input_handler - INFO - was_pressed für A-Taste: input_state=False, prev_input_state=False
2025-04-03 20:03:19 - game.core.input_handler - INFO - A-Taste direkt erkannt!
2025-04-03 20:03:19 - game.core.input_handler - INFO - was_pressed für A-Taste: input_state=False, prev_input_state=False
2025-04-03 20:03:19 - game.core.input_handler - INFO - A-Taste direkt erkannt!
2025-04-03 20:03:19 - game.core.input_handler - INFO - was_pressed für A-Taste: input_state=False, prev_input_state=False
2025-04-03 20:03:19 - game.core.input_handler - INFO - was_pressed für A-Taste: input_state=False, prev_input_state=False
2025-04-03 20:03:19 - game.core.input_handler - INFO - was_pressed für A-Taste: input_state=False, prev_input_state=False
2025-04-03 20:03:19 - game.core.input_handler - INFO - was_pressed für A-Taste: input_state=False, prev_input_state=False
2025-04-03 20:03:19 - game.core.input_handler - INFO - was_pressed für A-Taste: input_state=False, prev_input_state=False
2025-04-03 20:03:19 - game.core.input_handler - INFO - was_pressed für A-Taste: input_state=False, prev_input_state=False
2025-04-03 20:03:19 - game.core.input_handler - INFO - was_pressed für A-Taste: input_state=False, prev_input_state=False
2025-04-03 20:03:19 - game.core.input_handler - INFO - was_pressed für A-Taste: input_state=False, prev_input_state=False
2025-04-03 20:03:19 - game.core.input_handler - INFO - was_pressed für A-Taste: input_state=False, prev_input_state=False
2025-04-03 20:03:19 - game.core.input_handler - INFO - was_pressed für A-Taste: input_state=False, prev_input_state=False
2025-04-03 20:03:19 - game.core.input_handler - INFO - was_pressed für A-Taste: input_state=False, prev_input_state=False
2025-04-03 20:03:19 - game.core.input_handler - INFO - A-Taste direkt erkannt!
2025-04-03 20:03:19 - game.core.input_handler - INFO - was_pressed für A-Taste: input_state=False, prev_input_state=False
2025-04-03 20:03:19 - game.core.input_handler - INFO - A-Taste direkt erkannt!
2025-04-03 20:03:19 - game.core.input_handler - INFO - was_pressed für A-Taste: input_state=False, prev_input_state=False
2025-04-03 20:03:19 - game.core.input_handler - INFO - A-Taste direkt erkannt!
2025-04-03 20:03:19 - game.core.input_handler - INFO - was_pressed für A-Taste: input_state=False, prev_input_state=False
2025-04-03 20:03:19 - game.core.input_handler - INFO - A-Taste direkt erkannt!
2025-04-03 20:03:19 - game.core.input_handler - INFO - was_pressed für A-Taste: input_state=False, prev_input_state=False
2025-04-03 20:03:19 - game.core.input_handler - INFO - A-Taste direkt erkannt!
2025-04-03 20:03:19 - game.core.input_handler - INFO - was_pressed für A-Taste: input_state=False, prev_input_state=False
2025-04-03 20:03:19 - game.core.input_handler - INFO - was_pressed für A-Taste: input_state=False, prev_input_state=False
2025-04-03 20:03:19 - game.core.input_handler - INFO - was_pressed für A-Taste: input_state=False, prev_input_state=False
2025-04-03 20:03:19 - game.core.input_handler - INFO - was_pressed für A-Taste: input_state=False, prev_input_state=False
2025-04-03 20:03:19 - game.core.input_handler - INFO - was_pressed für A-Taste: input_state=False, prev_input_state=False
2025-04-03 20:03:19 - game.core.input_handler - INFO - was_pressed für A-Taste: input_state=False, prev_input_state=False
2025-04-03 20:03:19 - game.core.input_handler - INFO - was_pressed für A-Taste: input_state=False, prev_input_state=False
2025-04-03 20:03:19 - game.core.input_handler - INFO - was_pressed für A-Taste: input_state=False, prev_input_state=False
2025-04-03 20:03:20 - game.core.input_handler - INFO - was_pressed für A-Taste: input_state=False, prev_input_state=False
2025-04-03 20:03:20 - game.core.input_handler - INFO - was_pressed für A-Taste: input_state=False, prev_input_state=False
2025-04-03 20:03:20 - game.core.input_handler - INFO - was_pressed für A-Taste: input_state=False, prev_input_state=False
2025-04-03 20:03:20 - game.core.input_handler - INFO - was_pressed für A-Taste: input_state=False, prev_input_state=False
2025-04-03 20:03:20 - game.core.input_handler - INFO - was_pressed für A-Taste: input_state=False, prev_input_state=False
2025-04-03 20:03:20 - game.core.input_handler - INFO - was_pressed für A-Taste: input_state=False, prev_input_state=False
2025-04-03 20:03:20 - game.core.input_handler - INFO - was_pressed für A-Taste: input_state=False, prev_input_state=False
2025-04-03 20:03:20 - game.core.input_handler - INFO - was_pressed für A-Taste: input_state=False, prev_input_state=False
2025-04-03 20:03:20 - game.core.input_handler - INFO - was_pressed für A-Taste: input_state=False, prev_input_state=False
2025-04-03 20:03:20 - game.core.input_handler - INFO - was_pressed für A-Taste: input_state=False, prev_input_state=False
2025-04-03 20:03:20 - game.core.input_handler - INFO - was_pressed für A-Taste: input_state=False, prev_input_state=False
2025-04-03 20:03:20 - game.core.input_handler - INFO - was_pressed für A-Taste: input_state=False, prev_input_state=False
2025-04-03 20:03:20 - game.core.input_handler - INFO - was_pressed für A-Taste: input_state=False, prev_input_state=False
2025-04-03 20:03:20 - game.core.input_handler - INFO - was_pressed für A-Taste: input_state=False, prev_input_state=False
2025-04-03 20:03:20 - game.core.input_handler - INFO - was_pressed für A-Taste: input_state=False, prev_input_state=False
2025-04-03 20:03:20 - game.core.input_handler - INFO - was_pressed für A-Taste: input_state=False, prev_input_state=False
2025-04-03 20:03:20 - game.core.input_handler - INFO - was_pressed für A-Taste: input_state=False, prev_input_state=False
2025-04-03 20:03:20 - game.core.input_handler - INFO - was_pressed für A-Taste: input_state=False, prev_input_state=False
2025-04-03 20:03:20 - game.core.input_handler - INFO - was_pressed für A-Taste: input_state=False, prev_input_state=False
2025-04-03 20:03:20 - game.core.input_handler - INFO - was_pressed für A-Taste: input_state=False, prev_input_state=False
2025-04-03 20:03:20 - game.core.input_handler - INFO - was_pressed für A-Taste: input_state=False, prev_input_state=False
2025-04-03 20:03:20 - game.core.input_handler - INFO - was_pressed für A-Taste: input_state=False, prev_input_state=False
2025-04-03 20:03:20 - game.core.input_handler - INFO - was_pressed für A-Taste: input_state=False, prev_input_state=False
2025-04-03 20:03:20 - game.core.input_handler - INFO - was_pressed für A-Taste: input_state=False, prev_input_state=False
2025-04-03 20:03:20 - game.core.input_handler - INFO - was_pressed für A-Taste: input_state=False, prev_input_state=False
2025-04-03 20:03:20 - game.core.input_handler - INFO - was_pressed für A-Taste: input_state=False, prev_input_state=False
2025-04-03 20:03:20 - game.core.input_handler - INFO - was_pressed für A-Taste: input_state=False, prev_input_state=False
2025-04-03 20:03:20 - game.core.input_handler - INFO - was_pressed für A-Taste: input_state=False, prev_input_state=False
2025-04-03 20:03:20 - game.core.input_handler - INFO - was_pressed für A-Taste: input_state=False, prev_input_state=False
2025-04-03 20:03:20 - game.core.input_handler - INFO - was_pressed für A-Taste: input_state=False, prev_input_state=False
2025-04-03 20:03:20 - game.core.input_handler - INFO - was_pressed für A-Taste: input_state=False, prev_input_state=False
2025-04-03 20:03:20 - game.core.input_handler - INFO - was_pressed für A-Taste: input_state=False, prev_input_state=False
2025-04-03 20:03:20 - game.core.input_handler - INFO - was_pressed für A-Taste: input_state=False, prev_input_state=False
2025-04-03 20:03:20 - game.core.input_handler - INFO - was_pressed für A-Taste: input_state=False, prev_input_state=False
2025-04-03 20:03:20 - game.core.input_handler - INFO - was_pressed für A-Taste: input_state=False, prev_input_state=False
2025-04-03 20:03:20 - game.core.input_handler - INFO - was_pressed für A-Taste: input_state=False, prev_input_state=False
2025-04-03 20:03:20 - game.core.input_handler - INFO - was_pressed für A-Taste: input_state=False, prev_input_state=False
2025-04-03 20:03:20 - game.core.input_handler - INFO - was_pressed für A-Taste: input_state=False, prev_input_state=False
2025-04-03 20:03:20 - game.core.input_handler - INFO - was_pressed für A-Taste: input_state=False, prev_input_state=False
2025-04-03 20:03:20 - game.core.input_handler - INFO - was_pressed für A-Taste: input_state=False, prev_input_state=False
2025-04-03 20:03:20 - game.core.input_handler - INFO - was_pressed für A-Taste: input_state=False, prev_input_state=False
2025-04-03 20:03:20 - game.core.input_handler - INFO - was_pressed für A-Taste: input_state=False, prev_input_state=False
2025-04-03 20:03:20 - game.core.input_handler - INFO - was_pressed für A-Taste: input_state=False, prev_input_state=False
2025-04-03 20:03:20 - game.core.input_handler - INFO - was_pressed für A-Taste: input_state=False, prev_input_state=False
2025-04-03 20:03:20 - game.core.input_handler - INFO - was_pressed für A-Taste: input_state=False, prev_input_state=False
2025-04-03 20:03:20 - game.core.input_handler - INFO - was_pressed für A-Taste: input_state=False, prev_input_state=False
2025-04-03 20:03:20 - game.core.input_handler - INFO - was_pressed für A-Taste: input_state=False, prev_input_state=False
2025-04-03 20:03:20 - game.core.input_handler - INFO - was_pressed für A-Taste: input_state=False, prev_input_state=False
2025-04-03 20:03:20 - game.core.input_handler - INFO - was_pressed für A-Taste: input_state=False, prev_input_state=False
2025-04-03 20:03:20 - game.core.input_handler - INFO - was_pressed für A-Taste: input_state=False, prev_input_state=False
2025-04-03 20:03:20 - game.core.input_handler - INFO - was_pressed für A-Taste: input_state=False, prev_input_state=False
2025-04-03 20:03:20 - game.core.input_handler - INFO - was_pressed für A-Taste: input_state=False, prev_input_state=False
2025-04-03 20:03:20 - game.core.input_handler - INFO - was_pressed für A-Taste: input_state=False, prev_input_state=False
2025-04-03 20:03:20 - game.core.input_handler - INFO - was_pressed für A-Taste: input_state=False, prev_input_state=False
2025-04-03 20:03:20 - game.core.input_handler - INFO - was_pressed für A-Taste: input_state=False, prev_input_state=False
2025-04-03 20:03:20 - game.core.input_handler - INFO - was_pressed für A-Taste: input_state=False, prev_input_state=False
2025-04-03 20:03:20 - game.core.input_handler - INFO - was_pressed für A-Taste: input_state=False, prev_input_state=False
2025-04-03 20:03:20 - game.core.input_handler - INFO - was_pressed für A-Taste: input_state=False, prev_input_state=False
2025-04-03 20:03:20 - game.core.input_handler - INFO - was_pressed für A-Taste: input_state=False, prev_input_state=False
2025-04-03 20:03:20 - game.core.input_handler - INFO - was_pressed für A-Taste: input_state=False, prev_input_state=False
2025-04-03 20:03:20 - game.core.input_handler - INFO - was_pressed für A-Taste: input_state=False, prev_input_state=False
2025-04-03 20:03:21 - game.core.input_handler - INFO - was_pressed für A-Taste: input_state=False, prev_input_state=False
2025-04-03 20:03:21 - game.core.input_handler - INFO - was_pressed für A-Taste: input_state=False, prev_input_state=False
2025-04-03 20:03:21 - game.core.input_handler - INFO - was_pressed für A-Taste: input_state=False, prev_input_state=False
2025-04-03 20:03:21 - game.core.input_handler - INFO - was_pressed für A-Taste: input_state=False, prev_input_state=False
2025-04-03 20:03:21 - game.core.input_handler - INFO - was_pressed für A-Taste: input_state=False, prev_input_state=False
2025-04-03 20:03:21 - game.core.input_handler - INFO - was_pressed für A-Taste: input_state=False, prev_input_state=False
2025-04-03 20:03:21 - game.core.input_handler - INFO - was_pressed für A-Taste: input_state=False, prev_input_state=False
2025-04-03 20:03:21 - game.core.input_handler - INFO - was_pressed für A-Taste: input_state=False, prev_input_state=False
2025-04-03 20:03:21 - game.core.input_handler - INFO - was_pressed für A-Taste: input_state=False, prev_input_state=False
2025-04-03 20:03:21 - game.core.input_handler - INFO - was_pressed für A-Taste: input_state=False, prev_input_state=False
2025-04-03 20:03:21 - game.core.input_handler - INFO - was_pressed für A-Taste: input_state=False, prev_input_state=False
2025-04-03 20:03:21 - game.core.input_handler - INFO - was_pressed für A-Taste: input_state=False, prev_input_state=False
2025-04-03 20:03:21 - game.core.input_handler - INFO - was_pressed für A-Taste: input_state=False, prev_input_state=False
2025-04-03 20:03:21 - game.core.input_handler - INFO - was_pressed für A-Taste: input_state=False, prev_input_state=False
2025-04-03 20:03:21 - game.core.input_handler - INFO - was_pressed für A-Taste: input_state=False, prev_input_state=False
2025-04-03 20:03:21 - game.core.input_handler - INFO - was_pressed für A-Taste: input_state=False, prev_input_state=False
2025-04-03 20:03:21 - game.core.input_handler - INFO - was_pressed für A-Taste: input_state=False, prev_input_state=False
2025-04-03 20:03:21 - game.core.input_handler - INFO - was_pressed für A-Taste: input_state=False, prev_input_state=False
2025-04-03 20:03:21 - game.core.input_handler - INFO - was_pressed für A-Taste: input_state=False, prev_input_state=False
2025-04-03 20:03:21 - game.core.input_handler - INFO - was_pressed für A-Taste: input_state=False, prev_input_state=False
2025-04-03 20:03:21 - game.core.input_handler - INFO - was_pressed für A-Taste: input_state=False, prev_input_state=False
2025-04-03 20:03:21 - game.core.input_handler - INFO - was_pressed für A-Taste: input_state=False, prev_input_state=False
2025-04-03 20:03:21 - game.core.input_handler - INFO - was_pressed für A-Taste: input_state=False, prev_input_state=False
2025-04-03 20:03:21 - game.core.input_handler - INFO - was_pressed für A-Taste: input_state=False, prev_input_state=False
2025-04-03 20:03:21 - game.core.input_handler - INFO - was_pressed für A-Taste: input_state=False, prev_input_state=False
2025-04-03 20:03:21 - game.core.input_handler - INFO - was_pressed für A-Taste: input_state=False, prev_input_state=False
2025-04-03 20:03:21 - game.core.input_handler - INFO - was_pressed für A-Taste: input_state=False, prev_input_state=False
2025-04-03 20:03:21 - game.core.input_handler - INFO - was_pressed für A-Taste: input_state=False, prev_input_state=False
2025-04-03 20:03:21 - game.core.input_handler - INFO - was_pressed für A-Taste: input_state=False, prev_input_state=False
2025-04-03 20:03:21 - game.core.input_handler - INFO - was_pressed für A-Taste: input_state=False, prev_input_state=False
2025-04-03 20:03:21 - game.core.input_handler - INFO - was_pressed für A-Taste: input_state=False, prev_input_state=False
2025-04-03 20:03:21 - game.core.input_handler - INFO - was_pressed für A-Taste: input_state=False, prev_input_state=False
2025-04-03 20:03:21 - game.core.input_handler - INFO - was_pressed für A-Taste: input_state=False, prev_input_state=False
2025-04-03 20:03:21 - game.core.input_handler - INFO - was_pressed für A-Taste: input_state=False, prev_input_state=False
2025-04-03 20:03:21 - game.core.input_handler - INFO - was_pressed für A-Taste: input_state=False, prev_input_state=False
2025-04-03 20:03:21 - game.core.input_handler - INFO - was_pressed für A-Taste: input_state=False, prev_input_state=False
2025-04-03 20:03:21 - game.core.input_handler - INFO - was_pressed für A-Taste: input_state=False, prev_input_state=False
2025-04-03 20:03:21 - game.core.input_handler - INFO - was_pressed für A-Taste: input_state=False, prev_input_state=False
2025-04-03 20:03:21 - game.core.input_handler - INFO - was_pressed für A-Taste: input_state=False, prev_input_state=False
2025-04-03 20:03:21 - game.core.input_handler - INFO - was_pressed für A-Taste: input_state=False, prev_input_state=False
2025-04-03 20:03:21 - game.core.input_handler - INFO - was_pressed für A-Taste: input_state=False, prev_input_state=False
2025-04-03 20:03:21 - game.core.input_handler - INFO - was_pressed für A-Taste: input_state=False, prev_input_state=False
2025-04-03 20:03:21 - game.core.input_handler - INFO - was_pressed für A-Taste: input_state=False, prev_input_state=False
2025-04-03 20:03:21 - game.core.input_handler - INFO - was_pressed für A-Taste: input_state=False, prev_input_state=False
2025-04-03 20:03:21 - game.core.input_handler - INFO - was_pressed für A-Taste: input_state=False, prev_input_state=False
2025-04-03 20:03:21 - game.core.input_handler - INFO - was_pressed für A-Taste: input_state=False, prev_input_state=False
2025-04-03 20:03:21 - game.core.input_handler - INFO - was_pressed für A-Taste: input_state=False, prev_input_state=False
2025-04-03 20:03:21 - game.core.input_handler - INFO - was_pressed für A-Taste: input_state=False, prev_input_state=False
2025-04-03 20:03:21 - game.core.input_handler - INFO - was_pressed für A-Taste: input_state=False, prev_input_state=False
2025-04-03 20:03:21 - game.core.input_handler - INFO - was_pressed für A-Taste: input_state=False, prev_input_state=False
2025-04-03 20:03:21 - game.core.input_handler - INFO - was_pressed für A-Taste: input_state=False, prev_input_state=False
2025-04-03 20:03:21 - game.core.input_handler - INFO - was_pressed für A-Taste: input_state=False, prev_input_state=False
2025-04-03 20:03:21 - game.core.input_handler - INFO - was_pressed für A-Taste: input_state=False, prev_input_state=False
2025-04-03 20:03:21 - game.core.input_handler - INFO - was_pressed für A-Taste: input_state=False, prev_input_state=False
2025-04-03 20:03:21 - game.core.input_handler - INFO - was_pressed für A-Taste: input_state=False, prev_input_state=False
2025-04-03 20:03:21 - game.core.input_handler - INFO - was_pressed für A-Taste: input_state=False, prev_input_state=False
2025-04-03 20:03:21 - game.core.input_handler - INFO - was_pressed für A-Taste: input_state=False, prev_input_state=False
2025-04-03 20:03:21 - game.core.input_handler - INFO - was_pressed für A-Taste: input_state=False, prev_input_state=False
2025-04-03 20:03:21 - game.core.input_handler - INFO - was_pressed für A-Taste: input_state=False, prev_input_state=False
2025-04-03 20:03:21 - game.core.input_handler - INFO - was_pressed für A-Taste: input_state=False, prev_input_state=False
2025-04-03 20:03:21 - game.core.input_handler - INFO - was_pressed für A-Taste: input_state=False, prev_input_state=False
2025-04-03 20:03:22 - game.core.input_handler - INFO - was_pressed für A-Taste: input_state=False, prev_input_state=False
2025-04-03 20:03:22 - game.core.input_handler - INFO - was_pressed für A-Taste: input_state=False, prev_input_state=False
2025-04-03 20:03:22 - game.core.input_handler - INFO - was_pressed für A-Taste: input_state=False, prev_input_state=False
2025-04-03 20:03:22 - game.core.input_handler - INFO - was_pressed für A-Taste: input_state=False, prev_input_state=False
2025-04-03 20:03:22 - game.core.input_handler - INFO - was_pressed für A-Taste: input_state=False, prev_input_state=False
2025-04-03 20:03:22 - game.core.input_handler - INFO - was_pressed für A-Taste: input_state=False, prev_input_state=False
2025-04-03 20:03:22 - game.core.input_handler - INFO - was_pressed für A-Taste: input_state=False, prev_input_state=False
2025-04-03 20:03:22 - game.core.input_handler - INFO - was_pressed für A-Taste: input_state=False, prev_input_state=False
2025-04-03 20:03:22 - game.core.input_handler - INFO - was_pressed für A-Taste: input_state=False, prev_input_state=False
2025-04-03 20:03:22 - game.core.input_handler - INFO - was_pressed für A-Taste: input_state=False, prev_input_state=False
2025-04-03 20:03:22 - game.core.input_handler - INFO - was_pressed für A-Taste: input_state=False, prev_input_state=False
2025-04-03 20:03:22 - game.core.input_handler - INFO - was_pressed für A-Taste: input_state=False, prev_input_state=False
2025-04-03 20:03:22 - game.core.input_handler - INFO - was_pressed für A-Taste: input_state=False, prev_input_state=False
2025-04-03 20:03:22 - game.core.input_handler - INFO - was_pressed für A-Taste: input_state=False, prev_input_state=False
2025-04-03 20:03:22 - game.core.input_handler - INFO - was_pressed für A-Taste: input_state=False, prev_input_state=False
2025-04-03 20:03:22 - game.core.input_handler - INFO - was_pressed für A-Taste: input_state=False, prev_input_state=False
2025-04-03 20:03:22 - game.core.input_handler - INFO - was_pressed für A-Taste: input_state=False, prev_input_state=False
2025-04-03 20:03:22 - game.core.input_handler - INFO - was_pressed für A-Taste: input_state=False, prev_input_state=False
2025-04-03 20:03:22 - game.core.input_handler - INFO - was_pressed für A-Taste: input_state=False, prev_input_state=False
2025-04-03 20:03:22 - game.core.input_handler - INFO - was_pressed für A-Taste: input_state=False, prev_input_state=False
2025-04-03 20:03:22 - game.core.input_handler - INFO - was_pressed für A-Taste: input_state=False, prev_input_state=False
2025-04-03 20:03:22 - game.core.input_handler - INFO - was_pressed für A-Taste: input_state=False, prev_input_state=False
2025-04-03 20:03:22 - game.core.input_handler - INFO - was_pressed für A-Taste: input_state=False, prev_input_state=False
2025-04-03 20:03:22 - game.core.input_handler - INFO - was_pressed für A-Taste: input_state=False, prev_input_state=False
2025-04-03 20:03:22 - game.core.input_handler - INFO - was_pressed für A-Taste: input_state=False, prev_input_state=False
2025-04-03 20:03:22 - game.core.input_handler - INFO - was_pressed für A-Taste: input_state=False, prev_input_state=False
2025-04-03 20:03:22 - game.core.input_handler - INFO - was_pressed für A-Taste: input_state=False, prev_input_state=False
2025-04-03 20:03:22 - game.core.input_handler - INFO - was_pressed für A-Taste: input_state=False, prev_input_state=False
2025-04-03 20:03:22 - game.core.input_handler - INFO - was_pressed für A-Taste: input_state=False, prev_input_state=False
2025-04-03 20:03:22 - game.core.input_handler - INFO - was_pressed für A-Taste: input_state=False, prev_input_state=False
2025-04-03 20:03:22 - game.core.input_handler - INFO - was_pressed für A-Taste: input_state=False, prev_input_state=False
2025-04-03 20:03:22 - game.core.input_handler - INFO - was_pressed für A-Taste: input_state=False, prev_input_state=False
2025-04-03 20:03:22 - game.core.input_handler - INFO - was_pressed für A-Taste: input_state=False, prev_input_state=False
2025-04-03 20:03:22 - game.core.input_handler - INFO - was_pressed für A-Taste: input_state=False, prev_input_state=False
2025-04-03 20:03:22 - game.core.input_handler - INFO - was_pressed für A-Taste: input_state=False, prev_input_state=False
2025-04-03 20:03:22 - game.core.input_handler - INFO - was_pressed für A-Taste: input_state=False, prev_input_state=False
2025-04-03 20:03:22 - game.core.input_handler - INFO - was_pressed für A-Taste: input_state=False, prev_input_state=False
2025-04-03 20:03:22 - game.core.input_handler - INFO - was_pressed für A-Taste: input_state=False, prev_input_state=False
2025-04-03 20:03:22 - game.core.input_handler - INFO - was_pressed für A-Taste: input_state=False, prev_input_state=False
2025-04-03 20:03:22 - game.core.input_handler - INFO - was_pressed für A-Taste: input_state=False, prev_input_state=False
2025-04-03 20:03:22 - game.core.input_handler - INFO - was_pressed für A-Taste: input_state=False, prev_input_state=False
2025-04-03 20:03:22 - game.core.input_handler - INFO - was_pressed für A-Taste: input_state=False, prev_input_state=False
2025-04-03 20:03:22 - game.core.input_handler - INFO - was_pressed für A-Taste: input_state=False, prev_input_state=False
2025-04-03 20:03:22 - game.core.input_handler - INFO - was_pressed für A-Taste: input_state=False, prev_input_state=False
2025-04-03 20:03:22 - game.core.input_handler - INFO - was_pressed für A-Taste: input_state=False, prev_input_state=False
2025-04-03 20:03:22 - game.core.input_handler - INFO - was_pressed für A-Taste: input_state=False, prev_input_state=False
2025-04-03 20:03:22 - game.core.input_handler - INFO - was_pressed für A-Taste: input_state=False, prev_input_state=False
2025-04-03 20:03:22 - game.core.input_handler - INFO - was_pressed für A-Taste: input_state=False, prev_input_state=False
2025-04-03 20:03:22 - game.core.game - INFO - Game loop ended
2025-04-03 20:03:22 - __main__ - INFO - Game closed successfully
2025-04-03 20:05:08 - __main__ - INFO - Starting PokeTogether
2025-04-03 20:05:08 - game.core.game - INFO - Initializing game
2025-04-03 20:05:09 - game.core.settings - INFO - Initializing settings
2025-04-03 20:05:09 - game.core.settings - INFO - Settings file settings.json not found, using default settings
2025-04-03 20:05:09 - game.core.input_handler - INFO - Initialisiere Input-Handler
2025-04-03 20:05:09 - game.core.input_handler - INFO - Controller gefunden: Xbox 360 Controller
2025-04-03 20:05:09 - game.core.input_handler - INFO - Controller gefunden: Xbox 360 Controller
2025-04-03 20:05:09 - game.maps.simple_map - INFO - Creating simple map with size 20x18, tile size 16px
2025-04-03 20:05:09 - game.entities.player - INFO - Creating player 'Red' at position (160, 160)
2025-04-03 20:05:09 - game.core.camera - INFO - Creating camera with size 800x600, map size 320x288
2025-04-03 20:05:09 - game.ui.main_menu - INFO - Initializing main menu
2025-04-03 20:05:09 - game.ui.options_menu - INFO - Initializing options menu
2025-04-03 20:05:09 - game.core.game - INFO - Game initialized
2025-04-03 20:05:09 - game.core.game - INFO - Starting game loop
2025-04-03 20:05:09 - game.core.game - INFO - Loading resources
2025-04-03 20:05:09 - game.core.game - INFO - Resources loaded
2025-04-03 20:05:09 - game.core.input_handler - INFO - Controller gefunden: Xbox 360 Controller
2025-04-03 20:05:09 - game.core.input_handler - INFO - Controller gefunden: Xbox 360 Controller
2025-04-03 20:05:09 - game.core.input_handler - INFO - Controller gefunden: Xbox 360 Controller
2025-04-03 20:05:09 - game.core.input_handler - INFO - Controller gefunden: Xbox 360 Controller
2025-04-03 20:05:09 - game.core.input_handler - INFO - was_pressed für A-Taste: input_state=False, prev_input_state=False
2025-04-03 20:05:09 - game.core.input_handler - INFO - was_pressed für A-Taste: input_state=False, prev_input_state=False
2025-04-03 20:05:09 - game.core.input_handler - INFO - was_pressed für A-Taste: input_state=False, prev_input_state=False
2025-04-03 20:05:09 - game.core.input_handler - INFO - was_pressed für A-Taste: input_state=False, prev_input_state=False
2025-04-03 20:05:09 - game.core.input_handler - INFO - was_pressed für A-Taste: input_state=False, prev_input_state=False
2025-04-03 20:05:09 - game.core.input_handler - INFO - was_pressed für A-Taste: input_state=False, prev_input_state=False
2025-04-03 20:05:09 - game.core.input_handler - INFO - was_pressed für A-Taste: input_state=False, prev_input_state=False
2025-04-03 20:05:09 - game.core.input_handler - INFO - was_pressed für A-Taste: input_state=False, prev_input_state=False
2025-04-03 20:05:09 - game.core.input_handler - INFO - was_pressed für A-Taste: input_state=False, prev_input_state=False
2025-04-03 20:05:09 - game.core.input_handler - INFO - was_pressed für A-Taste: input_state=False, prev_input_state=False
2025-04-03 20:05:09 - game.core.input_handler - INFO - was_pressed für A-Taste: input_state=False, prev_input_state=False
2025-04-03 20:05:09 - game.core.input_handler - INFO - was_pressed für A-Taste: input_state=False, prev_input_state=False
2025-04-03 20:05:09 - game.core.input_handler - INFO - was_pressed für A-Taste: input_state=False, prev_input_state=False
2025-04-03 20:05:09 - game.core.input_handler - INFO - was_pressed für A-Taste: input_state=False, prev_input_state=False
2025-04-03 20:05:09 - game.core.input_handler - INFO - was_pressed für A-Taste: input_state=False, prev_input_state=False
2025-04-03 20:05:09 - game.core.input_handler - INFO - was_pressed für A-Taste: input_state=False, prev_input_state=False
2025-04-03 20:05:09 - game.core.input_handler - INFO - was_pressed für A-Taste: input_state=False, prev_input_state=False
2025-04-03 20:05:09 - game.core.input_handler - INFO - was_pressed für A-Taste: input_state=False, prev_input_state=False
2025-04-03 20:05:09 - game.core.input_handler - INFO - was_pressed für A-Taste: input_state=False, prev_input_state=False
2025-04-03 20:05:09 - game.core.input_handler - INFO - was_pressed für A-Taste: input_state=False, prev_input_state=False
2025-04-03 20:05:09 - game.core.input_handler - INFO - was_pressed für A-Taste: input_state=False, prev_input_state=False
2025-04-03 20:05:09 - game.core.input_handler - INFO - was_pressed für A-Taste: input_state=False, prev_input_state=False
2025-04-03 20:05:09 - game.core.input_handler - INFO - was_pressed für A-Taste: input_state=False, prev_input_state=False
2025-04-03 20:05:09 - game.core.input_handler - INFO - was_pressed für A-Taste: input_state=False, prev_input_state=False
2025-04-03 20:05:09 - game.core.input_handler - INFO - was_pressed für A-Taste: input_state=False, prev_input_state=False
2025-04-03 20:05:09 - game.core.input_handler - INFO - was_pressed für A-Taste: input_state=False, prev_input_state=False
2025-04-03 20:05:09 - game.core.input_handler - INFO - was_pressed für A-Taste: input_state=False, prev_input_state=False
2025-04-03 20:05:09 - game.core.input_handler - INFO - was_pressed für A-Taste: input_state=False, prev_input_state=False
2025-04-03 20:05:09 - game.core.input_handler - INFO - was_pressed für A-Taste: input_state=False, prev_input_state=False
2025-04-03 20:05:09 - game.core.input_handler - INFO - was_pressed für A-Taste: input_state=False, prev_input_state=False
2025-04-03 20:05:09 - game.core.input_handler - INFO - was_pressed für A-Taste: input_state=False, prev_input_state=False
2025-04-03 20:05:09 - game.core.input_handler - INFO - was_pressed für A-Taste: input_state=False, prev_input_state=False
2025-04-03 20:05:09 - game.core.input_handler - INFO - was_pressed für A-Taste: input_state=False, prev_input_state=False
2025-04-03 20:05:09 - game.core.input_handler - INFO - was_pressed für A-Taste: input_state=False, prev_input_state=False
2025-04-03 20:05:09 - game.core.input_handler - INFO - was_pressed für A-Taste: input_state=False, prev_input_state=False
2025-04-03 20:05:09 - game.core.input_handler - INFO - was_pressed für A-Taste: input_state=False, prev_input_state=False
2025-04-03 20:05:09 - game.core.input_handler - INFO - was_pressed für A-Taste: input_state=False, prev_input_state=False
2025-04-03 20:05:09 - game.core.input_handler - INFO - was_pressed für A-Taste: input_state=False, prev_input_state=False
2025-04-03 20:05:09 - game.core.input_handler - INFO - was_pressed für A-Taste: input_state=False, prev_input_state=False
2025-04-03 20:05:09 - game.core.input_handler - INFO - was_pressed für A-Taste: input_state=False, prev_input_state=False
2025-04-03 20:05:09 - game.core.input_handler - INFO - was_pressed für A-Taste: input_state=False, prev_input_state=False
2025-04-03 20:05:09 - game.core.input_handler - INFO - was_pressed für A-Taste: input_state=False, prev_input_state=False
2025-04-03 20:05:09 - game.core.input_handler - INFO - was_pressed für A-Taste: input_state=False, prev_input_state=False
2025-04-03 20:05:09 - game.core.input_handler - INFO - was_pressed für A-Taste: input_state=False, prev_input_state=False
2025-04-03 20:05:09 - game.core.input_handler - INFO - was_pressed für A-Taste: input_state=False, prev_input_state=False
2025-04-03 20:05:09 - game.core.input_handler - INFO - was_pressed für A-Taste: input_state=False, prev_input_state=False
2025-04-03 20:05:09 - game.core.input_handler - INFO - was_pressed für A-Taste: input_state=False, prev_input_state=False
2025-04-03 20:05:09 - game.core.input_handler - INFO - was_pressed für A-Taste: input_state=False, prev_input_state=False
2025-04-03 20:05:10 - game.core.input_handler - INFO - was_pressed für A-Taste: input_state=False, prev_input_state=False
2025-04-03 20:05:10 - game.core.input_handler - INFO - was_pressed für A-Taste: input_state=False, prev_input_state=False
2025-04-03 20:05:10 - game.core.input_handler - INFO - was_pressed für A-Taste: input_state=False, prev_input_state=False
2025-04-03 20:05:10 - game.core.input_handler - INFO - was_pressed für A-Taste: input_state=False, prev_input_state=False
2025-04-03 20:05:10 - game.core.input_handler - INFO - was_pressed für A-Taste: input_state=False, prev_input_state=False
2025-04-03 20:05:10 - game.core.input_handler - INFO - was_pressed für A-Taste: input_state=False, prev_input_state=False
2025-04-03 20:05:10 - game.core.input_handler - INFO - was_pressed für A-Taste: input_state=False, prev_input_state=False
2025-04-03 20:05:10 - game.core.input_handler - INFO - was_pressed für A-Taste: input_state=False, prev_input_state=False
2025-04-03 20:05:10 - game.core.input_handler - INFO - was_pressed für A-Taste: input_state=False, prev_input_state=False
2025-04-03 20:05:10 - game.core.input_handler - INFO - was_pressed für A-Taste: input_state=False, prev_input_state=False
2025-04-03 20:05:10 - game.core.input_handler - INFO - was_pressed für A-Taste: input_state=False, prev_input_state=False
2025-04-03 20:05:10 - game.core.input_handler - INFO - was_pressed für A-Taste: input_state=False, prev_input_state=False
2025-04-03 20:05:10 - game.core.input_handler - INFO - was_pressed für A-Taste: input_state=False, prev_input_state=False
2025-04-03 20:05:10 - game.core.input_handler - INFO - was_pressed für A-Taste: input_state=False, prev_input_state=False
2025-04-03 20:05:10 - game.core.input_handler - INFO - was_pressed für A-Taste: input_state=False, prev_input_state=False
2025-04-03 20:05:10 - game.core.input_handler - INFO - was_pressed für A-Taste: input_state=False, prev_input_state=False
2025-04-03 20:05:10 - game.core.input_handler - INFO - was_pressed für A-Taste: input_state=False, prev_input_state=False
2025-04-03 20:05:10 - game.core.input_handler - INFO - was_pressed für A-Taste: input_state=False, prev_input_state=False
2025-04-03 20:05:10 - game.core.input_handler - INFO - was_pressed für A-Taste: input_state=False, prev_input_state=False
2025-04-03 20:05:10 - game.core.input_handler - INFO - was_pressed für A-Taste: input_state=False, prev_input_state=False
2025-04-03 20:05:10 - game.core.input_handler - INFO - was_pressed für A-Taste: input_state=False, prev_input_state=False
2025-04-03 20:05:10 - game.core.input_handler - INFO - was_pressed für A-Taste: input_state=False, prev_input_state=False
2025-04-03 20:05:10 - game.core.input_handler - INFO - was_pressed für A-Taste: input_state=False, prev_input_state=False
2025-04-03 20:05:10 - game.core.input_handler - INFO - was_pressed für A-Taste: input_state=False, prev_input_state=False
2025-04-03 20:05:10 - game.core.input_handler - INFO - was_pressed für A-Taste: input_state=False, prev_input_state=False
2025-04-03 20:05:10 - game.core.input_handler - INFO - was_pressed für A-Taste: input_state=False, prev_input_state=False
2025-04-03 20:05:10 - game.core.input_handler - INFO - was_pressed für A-Taste: input_state=False, prev_input_state=False
2025-04-03 20:05:10 - game.core.input_handler - INFO - was_pressed für A-Taste: input_state=False, prev_input_state=False
2025-04-03 20:05:10 - game.core.input_handler - INFO - was_pressed für A-Taste: input_state=False, prev_input_state=False
2025-04-03 20:05:10 - game.core.input_handler - INFO - was_pressed für A-Taste: input_state=False, prev_input_state=False
2025-04-03 20:05:10 - game.core.input_handler - INFO - was_pressed für A-Taste: input_state=False, prev_input_state=False
2025-04-03 20:05:10 - game.core.input_handler - INFO - was_pressed für A-Taste: input_state=False, prev_input_state=False
2025-04-03 20:05:10 - game.core.input_handler - INFO - was_pressed für A-Taste: input_state=False, prev_input_state=False
2025-04-03 20:05:10 - game.core.input_handler - INFO - was_pressed für A-Taste: input_state=False, prev_input_state=False
2025-04-03 20:05:10 - game.core.input_handler - INFO - was_pressed für A-Taste: input_state=False, prev_input_state=False
2025-04-03 20:05:10 - game.core.input_handler - INFO - was_pressed für A-Taste: input_state=False, prev_input_state=False
2025-04-03 20:05:10 - game.core.input_handler - INFO - was_pressed für A-Taste: input_state=False, prev_input_state=False
2025-04-03 20:05:10 - game.core.input_handler - INFO - was_pressed für A-Taste: input_state=False, prev_input_state=False
2025-04-03 20:05:10 - game.core.input_handler - INFO - was_pressed für A-Taste: input_state=False, prev_input_state=False
2025-04-03 20:05:10 - game.core.input_handler - INFO - was_pressed für A-Taste: input_state=False, prev_input_state=False
2025-04-03 20:05:10 - game.core.input_handler - INFO - was_pressed für A-Taste: input_state=False, prev_input_state=False
2025-04-03 20:05:10 - game.core.input_handler - INFO - was_pressed für A-Taste: input_state=False, prev_input_state=False
2025-04-03 20:05:10 - game.core.input_handler - INFO - was_pressed für A-Taste: input_state=False, prev_input_state=False
2025-04-03 20:05:10 - game.core.input_handler - INFO - was_pressed für A-Taste: input_state=False, prev_input_state=False
2025-04-03 20:05:10 - game.core.input_handler - INFO - was_pressed für A-Taste: input_state=False, prev_input_state=False
2025-04-03 20:05:10 - game.core.input_handler - INFO - was_pressed für A-Taste: input_state=False, prev_input_state=False
2025-04-03 20:05:10 - game.core.input_handler - INFO - was_pressed für A-Taste: input_state=False, prev_input_state=False
2025-04-03 20:05:10 - game.core.input_handler - INFO - was_pressed für A-Taste: input_state=False, prev_input_state=False
2025-04-03 20:05:10 - game.core.input_handler - INFO - was_pressed für A-Taste: input_state=False, prev_input_state=False
2025-04-03 20:05:10 - game.core.input_handler - INFO - Aktion erkannt: down (input_state: True, prev_input_state: False)
2025-04-03 20:05:10 - game.core.input_handler - INFO - was_pressed für A-Taste: input_state=False, prev_input_state=False
2025-04-03 20:05:10 - game.core.input_handler - INFO - was_pressed für A-Taste: input_state=False, prev_input_state=False
2025-04-03 20:05:10 - game.core.input_handler - INFO - was_pressed für A-Taste: input_state=False, prev_input_state=False
2025-04-03 20:05:10 - game.core.input_handler - INFO - was_pressed für A-Taste: input_state=False, prev_input_state=False
2025-04-03 20:05:10 - game.core.input_handler - INFO - was_pressed für A-Taste: input_state=False, prev_input_state=False
2025-04-03 20:05:10 - game.core.input_handler - INFO - was_pressed für A-Taste: input_state=False, prev_input_state=False
2025-04-03 20:05:10 - game.core.input_handler - INFO - was_pressed für A-Taste: input_state=False, prev_input_state=False
2025-04-03 20:05:10 - game.core.input_handler - INFO - was_pressed für A-Taste: input_state=False, prev_input_state=False
2025-04-03 20:05:10 - game.core.input_handler - INFO - was_pressed für A-Taste: input_state=False, prev_input_state=False
2025-04-03 20:05:10 - game.core.input_handler - INFO - was_pressed für A-Taste: input_state=False, prev_input_state=False
2025-04-03 20:05:10 - game.core.input_handler - INFO - was_pressed für A-Taste: input_state=False, prev_input_state=False
2025-04-03 20:05:11 - game.core.input_handler - INFO - was_pressed für A-Taste: input_state=False, prev_input_state=False
2025-04-03 20:05:11 - game.core.input_handler - INFO - was_pressed für A-Taste: input_state=False, prev_input_state=False
2025-04-03 20:05:11 - game.core.input_handler - INFO - was_pressed für A-Taste: input_state=False, prev_input_state=False
2025-04-03 20:05:11 - game.core.input_handler - INFO - was_pressed für A-Taste: input_state=False, prev_input_state=False
2025-04-03 20:05:11 - game.core.input_handler - INFO - was_pressed für A-Taste: input_state=False, prev_input_state=False
2025-04-03 20:05:11 - game.core.input_handler - INFO - Aktion erkannt: down (input_state: True, prev_input_state: False)
2025-04-03 20:05:11 - game.core.input_handler - INFO - was_pressed für A-Taste: input_state=False, prev_input_state=False
2025-04-03 20:05:11 - game.core.input_handler - INFO - was_pressed für A-Taste: input_state=False, prev_input_state=False
2025-04-03 20:05:11 - game.core.input_handler - INFO - was_pressed für A-Taste: input_state=False, prev_input_state=False
2025-04-03 20:05:11 - game.core.input_handler - INFO - was_pressed für A-Taste: input_state=False, prev_input_state=False
2025-04-03 20:05:11 - game.core.input_handler - INFO - was_pressed für A-Taste: input_state=False, prev_input_state=False
2025-04-03 20:05:11 - game.core.input_handler - INFO - was_pressed für A-Taste: input_state=False, prev_input_state=False
2025-04-03 20:05:11 - game.core.input_handler - INFO - was_pressed für A-Taste: input_state=False, prev_input_state=False
2025-04-03 20:05:11 - game.core.input_handler - INFO - was_pressed für A-Taste: input_state=False, prev_input_state=False
2025-04-03 20:05:11 - game.core.input_handler - INFO - was_pressed für A-Taste: input_state=False, prev_input_state=False
2025-04-03 20:05:11 - game.core.input_handler - INFO - was_pressed für A-Taste: input_state=False, prev_input_state=False
2025-04-03 20:05:11 - game.core.input_handler - INFO - was_pressed für A-Taste: input_state=False, prev_input_state=False
2025-04-03 20:05:11 - game.core.input_handler - INFO - was_pressed für A-Taste: input_state=False, prev_input_state=False
2025-04-03 20:05:11 - game.core.input_handler - INFO - was_pressed für A-Taste: input_state=False, prev_input_state=False
2025-04-03 20:05:11 - game.core.input_handler - INFO - was_pressed für A-Taste: input_state=False, prev_input_state=False
2025-04-03 20:05:11 - game.core.input_handler - INFO - was_pressed für A-Taste: input_state=False, prev_input_state=False
2025-04-03 20:05:11 - game.core.input_handler - INFO - was_pressed für A-Taste: input_state=False, prev_input_state=False
2025-04-03 20:05:11 - game.core.input_handler - INFO - was_pressed für A-Taste: input_state=False, prev_input_state=False
2025-04-03 20:05:11 - game.core.input_handler - INFO - A-Taste direkt erkannt!
2025-04-03 20:05:11 - game.core.input_handler - INFO - was_pressed für A-Taste: input_state=True, prev_input_state=False
2025-04-03 20:05:11 - game.core.input_handler - INFO - Aktion erkannt: action (input_state: True, prev_input_state: False)
2025-04-03 20:05:11 - game.ui.main_menu - INFO - Options selected
2025-04-03 20:05:11 - game.core.game - INFO - Showing options menu
2025-04-03 20:05:11 - game.ui.options_menu - INFO - Options menu opened
2025-04-03 20:05:11 - game.core.input_handler - INFO - A-Taste direkt erkannt!
2025-04-03 20:05:11 - game.core.input_handler - INFO - was_pressed für A-Taste: input_state=True, prev_input_state=True
2025-04-03 20:05:11 - game.core.input_handler - INFO - A-Taste direkt erkannt!
2025-04-03 20:05:11 - game.core.input_handler - INFO - was_pressed für A-Taste: input_state=True, prev_input_state=True
2025-04-03 20:05:11 - game.core.input_handler - INFO - A-Taste direkt erkannt!
2025-04-03 20:05:11 - game.core.input_handler - INFO - was_pressed für A-Taste: input_state=True, prev_input_state=True
2025-04-03 20:05:11 - game.core.input_handler - INFO - A-Taste direkt erkannt!
2025-04-03 20:05:11 - game.core.input_handler - INFO - was_pressed für A-Taste: input_state=True, prev_input_state=True
2025-04-03 20:05:11 - game.core.input_handler - INFO - A-Taste direkt erkannt!
2025-04-03 20:05:11 - game.core.input_handler - INFO - was_pressed für A-Taste: input_state=True, prev_input_state=True
2025-04-03 20:05:11 - game.core.input_handler - INFO - A-Taste direkt erkannt!
2025-04-03 20:05:11 - game.core.input_handler - INFO - was_pressed für A-Taste: input_state=True, prev_input_state=True
2025-04-03 20:05:11 - game.core.input_handler - INFO - was_pressed für A-Taste: input_state=False, prev_input_state=True
2025-04-03 20:05:11 - game.core.input_handler - INFO - was_pressed für A-Taste: input_state=False, prev_input_state=False
2025-04-03 20:05:11 - game.core.input_handler - INFO - was_pressed für A-Taste: input_state=False, prev_input_state=False
2025-04-03 20:05:11 - game.core.input_handler - INFO - was_pressed für A-Taste: input_state=False, prev_input_state=False
2025-04-03 20:05:11 - game.core.input_handler - INFO - was_pressed für A-Taste: input_state=False, prev_input_state=False
2025-04-03 20:05:11 - game.core.input_handler - INFO - was_pressed für A-Taste: input_state=False, prev_input_state=False
2025-04-03 20:05:11 - game.core.input_handler - INFO - was_pressed für A-Taste: input_state=False, prev_input_state=False
2025-04-03 20:05:11 - game.core.input_handler - INFO - was_pressed für A-Taste: input_state=False, prev_input_state=False
2025-04-03 20:05:11 - game.core.input_handler - INFO - was_pressed für A-Taste: input_state=False, prev_input_state=False
2025-04-03 20:05:11 - game.core.input_handler - INFO - was_pressed für A-Taste: input_state=False, prev_input_state=False
2025-04-03 20:05:11 - game.core.input_handler - INFO - was_pressed für A-Taste: input_state=False, prev_input_state=False
2025-04-03 20:05:11 - game.core.input_handler - INFO - was_pressed für A-Taste: input_state=False, prev_input_state=False
2025-04-03 20:05:11 - game.core.input_handler - INFO - was_pressed für A-Taste: input_state=False, prev_input_state=False
2025-04-03 20:05:11 - game.core.input_handler - INFO - was_pressed für A-Taste: input_state=False, prev_input_state=False
2025-04-03 20:05:11 - game.core.input_handler - INFO - was_pressed für A-Taste: input_state=False, prev_input_state=False
2025-04-03 20:05:11 - game.core.input_handler - INFO - was_pressed für A-Taste: input_state=False, prev_input_state=False
2025-04-03 20:05:11 - game.core.input_handler - INFO - was_pressed für A-Taste: input_state=False, prev_input_state=False
2025-04-03 20:05:11 - game.core.input_handler - INFO - was_pressed für A-Taste: input_state=False, prev_input_state=False
2025-04-03 20:05:11 - game.core.input_handler - INFO - was_pressed für A-Taste: input_state=False, prev_input_state=False
2025-04-03 20:05:11 - game.core.input_handler - INFO - was_pressed für A-Taste: input_state=False, prev_input_state=False
2025-04-03 20:05:11 - game.core.input_handler - INFO - was_pressed für A-Taste: input_state=False, prev_input_state=False
2025-04-03 20:05:11 - game.core.input_handler - INFO - was_pressed für A-Taste: input_state=False, prev_input_state=False
2025-04-03 20:05:11 - game.core.input_handler - INFO - was_pressed für A-Taste: input_state=False, prev_input_state=False
2025-04-03 20:05:11 - game.core.input_handler - INFO - was_pressed für A-Taste: input_state=False, prev_input_state=False
2025-04-03 20:05:11 - game.core.input_handler - INFO - was_pressed für A-Taste: input_state=False, prev_input_state=False
2025-04-03 20:05:11 - game.core.input_handler - INFO - was_pressed für A-Taste: input_state=False, prev_input_state=False
2025-04-03 20:05:11 - game.core.input_handler - INFO - was_pressed für A-Taste: input_state=False, prev_input_state=False
2025-04-03 20:05:11 - game.core.input_handler - INFO - was_pressed für A-Taste: input_state=False, prev_input_state=False
2025-04-03 20:05:11 - game.core.input_handler - INFO - was_pressed für A-Taste: input_state=False, prev_input_state=False
2025-04-03 20:05:11 - game.core.input_handler - INFO - was_pressed für A-Taste: input_state=False, prev_input_state=False
2025-04-03 20:05:11 - game.core.input_handler - INFO - was_pressed für A-Taste: input_state=False, prev_input_state=False
2025-04-03 20:05:11 - game.core.input_handler - INFO - was_pressed für A-Taste: input_state=False, prev_input_state=False
2025-04-03 20:05:12 - game.core.input_handler - INFO - was_pressed für A-Taste: input_state=False, prev_input_state=False
2025-04-03 20:05:12 - game.core.input_handler - INFO - was_pressed für A-Taste: input_state=False, prev_input_state=False
2025-04-03 20:05:12 - game.core.input_handler - INFO - was_pressed für A-Taste: input_state=False, prev_input_state=False
2025-04-03 20:05:12 - game.core.input_handler - INFO - was_pressed für A-Taste: input_state=False, prev_input_state=False
2025-04-03 20:05:12 - game.core.input_handler - INFO - was_pressed für A-Taste: input_state=False, prev_input_state=False
2025-04-03 20:05:12 - game.core.input_handler - INFO - was_pressed für A-Taste: input_state=False, prev_input_state=False
2025-04-03 20:05:12 - game.core.input_handler - INFO - was_pressed für A-Taste: input_state=False, prev_input_state=False
2025-04-03 20:05:12 - game.core.input_handler - INFO - was_pressed für A-Taste: input_state=False, prev_input_state=False
2025-04-03 20:05:12 - game.core.input_handler - INFO - was_pressed für A-Taste: input_state=False, prev_input_state=False
2025-04-03 20:05:12 - game.core.input_handler - INFO - was_pressed für A-Taste: input_state=False, prev_input_state=False
2025-04-03 20:05:12 - game.core.input_handler - INFO - was_pressed für A-Taste: input_state=False, prev_input_state=False
2025-04-03 20:05:12 - game.core.input_handler - INFO - was_pressed für A-Taste: input_state=False, prev_input_state=False
2025-04-03 20:05:12 - game.core.input_handler - INFO - was_pressed für A-Taste: input_state=False, prev_input_state=False
2025-04-03 20:05:12 - game.core.input_handler - INFO - was_pressed für A-Taste: input_state=False, prev_input_state=False
2025-04-03 20:05:12 - game.core.input_handler - INFO - was_pressed für A-Taste: input_state=False, prev_input_state=False
2025-04-03 20:05:12 - game.core.input_handler - INFO - was_pressed für A-Taste: input_state=False, prev_input_state=False
2025-04-03 20:05:12 - game.core.input_handler - INFO - Aktion erkannt: down (input_state: True, prev_input_state: False)
2025-04-03 20:05:12 - game.core.input_handler - INFO - was_pressed für A-Taste: input_state=False, prev_input_state=False
2025-04-03 20:05:12 - game.core.input_handler - INFO - was_pressed für A-Taste: input_state=False, prev_input_state=False
2025-04-03 20:05:12 - game.core.input_handler - INFO - was_pressed für A-Taste: input_state=False, prev_input_state=False
2025-04-03 20:05:12 - game.core.input_handler - INFO - was_pressed für A-Taste: input_state=False, prev_input_state=False
2025-04-03 20:05:12 - game.core.input_handler - INFO - was_pressed für A-Taste: input_state=False, prev_input_state=False
2025-04-03 20:05:12 - game.core.input_handler - INFO - was_pressed für A-Taste: input_state=False, prev_input_state=False
2025-04-03 20:05:12 - game.core.input_handler - INFO - was_pressed für A-Taste: input_state=False, prev_input_state=False
2025-04-03 20:05:12 - game.core.input_handler - INFO - was_pressed für A-Taste: input_state=False, prev_input_state=False
2025-04-03 20:05:12 - game.core.input_handler - INFO - was_pressed für A-Taste: input_state=False, prev_input_state=False
2025-04-03 20:05:12 - game.core.input_handler - INFO - was_pressed für A-Taste: input_state=False, prev_input_state=False
2025-04-03 20:05:12 - game.core.input_handler - INFO - was_pressed für A-Taste: input_state=False, prev_input_state=False
2025-04-03 20:05:12 - game.core.input_handler - INFO - was_pressed für A-Taste: input_state=False, prev_input_state=False
2025-04-03 20:05:12 - game.core.input_handler - INFO - was_pressed für A-Taste: input_state=False, prev_input_state=False
2025-04-03 20:05:12 - game.core.input_handler - INFO - was_pressed für A-Taste: input_state=False, prev_input_state=False
2025-04-03 20:05:12 - game.core.input_handler - INFO - was_pressed für A-Taste: input_state=False, prev_input_state=False
2025-04-03 20:05:12 - game.core.input_handler - INFO - was_pressed für A-Taste: input_state=False, prev_input_state=False
2025-04-03 20:05:12 - game.core.input_handler - INFO - was_pressed für A-Taste: input_state=False, prev_input_state=False
2025-04-03 20:05:12 - game.core.input_handler - INFO - was_pressed für A-Taste: input_state=False, prev_input_state=False
2025-04-03 20:05:12 - game.core.input_handler - INFO - was_pressed für A-Taste: input_state=False, prev_input_state=False
2025-04-03 20:05:12 - game.core.input_handler - INFO - was_pressed für A-Taste: input_state=False, prev_input_state=False
2025-04-03 20:05:12 - game.core.input_handler - INFO - was_pressed für A-Taste: input_state=False, prev_input_state=False
2025-04-03 20:05:12 - game.core.input_handler - INFO - was_pressed für A-Taste: input_state=False, prev_input_state=False
2025-04-03 20:05:12 - game.core.input_handler - INFO - was_pressed für A-Taste: input_state=False, prev_input_state=False
2025-04-03 20:05:12 - game.core.input_handler - INFO - was_pressed für A-Taste: input_state=False, prev_input_state=False
2025-04-03 20:05:12 - game.core.input_handler - INFO - was_pressed für A-Taste: input_state=False, prev_input_state=False
2025-04-03 20:05:12 - game.core.input_handler - INFO - was_pressed für A-Taste: input_state=False, prev_input_state=False
2025-04-03 20:05:12 - game.core.input_handler - INFO - Aktion erkannt: up (input_state: True, prev_input_state: False)
2025-04-03 20:05:12 - game.core.input_handler - INFO - was_pressed für A-Taste: input_state=False, prev_input_state=False
2025-04-03 20:05:12 - game.core.input_handler - INFO - was_pressed für A-Taste: input_state=False, prev_input_state=False
2025-04-03 20:05:12 - game.core.input_handler - INFO - was_pressed für A-Taste: input_state=False, prev_input_state=False
2025-04-03 20:05:12 - game.core.input_handler - INFO - was_pressed für A-Taste: input_state=False, prev_input_state=False
2025-04-03 20:05:12 - game.core.input_handler - INFO - was_pressed für A-Taste: input_state=False, prev_input_state=False
2025-04-03 20:05:12 - game.core.input_handler - INFO - was_pressed für A-Taste: input_state=False, prev_input_state=False
2025-04-03 20:05:12 - game.core.input_handler - INFO - was_pressed für A-Taste: input_state=False, prev_input_state=False
2025-04-03 20:05:12 - game.core.input_handler - INFO - was_pressed für A-Taste: input_state=False, prev_input_state=False
2025-04-03 20:05:12 - game.core.input_handler - INFO - was_pressed für A-Taste: input_state=False, prev_input_state=False
2025-04-03 20:05:12 - game.core.input_handler - INFO - was_pressed für A-Taste: input_state=False, prev_input_state=False
2025-04-03 20:05:12 - game.core.input_handler - INFO - was_pressed für A-Taste: input_state=False, prev_input_state=False
2025-04-03 20:05:12 - game.core.input_handler - INFO - was_pressed für A-Taste: input_state=False, prev_input_state=False
2025-04-03 20:05:12 - game.core.input_handler - INFO - was_pressed für A-Taste: input_state=False, prev_input_state=False
2025-04-03 20:05:12 - game.core.input_handler - INFO - was_pressed für A-Taste: input_state=False, prev_input_state=False
2025-04-03 20:05:12 - game.core.input_handler - INFO - was_pressed für A-Taste: input_state=False, prev_input_state=False
2025-04-03 20:05:12 - game.core.input_handler - INFO - was_pressed für A-Taste: input_state=False, prev_input_state=False
2025-04-03 20:05:13 - game.core.input_handler - INFO - was_pressed für A-Taste: input_state=False, prev_input_state=False
2025-04-03 20:05:13 - game.core.input_handler - INFO - was_pressed für A-Taste: input_state=False, prev_input_state=False
2025-04-03 20:05:13 - game.core.input_handler - INFO - was_pressed für A-Taste: input_state=False, prev_input_state=False
2025-04-03 20:05:13 - game.core.input_handler - INFO - was_pressed für A-Taste: input_state=False, prev_input_state=False
2025-04-03 20:05:13 - game.core.input_handler - INFO - was_pressed für A-Taste: input_state=False, prev_input_state=False
2025-04-03 20:05:13 - game.core.input_handler - INFO - was_pressed für A-Taste: input_state=False, prev_input_state=False
2025-04-03 20:05:13 - game.core.input_handler - INFO - was_pressed für A-Taste: input_state=False, prev_input_state=False
2025-04-03 20:05:13 - game.core.input_handler - INFO - Aktion erkannt: down (input_state: True, prev_input_state: False)
2025-04-03 20:05:13 - game.core.input_handler - INFO - was_pressed für A-Taste: input_state=False, prev_input_state=False
2025-04-03 20:05:13 - game.core.input_handler - INFO - was_pressed für A-Taste: input_state=False, prev_input_state=False
2025-04-03 20:05:13 - game.core.input_handler - INFO - was_pressed für A-Taste: input_state=False, prev_input_state=False
2025-04-03 20:05:13 - game.core.input_handler - INFO - was_pressed für A-Taste: input_state=False, prev_input_state=False
2025-04-03 20:05:13 - game.core.input_handler - INFO - was_pressed für A-Taste: input_state=False, prev_input_state=False
2025-04-03 20:05:13 - game.core.input_handler - INFO - was_pressed für A-Taste: input_state=False, prev_input_state=False
2025-04-03 20:05:13 - game.core.input_handler - INFO - was_pressed für A-Taste: input_state=False, prev_input_state=False
2025-04-03 20:05:13 - game.core.input_handler - INFO - was_pressed für A-Taste: input_state=False, prev_input_state=False
2025-04-03 20:05:13 - game.core.input_handler - INFO - was_pressed für A-Taste: input_state=False, prev_input_state=False
2025-04-03 20:05:13 - game.core.input_handler - INFO - was_pressed für A-Taste: input_state=False, prev_input_state=False
2025-04-03 20:05:13 - game.core.input_handler - INFO - was_pressed für A-Taste: input_state=False, prev_input_state=False
2025-04-03 20:05:13 - game.core.input_handler - INFO - was_pressed für A-Taste: input_state=False, prev_input_state=False
2025-04-03 20:05:13 - game.core.input_handler - INFO - was_pressed für A-Taste: input_state=False, prev_input_state=False
2025-04-03 20:05:13 - game.core.input_handler - INFO - was_pressed für A-Taste: input_state=False, prev_input_state=False
2025-04-03 20:05:13 - game.core.input_handler - INFO - was_pressed für A-Taste: input_state=False, prev_input_state=False
2025-04-03 20:05:13 - game.core.input_handler - INFO - was_pressed für A-Taste: input_state=False, prev_input_state=False
2025-04-03 20:05:13 - game.core.input_handler - INFO - was_pressed für A-Taste: input_state=False, prev_input_state=False
2025-04-03 20:05:13 - game.core.input_handler - INFO - was_pressed für A-Taste: input_state=False, prev_input_state=False
2025-04-03 20:05:13 - game.core.input_handler - INFO - was_pressed für A-Taste: input_state=False, prev_input_state=False
2025-04-03 20:05:13 - game.core.input_handler - INFO - was_pressed für A-Taste: input_state=False, prev_input_state=False
2025-04-03 20:05:13 - game.core.input_handler - INFO - was_pressed für A-Taste: input_state=False, prev_input_state=False
2025-04-03 20:05:13 - game.core.input_handler - INFO - was_pressed für A-Taste: input_state=False, prev_input_state=False
2025-04-03 20:05:13 - game.core.input_handler - INFO - was_pressed für A-Taste: input_state=False, prev_input_state=False
2025-04-03 20:05:13 - game.core.input_handler - INFO - was_pressed für A-Taste: input_state=False, prev_input_state=False
2025-04-03 20:05:13 - game.core.input_handler - INFO - was_pressed für A-Taste: input_state=False, prev_input_state=False
2025-04-03 20:05:13 - game.core.input_handler - INFO - was_pressed für A-Taste: input_state=False, prev_input_state=False
2025-04-03 20:05:13 - game.core.input_handler - INFO - was_pressed für A-Taste: input_state=False, prev_input_state=False
2025-04-03 20:05:13 - game.core.input_handler - INFO - was_pressed für A-Taste: input_state=False, prev_input_state=False
2025-04-03 20:05:13 - game.core.input_handler - INFO - was_pressed für A-Taste: input_state=False, prev_input_state=False
2025-04-03 20:05:13 - game.core.input_handler - INFO - was_pressed für A-Taste: input_state=False, prev_input_state=False
2025-04-03 20:05:13 - game.core.input_handler - INFO - was_pressed für A-Taste: input_state=False, prev_input_state=False
2025-04-03 20:05:13 - game.core.input_handler - INFO - was_pressed für A-Taste: input_state=False, prev_input_state=False
2025-04-03 20:05:13 - game.core.input_handler - INFO - was_pressed für A-Taste: input_state=False, prev_input_state=False
2025-04-03 20:05:13 - game.core.input_handler - INFO - was_pressed für A-Taste: input_state=False, prev_input_state=False
2025-04-03 20:05:13 - game.core.input_handler - INFO - was_pressed für A-Taste: input_state=False, prev_input_state=False
2025-04-03 20:05:13 - game.core.input_handler - INFO - was_pressed für A-Taste: input_state=False, prev_input_state=False
2025-04-03 20:05:13 - game.core.input_handler - INFO - was_pressed für A-Taste: input_state=False, prev_input_state=False
2025-04-03 20:05:13 - game.core.input_handler - INFO - was_pressed für A-Taste: input_state=False, prev_input_state=False
2025-04-03 20:05:13 - game.core.input_handler - INFO - was_pressed für A-Taste: input_state=False, prev_input_state=False
2025-04-03 20:05:13 - game.core.input_handler - INFO - was_pressed für A-Taste: input_state=False, prev_input_state=False
2025-04-03 20:05:13 - game.core.input_handler - INFO - was_pressed für A-Taste: input_state=False, prev_input_state=False
2025-04-03 20:05:13 - game.core.input_handler - INFO - was_pressed für A-Taste: input_state=False, prev_input_state=False
2025-04-03 20:05:13 - game.core.input_handler - INFO - was_pressed für A-Taste: input_state=False, prev_input_state=False
2025-04-03 20:05:13 - game.core.input_handler - INFO - was_pressed für A-Taste: input_state=False, prev_input_state=False
2025-04-03 20:05:13 - game.core.input_handler - INFO - was_pressed für A-Taste: input_state=False, prev_input_state=False
2025-04-03 20:05:13 - game.core.input_handler - INFO - Aktion erkannt: down (input_state: True, prev_input_state: False)
2025-04-03 20:05:13 - game.core.input_handler - INFO - was_pressed für A-Taste: input_state=False, prev_input_state=False
2025-04-03 20:05:13 - game.core.input_handler - INFO - was_pressed für A-Taste: input_state=False, prev_input_state=False
2025-04-03 20:05:13 - game.core.input_handler - INFO - was_pressed für A-Taste: input_state=False, prev_input_state=False
2025-04-03 20:05:13 - game.core.input_handler - INFO - was_pressed für A-Taste: input_state=False, prev_input_state=False
2025-04-03 20:05:13 - game.core.input_handler - INFO - was_pressed für A-Taste: input_state=False, prev_input_state=False
2025-04-03 20:05:13 - game.core.input_handler - INFO - was_pressed für A-Taste: input_state=False, prev_input_state=False
2025-04-03 20:05:13 - game.core.input_handler - INFO - was_pressed für A-Taste: input_state=False, prev_input_state=False
2025-04-03 20:05:14 - game.core.input_handler - INFO - was_pressed für A-Taste: input_state=False, prev_input_state=False
2025-04-03 20:05:14 - game.core.input_handler - INFO - was_pressed für A-Taste: input_state=False, prev_input_state=False
2025-04-03 20:05:14 - game.core.input_handler - INFO - was_pressed für A-Taste: input_state=False, prev_input_state=False
2025-04-03 20:05:14 - game.core.input_handler - INFO - was_pressed für A-Taste: input_state=False, prev_input_state=False
2025-04-03 20:05:14 - game.core.input_handler - INFO - was_pressed für A-Taste: input_state=False, prev_input_state=False
2025-04-03 20:05:14 - game.core.input_handler - INFO - Aktion erkannt: down (input_state: True, prev_input_state: False)
2025-04-03 20:05:14 - game.core.input_handler - INFO - was_pressed für A-Taste: input_state=False, prev_input_state=False
2025-04-03 20:05:14 - game.core.input_handler - INFO - was_pressed für A-Taste: input_state=False, prev_input_state=False
2025-04-03 20:05:14 - game.core.input_handler - INFO - was_pressed für A-Taste: input_state=False, prev_input_state=False
2025-04-03 20:05:14 - game.core.input_handler - INFO - was_pressed für A-Taste: input_state=False, prev_input_state=False
2025-04-03 20:05:14 - game.core.input_handler - INFO - was_pressed für A-Taste: input_state=False, prev_input_state=False
2025-04-03 20:05:14 - game.core.input_handler - INFO - was_pressed für A-Taste: input_state=False, prev_input_state=False
2025-04-03 20:05:14 - game.core.input_handler - INFO - was_pressed für A-Taste: input_state=False, prev_input_state=False
2025-04-03 20:05:14 - game.core.input_handler - INFO - was_pressed für A-Taste: input_state=False, prev_input_state=False
2025-04-03 20:05:14 - game.core.input_handler - INFO - was_pressed für A-Taste: input_state=False, prev_input_state=False
2025-04-03 20:05:14 - game.core.input_handler - INFO - was_pressed für A-Taste: input_state=False, prev_input_state=False
2025-04-03 20:05:14 - game.core.input_handler - INFO - was_pressed für A-Taste: input_state=False, prev_input_state=False
2025-04-03 20:05:14 - game.core.input_handler - INFO - Aktion erkannt: down (input_state: True, prev_input_state: False)
2025-04-03 20:05:14 - game.core.input_handler - INFO - was_pressed für A-Taste: input_state=False, prev_input_state=False
2025-04-03 20:05:14 - game.core.input_handler - INFO - was_pressed für A-Taste: input_state=False, prev_input_state=False
2025-04-03 20:05:14 - game.core.input_handler - INFO - was_pressed für A-Taste: input_state=False, prev_input_state=False
2025-04-03 20:05:14 - game.core.input_handler - INFO - was_pressed für A-Taste: input_state=False, prev_input_state=False
2025-04-03 20:05:14 - game.core.input_handler - INFO - was_pressed für A-Taste: input_state=False, prev_input_state=False
2025-04-03 20:05:14 - game.core.input_handler - INFO - was_pressed für A-Taste: input_state=False, prev_input_state=False
2025-04-03 20:05:14 - game.core.input_handler - INFO - was_pressed für A-Taste: input_state=False, prev_input_state=False
2025-04-03 20:05:14 - game.core.input_handler - INFO - A-Taste direkt erkannt!
2025-04-03 20:05:14 - game.core.input_handler - INFO - was_pressed für A-Taste: input_state=True, prev_input_state=False
2025-04-03 20:05:14 - game.core.input_handler - INFO - Aktion erkannt: action (input_state: True, prev_input_state: False)
2025-04-03 20:05:14 - game.ui.options_menu - INFO - Options menu closed
2025-04-03 20:05:14 - game.core.settings - INFO - Settings saved to settings.json
2025-04-03 20:05:14 - game.ui.options_menu - INFO - Settings saved
2025-04-03 20:05:14 - game.core.input_handler - INFO - A-Taste direkt erkannt!
2025-04-03 20:05:14 - game.core.input_handler - INFO - A-Taste direkt erkannt!
2025-04-03 20:05:14 - game.core.input_handler - INFO - A-Taste direkt erkannt!
2025-04-03 20:05:14 - game.core.input_handler - INFO - A-Taste direkt erkannt!
2025-04-03 20:05:14 - game.core.input_handler - INFO - A-Taste direkt erkannt!
2025-04-03 20:05:14 - game.core.input_handler - INFO - A-Taste direkt erkannt!
2025-04-03 20:05:14 - game.core.input_handler - INFO - A-Taste direkt erkannt!
2025-04-03 20:05:14 - game.core.input_handler - INFO - A-Taste direkt erkannt!
2025-04-03 20:05:16 - game.core.input_handler - INFO - A-Taste direkt erkannt!
2025-04-03 20:05:16 - game.core.input_handler - INFO - A-Taste direkt erkannt!
2025-04-03 20:05:16 - game.core.input_handler - INFO - A-Taste direkt erkannt!
2025-04-03 20:05:16 - game.core.input_handler - INFO - A-Taste direkt erkannt!
2025-04-03 20:05:16 - game.core.input_handler - INFO - A-Taste direkt erkannt!
2025-04-03 20:05:16 - game.core.input_handler - INFO - A-Taste direkt erkannt!
2025-04-03 20:05:16 - game.core.input_handler - INFO - A-Taste direkt erkannt!
2025-04-03 20:05:16 - game.core.input_handler - INFO - A-Taste direkt erkannt!
2025-04-03 20:05:16 - game.core.input_handler - INFO - A-Taste direkt erkannt!
2025-04-03 20:05:16 - game.core.input_handler - INFO - A-Taste direkt erkannt!
2025-04-03 20:05:16 - game.core.input_handler - INFO - A-Taste direkt erkannt!
2025-04-03 20:05:16 - game.core.input_handler - INFO - A-Taste direkt erkannt!
2025-04-03 20:05:16 - game.core.input_handler - INFO - A-Taste direkt erkannt!
2025-04-03 20:05:16 - game.core.input_handler - INFO - A-Taste direkt erkannt!
2025-04-03 20:05:16 - game.core.input_handler - INFO - A-Taste direkt erkannt!
2025-04-03 20:05:19 - game.core.game - INFO - Game loop ended
2025-04-03 20:05:19 - __main__ - INFO - Game closed successfully
2025-04-03 20:07:30 - __main__ - INFO - Starting PokeTogether
2025-04-03 20:07:30 - game.core.game - INFO - Initializing game
2025-04-03 20:07:30 - game.core.settings - INFO - Initializing settings
2025-04-03 20:07:30 - game.core.settings - INFO - Settings loaded from settings.json
2025-04-03 20:07:30 - game.core.input_handler - INFO - Initialisiere Input-Handler
2025-04-03 20:07:30 - game.core.input_handler - INFO - Controller gefunden: Xbox 360 Controller
2025-04-03 20:07:30 - game.core.input_handler - INFO - Controller gefunden: Xbox 360 Controller
2025-04-03 20:07:30 - game.maps.simple_map - INFO - Creating simple map with size 20x18, tile size 16px
2025-04-03 20:07:30 - game.entities.player - INFO - Creating player 'Red' at position (160, 160)
2025-04-03 20:07:30 - game.core.camera - INFO - Creating camera with size 800x600, map size 320x288
2025-04-03 20:07:30 - game.ui.main_menu - INFO - Initializing main menu
2025-04-03 20:07:30 - game.ui.options_menu - INFO - Initializing options menu
2025-04-03 20:07:30 - game.core.game - INFO - Game initialized
2025-04-03 20:07:30 - game.core.game - INFO - Starting game loop
2025-04-03 20:07:30 - game.core.game - INFO - Loading resources
2025-04-03 20:07:30 - game.core.game - INFO - Resources loaded
2025-04-03 20:07:30 - game.core.input_handler - INFO - Controller gefunden: Xbox 360 Controller
2025-04-03 20:07:30 - game.core.input_handler - INFO - Controller gefunden: Xbox 360 Controller
2025-04-03 20:07:30 - game.core.input_handler - INFO - Controller gefunden: Xbox 360 Controller
2025-04-03 20:07:30 - game.core.input_handler - INFO - Controller gefunden: Xbox 360 Controller
2025-04-03 20:07:30 - game.core.input_handler - INFO - was_pressed für A-Taste: input_state=False, prev_input_state=False
2025-04-03 20:07:30 - game.core.input_handler - INFO - was_pressed für A-Taste: input_state=False, prev_input_state=False
2025-04-03 20:07:30 - game.core.input_handler - INFO - was_pressed für A-Taste: input_state=False, prev_input_state=False
2025-04-03 20:07:30 - game.core.input_handler - INFO - was_pressed für A-Taste: input_state=False, prev_input_state=False
2025-04-03 20:07:30 - game.core.input_handler - INFO - was_pressed für A-Taste: input_state=False, prev_input_state=False
2025-04-03 20:07:30 - game.core.input_handler - INFO - was_pressed für A-Taste: input_state=False, prev_input_state=False
2025-04-03 20:07:30 - game.core.input_handler - INFO - was_pressed für A-Taste: input_state=False, prev_input_state=False
2025-04-03 20:07:30 - game.core.input_handler - INFO - was_pressed für A-Taste: input_state=False, prev_input_state=False
2025-04-03 20:07:30 - game.core.input_handler - INFO - was_pressed für A-Taste: input_state=False, prev_input_state=False
2025-04-03 20:07:30 - game.core.input_handler - INFO - was_pressed für A-Taste: input_state=False, prev_input_state=False
2025-04-03 20:07:30 - game.core.input_handler - INFO - was_pressed für A-Taste: input_state=False, prev_input_state=False
2025-04-03 20:07:30 - game.core.input_handler - INFO - was_pressed für A-Taste: input_state=False, prev_input_state=False
2025-04-03 20:07:30 - game.core.input_handler - INFO - was_pressed für A-Taste: input_state=False, prev_input_state=False
2025-04-03 20:07:30 - game.core.input_handler - INFO - was_pressed für A-Taste: input_state=False, prev_input_state=False
2025-04-03 20:07:30 - game.core.input_handler - INFO - was_pressed für A-Taste: input_state=False, prev_input_state=False
2025-04-03 20:07:30 - game.core.input_handler - INFO - was_pressed für A-Taste: input_state=False, prev_input_state=False
2025-04-03 20:07:30 - game.core.input_handler - INFO - was_pressed für A-Taste: input_state=False, prev_input_state=False
2025-04-03 20:07:31 - game.core.input_handler - INFO - was_pressed für A-Taste: input_state=False, prev_input_state=False
2025-04-03 20:07:31 - game.core.input_handler - INFO - was_pressed für A-Taste: input_state=False, prev_input_state=False
2025-04-03 20:07:31 - game.core.input_handler - INFO - was_pressed für A-Taste: input_state=False, prev_input_state=False
2025-04-03 20:07:31 - game.core.input_handler - INFO - was_pressed für A-Taste: input_state=False, prev_input_state=False
2025-04-03 20:07:31 - game.core.input_handler - INFO - was_pressed für A-Taste: input_state=False, prev_input_state=False
2025-04-03 20:07:31 - game.core.input_handler - INFO - was_pressed für A-Taste: input_state=False, prev_input_state=False
2025-04-03 20:07:31 - game.core.input_handler - INFO - was_pressed für A-Taste: input_state=False, prev_input_state=False
2025-04-03 20:07:31 - game.core.input_handler - INFO - was_pressed für A-Taste: input_state=False, prev_input_state=False
2025-04-03 20:07:31 - game.core.input_handler - INFO - was_pressed für A-Taste: input_state=False, prev_input_state=False
2025-04-03 20:07:31 - game.core.input_handler - INFO - was_pressed für A-Taste: input_state=False, prev_input_state=False
2025-04-03 20:07:31 - game.core.input_handler - INFO - was_pressed für A-Taste: input_state=False, prev_input_state=False
2025-04-03 20:07:31 - game.core.input_handler - INFO - was_pressed für A-Taste: input_state=False, prev_input_state=False
2025-04-03 20:07:31 - game.core.input_handler - INFO - was_pressed für A-Taste: input_state=False, prev_input_state=False
2025-04-03 20:07:31 - game.core.input_handler - INFO - was_pressed für A-Taste: input_state=False, prev_input_state=False
2025-04-03 20:07:31 - game.core.input_handler - INFO - was_pressed für A-Taste: input_state=False, prev_input_state=False
2025-04-03 20:07:31 - game.core.input_handler - INFO - was_pressed für A-Taste: input_state=False, prev_input_state=False
2025-04-03 20:07:31 - game.core.input_handler - INFO - was_pressed für A-Taste: input_state=False, prev_input_state=False
2025-04-03 20:07:31 - game.core.input_handler - INFO - was_pressed für A-Taste: input_state=False, prev_input_state=False
2025-04-03 20:07:31 - game.core.input_handler - INFO - was_pressed für A-Taste: input_state=False, prev_input_state=False
2025-04-03 20:07:31 - game.core.input_handler - INFO - was_pressed für A-Taste: input_state=False, prev_input_state=False
2025-04-03 20:07:31 - game.core.input_handler - INFO - was_pressed für A-Taste: input_state=False, prev_input_state=False
2025-04-03 20:07:31 - game.core.input_handler - INFO - was_pressed für A-Taste: input_state=False, prev_input_state=False
2025-04-03 20:07:31 - game.core.input_handler - INFO - was_pressed für A-Taste: input_state=False, prev_input_state=False
2025-04-03 20:07:31 - game.core.input_handler - INFO - was_pressed für A-Taste: input_state=False, prev_input_state=False
2025-04-03 20:07:31 - game.core.input_handler - INFO - was_pressed für A-Taste: input_state=False, prev_input_state=False
2025-04-03 20:07:31 - game.core.input_handler - INFO - was_pressed für A-Taste: input_state=False, prev_input_state=False
2025-04-03 20:07:31 - game.core.input_handler - INFO - was_pressed für A-Taste: input_state=False, prev_input_state=False
2025-04-03 20:07:31 - game.core.input_handler - INFO - was_pressed für A-Taste: input_state=False, prev_input_state=False
2025-04-03 20:07:31 - game.core.input_handler - INFO - was_pressed für A-Taste: input_state=False, prev_input_state=False
2025-04-03 20:07:31 - game.core.input_handler - INFO - was_pressed für A-Taste: input_state=False, prev_input_state=False
2025-04-03 20:07:31 - game.core.input_handler - INFO - was_pressed für A-Taste: input_state=False, prev_input_state=False
2025-04-03 20:07:31 - game.core.input_handler - INFO - was_pressed für A-Taste: input_state=False, prev_input_state=False
2025-04-03 20:07:31 - game.core.input_handler - INFO - was_pressed für A-Taste: input_state=False, prev_input_state=False
2025-04-03 20:07:31 - game.core.input_handler - INFO - was_pressed für A-Taste: input_state=False, prev_input_state=False
2025-04-03 20:07:31 - game.core.input_handler - INFO - was_pressed für A-Taste: input_state=False, prev_input_state=False
2025-04-03 20:07:31 - game.core.input_handler - INFO - was_pressed für A-Taste: input_state=False, prev_input_state=False
2025-04-03 20:07:31 - game.core.input_handler - INFO - was_pressed für A-Taste: input_state=False, prev_input_state=False
2025-04-03 20:07:31 - game.core.input_handler - INFO - was_pressed für A-Taste: input_state=False, prev_input_state=False
2025-04-03 20:07:31 - game.core.input_handler - INFO - was_pressed für A-Taste: input_state=False, prev_input_state=False
2025-04-03 20:07:31 - game.core.input_handler - INFO - was_pressed für A-Taste: input_state=False, prev_input_state=False
2025-04-03 20:07:31 - game.core.input_handler - INFO - was_pressed für A-Taste: input_state=False, prev_input_state=False
2025-04-03 20:07:31 - game.core.input_handler - INFO - was_pressed für A-Taste: input_state=False, prev_input_state=False
2025-04-03 20:07:31 - game.core.input_handler - INFO - was_pressed für A-Taste: input_state=False, prev_input_state=False
2025-04-03 20:07:31 - game.core.input_handler - INFO - was_pressed für A-Taste: input_state=False, prev_input_state=False
2025-04-03 20:07:31 - game.core.input_handler - INFO - was_pressed für A-Taste: input_state=False, prev_input_state=False
2025-04-03 20:07:31 - game.core.input_handler - INFO - was_pressed für A-Taste: input_state=False, prev_input_state=False
2025-04-03 20:07:31 - game.core.input_handler - INFO - was_pressed für A-Taste: input_state=False, prev_input_state=False
2025-04-03 20:07:31 - game.core.input_handler - INFO - was_pressed für A-Taste: input_state=False, prev_input_state=False
2025-04-03 20:07:31 - game.core.input_handler - INFO - was_pressed für A-Taste: input_state=False, prev_input_state=False
2025-04-03 20:07:31 - game.core.input_handler - INFO - was_pressed für A-Taste: input_state=False, prev_input_state=False
2025-04-03 20:07:31 - game.core.input_handler - INFO - was_pressed für A-Taste: input_state=False, prev_input_state=False
2025-04-03 20:07:31 - game.core.input_handler - INFO - was_pressed für A-Taste: input_state=False, prev_input_state=False
2025-04-03 20:07:31 - game.core.input_handler - INFO - was_pressed für A-Taste: input_state=False, prev_input_state=False
2025-04-03 20:07:31 - game.core.input_handler - INFO - was_pressed für A-Taste: input_state=False, prev_input_state=False
2025-04-03 20:07:31 - game.core.input_handler - INFO - was_pressed für A-Taste: input_state=False, prev_input_state=False
2025-04-03 20:07:31 - game.core.input_handler - INFO - was_pressed für A-Taste: input_state=False, prev_input_state=False
2025-04-03 20:07:31 - game.core.input_handler - INFO - was_pressed für A-Taste: input_state=False, prev_input_state=False
2025-04-03 20:07:31 - game.core.input_handler - INFO - was_pressed für A-Taste: input_state=False, prev_input_state=False
2025-04-03 20:07:31 - game.core.input_handler - INFO - was_pressed für A-Taste: input_state=False, prev_input_state=False
2025-04-03 20:07:31 - game.core.input_handler - INFO - was_pressed für A-Taste: input_state=False, prev_input_state=False
2025-04-03 20:07:32 - game.core.input_handler - INFO - was_pressed für A-Taste: input_state=False, prev_input_state=False
2025-04-03 20:07:32 - game.core.input_handler - INFO - was_pressed für A-Taste: input_state=False, prev_input_state=False
2025-04-03 20:07:32 - game.core.input_handler - INFO - was_pressed für A-Taste: input_state=False, prev_input_state=False
2025-04-03 20:07:32 - game.core.input_handler - INFO - was_pressed für A-Taste: input_state=False, prev_input_state=False
2025-04-03 20:07:32 - game.core.input_handler - INFO - was_pressed für A-Taste: input_state=False, prev_input_state=False
2025-04-03 20:07:32 - game.core.input_handler - INFO - was_pressed für A-Taste: input_state=False, prev_input_state=False
2025-04-03 20:07:32 - game.core.input_handler - INFO - was_pressed für A-Taste: input_state=False, prev_input_state=False
2025-04-03 20:07:32 - game.core.input_handler - INFO - was_pressed für A-Taste: input_state=False, prev_input_state=False
2025-04-03 20:07:32 - game.core.input_handler - INFO - was_pressed für A-Taste: input_state=False, prev_input_state=False
2025-04-03 20:07:32 - game.core.input_handler - INFO - was_pressed für A-Taste: input_state=False, prev_input_state=False
2025-04-03 20:07:32 - game.core.input_handler - INFO - was_pressed für A-Taste: input_state=False, prev_input_state=False
2025-04-03 20:07:32 - game.core.input_handler - INFO - was_pressed für A-Taste: input_state=False, prev_input_state=False
2025-04-03 20:07:32 - game.core.input_handler - INFO - was_pressed für A-Taste: input_state=False, prev_input_state=False
2025-04-03 20:07:32 - game.core.input_handler - INFO - was_pressed für A-Taste: input_state=False, prev_input_state=False
2025-04-03 20:07:32 - game.core.input_handler - INFO - was_pressed für A-Taste: input_state=False, prev_input_state=False
2025-04-03 20:07:32 - game.core.input_handler - INFO - was_pressed für A-Taste: input_state=False, prev_input_state=False
2025-04-03 20:07:32 - game.core.input_handler - INFO - was_pressed für A-Taste: input_state=False, prev_input_state=False
2025-04-03 20:07:32 - game.core.input_handler - INFO - was_pressed für A-Taste: input_state=False, prev_input_state=False
2025-04-03 20:07:32 - game.core.input_handler - INFO - was_pressed für A-Taste: input_state=False, prev_input_state=False
2025-04-03 20:07:32 - game.core.input_handler - INFO - was_pressed für A-Taste: input_state=False, prev_input_state=False
2025-04-03 20:07:32 - game.core.input_handler - INFO - was_pressed für A-Taste: input_state=False, prev_input_state=False
2025-04-03 20:07:32 - game.core.input_handler - INFO - was_pressed für A-Taste: input_state=False, prev_input_state=False
2025-04-03 20:07:32 - game.core.input_handler - INFO - was_pressed für A-Taste: input_state=False, prev_input_state=False
2025-04-03 20:07:32 - game.core.input_handler - INFO - was_pressed für A-Taste: input_state=False, prev_input_state=False
2025-04-03 20:07:32 - game.core.input_handler - INFO - was_pressed für A-Taste: input_state=False, prev_input_state=False
2025-04-03 20:07:32 - game.core.input_handler - INFO - was_pressed für A-Taste: input_state=False, prev_input_state=False
2025-04-03 20:07:32 - game.core.input_handler - INFO - was_pressed für A-Taste: input_state=False, prev_input_state=False
2025-04-03 20:07:32 - game.core.input_handler - INFO - was_pressed für A-Taste: input_state=False, prev_input_state=False
2025-04-03 20:07:32 - game.core.input_handler - INFO - was_pressed für A-Taste: input_state=False, prev_input_state=False
2025-04-03 20:07:32 - game.core.input_handler - INFO - was_pressed für A-Taste: input_state=False, prev_input_state=False
2025-04-03 20:07:32 - game.core.input_handler - INFO - was_pressed für A-Taste: input_state=False, prev_input_state=False
2025-04-03 20:07:32 - game.core.input_handler - INFO - was_pressed für A-Taste: input_state=False, prev_input_state=False
2025-04-03 20:07:32 - game.core.input_handler - INFO - was_pressed für A-Taste: input_state=False, prev_input_state=False
2025-04-03 20:07:32 - game.core.input_handler - INFO - was_pressed für A-Taste: input_state=False, prev_input_state=False
2025-04-03 20:07:32 - game.core.input_handler - INFO - was_pressed für A-Taste: input_state=False, prev_input_state=False
2025-04-03 20:07:32 - game.core.input_handler - INFO - was_pressed für A-Taste: input_state=False, prev_input_state=False
2025-04-03 20:07:32 - game.core.input_handler - INFO - was_pressed für A-Taste: input_state=False, prev_input_state=False
2025-04-03 20:07:32 - game.core.input_handler - INFO - was_pressed für A-Taste: input_state=False, prev_input_state=False
2025-04-03 20:07:32 - game.core.input_handler - INFO - was_pressed für A-Taste: input_state=False, prev_input_state=False
2025-04-03 20:07:32 - game.core.input_handler - INFO - was_pressed für A-Taste: input_state=False, prev_input_state=False
2025-04-03 20:07:32 - game.core.input_handler - INFO - was_pressed für A-Taste: input_state=False, prev_input_state=False
2025-04-03 20:07:32 - game.core.input_handler - INFO - was_pressed für A-Taste: input_state=False, prev_input_state=False
2025-04-03 20:07:32 - game.core.input_handler - INFO - was_pressed für A-Taste: input_state=False, prev_input_state=False
2025-04-03 20:07:32 - game.core.input_handler - INFO - was_pressed für A-Taste: input_state=False, prev_input_state=False
2025-04-03 20:07:32 - game.core.input_handler - INFO - was_pressed für A-Taste: input_state=False, prev_input_state=False
2025-04-03 20:07:32 - game.core.input_handler - INFO - was_pressed für A-Taste: input_state=False, prev_input_state=False
2025-04-03 20:07:32 - game.core.input_handler - INFO - was_pressed für A-Taste: input_state=False, prev_input_state=False
2025-04-03 20:07:32 - game.core.input_handler - INFO - was_pressed für A-Taste: input_state=False, prev_input_state=False
2025-04-03 20:07:32 - game.core.input_handler - INFO - was_pressed für A-Taste: input_state=False, prev_input_state=False
2025-04-03 20:07:32 - game.core.input_handler - INFO - was_pressed für A-Taste: input_state=False, prev_input_state=False
2025-04-03 20:07:32 - game.core.input_handler - INFO - was_pressed für A-Taste: input_state=False, prev_input_state=False
2025-04-03 20:07:32 - game.core.input_handler - INFO - was_pressed für A-Taste: input_state=False, prev_input_state=False
2025-04-03 20:07:32 - game.core.input_handler - INFO - was_pressed für A-Taste: input_state=False, prev_input_state=False
2025-04-03 20:07:32 - game.core.input_handler - INFO - was_pressed für A-Taste: input_state=False, prev_input_state=False
2025-04-03 20:07:32 - game.core.input_handler - INFO - was_pressed für A-Taste: input_state=False, prev_input_state=False
2025-04-03 20:07:32 - game.core.input_handler - INFO - was_pressed für A-Taste: input_state=False, prev_input_state=False
2025-04-03 20:07:32 - game.core.input_handler - INFO - was_pressed für A-Taste: input_state=False, prev_input_state=False
2025-04-03 20:07:32 - game.core.input_handler - INFO - was_pressed für A-Taste: input_state=False, prev_input_state=False
2025-04-03 20:07:32 - game.core.input_handler - INFO - was_pressed für A-Taste: input_state=False, prev_input_state=False
2025-04-03 20:07:32 - game.core.input_handler - INFO - was_pressed für A-Taste: input_state=False, prev_input_state=False
2025-04-03 20:07:32 - game.core.input_handler - INFO - was_pressed für A-Taste: input_state=False, prev_input_state=False
2025-04-03 20:07:33 - game.core.input_handler - INFO - was_pressed für A-Taste: input_state=False, prev_input_state=False
2025-04-03 20:07:33 - game.core.input_handler - INFO - was_pressed für A-Taste: input_state=False, prev_input_state=False
2025-04-03 20:07:33 - game.core.input_handler - INFO - was_pressed für A-Taste: input_state=False, prev_input_state=False
2025-04-03 20:07:33 - game.core.input_handler - INFO - was_pressed für A-Taste: input_state=False, prev_input_state=False
2025-04-03 20:07:33 - game.core.input_handler - INFO - was_pressed für A-Taste: input_state=False, prev_input_state=False
2025-04-03 20:07:33 - game.core.input_handler - INFO - was_pressed für A-Taste: input_state=False, prev_input_state=False
2025-04-03 20:07:33 - game.core.input_handler - INFO - was_pressed für A-Taste: input_state=False, prev_input_state=False
2025-04-03 20:07:33 - game.core.input_handler - INFO - was_pressed für A-Taste: input_state=False, prev_input_state=False
2025-04-03 20:07:33 - game.core.input_handler - INFO - was_pressed für A-Taste: input_state=False, prev_input_state=False
2025-04-03 20:07:33 - game.core.input_handler - INFO - was_pressed für A-Taste: input_state=False, prev_input_state=False
2025-04-03 20:07:33 - game.core.input_handler - INFO - was_pressed für A-Taste: input_state=False, prev_input_state=False
2025-04-03 20:07:33 - game.core.input_handler - INFO - was_pressed für A-Taste: input_state=False, prev_input_state=False
2025-04-03 20:07:33 - game.core.input_handler - INFO - was_pressed für A-Taste: input_state=False, prev_input_state=False
2025-04-03 20:07:33 - game.core.input_handler - INFO - was_pressed für A-Taste: input_state=False, prev_input_state=False
2025-04-03 20:07:33 - game.core.input_handler - INFO - was_pressed für A-Taste: input_state=False, prev_input_state=False
2025-04-03 20:07:33 - game.core.input_handler - INFO - was_pressed für A-Taste: input_state=False, prev_input_state=False
2025-04-03 20:07:33 - game.core.input_handler - INFO - was_pressed für A-Taste: input_state=False, prev_input_state=False
2025-04-03 20:07:33 - game.core.input_handler - INFO - was_pressed für A-Taste: input_state=False, prev_input_state=False
2025-04-03 20:07:33 - game.core.input_handler - INFO - was_pressed für A-Taste: input_state=False, prev_input_state=False
2025-04-03 20:07:33 - game.core.input_handler - INFO - was_pressed für A-Taste: input_state=False, prev_input_state=False
2025-04-03 20:07:33 - game.core.input_handler - INFO - was_pressed für A-Taste: input_state=False, prev_input_state=False
2025-04-03 20:07:33 - game.core.input_handler - INFO - was_pressed für A-Taste: input_state=False, prev_input_state=False
2025-04-03 20:07:33 - game.core.input_handler - INFO - was_pressed für A-Taste: input_state=False, prev_input_state=False
2025-04-03 20:07:33 - game.core.input_handler - INFO - was_pressed für A-Taste: input_state=False, prev_input_state=False
2025-04-03 20:07:33 - game.core.input_handler - INFO - was_pressed für A-Taste: input_state=False, prev_input_state=False
2025-04-03 20:07:33 - game.core.input_handler - INFO - was_pressed für A-Taste: input_state=False, prev_input_state=False
2025-04-03 20:07:33 - game.core.input_handler - INFO - was_pressed für A-Taste: input_state=False, prev_input_state=False
2025-04-03 20:07:33 - game.core.input_handler - INFO - was_pressed für A-Taste: input_state=False, prev_input_state=False
2025-04-03 20:07:33 - game.core.input_handler - INFO - was_pressed für A-Taste: input_state=False, prev_input_state=False
2025-04-03 20:07:33 - game.core.input_handler - INFO - was_pressed für A-Taste: input_state=False, prev_input_state=False
2025-04-03 20:07:33 - game.core.input_handler - INFO - was_pressed für A-Taste: input_state=False, prev_input_state=False
2025-04-03 20:07:33 - game.core.input_handler - INFO - was_pressed für A-Taste: input_state=False, prev_input_state=False
2025-04-03 20:07:33 - game.core.input_handler - INFO - was_pressed für A-Taste: input_state=False, prev_input_state=False
2025-04-03 20:07:33 - game.core.input_handler - INFO - was_pressed für A-Taste: input_state=False, prev_input_state=False
2025-04-03 20:07:33 - game.core.input_handler - INFO - was_pressed für A-Taste: input_state=False, prev_input_state=False
2025-04-03 20:07:33 - game.core.input_handler - INFO - was_pressed für A-Taste: input_state=False, prev_input_state=False
2025-04-03 20:07:33 - game.core.input_handler - INFO - was_pressed für A-Taste: input_state=False, prev_input_state=False
2025-04-03 20:07:33 - game.core.input_handler - INFO - was_pressed für A-Taste: input_state=False, prev_input_state=False
2025-04-03 20:07:33 - game.core.input_handler - INFO - was_pressed für A-Taste: input_state=False, prev_input_state=False
2025-04-03 20:07:33 - game.core.input_handler - INFO - was_pressed für A-Taste: input_state=False, prev_input_state=False
2025-04-03 20:07:33 - game.core.input_handler - INFO - was_pressed für A-Taste: input_state=False, prev_input_state=False
2025-04-03 20:07:33 - game.core.input_handler - INFO - was_pressed für A-Taste: input_state=False, prev_input_state=False
2025-04-03 20:07:33 - game.core.input_handler - INFO - was_pressed für A-Taste: input_state=False, prev_input_state=False
2025-04-03 20:07:33 - game.core.input_handler - INFO - was_pressed für A-Taste: input_state=False, prev_input_state=False
2025-04-03 20:07:33 - game.core.input_handler - INFO - was_pressed für A-Taste: input_state=False, prev_input_state=False
2025-04-03 20:07:33 - game.core.input_handler - INFO - was_pressed für A-Taste: input_state=False, prev_input_state=False
2025-04-03 20:07:33 - game.core.input_handler - INFO - was_pressed für A-Taste: input_state=False, prev_input_state=False
2025-04-03 20:07:33 - game.core.input_handler - INFO - was_pressed für A-Taste: input_state=False, prev_input_state=False
2025-04-03 20:07:33 - game.core.input_handler - INFO - was_pressed für A-Taste: input_state=False, prev_input_state=False
2025-04-03 20:07:33 - game.core.input_handler - INFO - was_pressed für A-Taste: input_state=False, prev_input_state=False
2025-04-03 20:07:33 - game.core.input_handler - INFO - was_pressed für A-Taste: input_state=False, prev_input_state=False
2025-04-03 20:07:33 - game.core.input_handler - INFO - was_pressed für A-Taste: input_state=False, prev_input_state=False
2025-04-03 20:07:33 - game.core.input_handler - INFO - was_pressed für A-Taste: input_state=False, prev_input_state=False
2025-04-03 20:07:33 - game.core.input_handler - INFO - was_pressed für A-Taste: input_state=False, prev_input_state=False
2025-04-03 20:07:33 - game.core.input_handler - INFO - was_pressed für A-Taste: input_state=False, prev_input_state=False
2025-04-03 20:07:33 - game.core.input_handler - INFO - was_pressed für A-Taste: input_state=False, prev_input_state=False
2025-04-03 20:07:33 - game.core.input_handler - INFO - was_pressed für A-Taste: input_state=False, prev_input_state=False
2025-04-03 20:07:33 - game.core.input_handler - INFO - was_pressed für A-Taste: input_state=False, prev_input_state=False
2025-04-03 20:07:33 - game.core.input_handler - INFO - was_pressed für A-Taste: input_state=False, prev_input_state=False
2025-04-03 20:07:33 - game.core.input_handler - INFO - was_pressed für A-Taste: input_state=False, prev_input_state=False
2025-04-03 20:07:33 - game.core.input_handler - INFO - was_pressed für A-Taste: input_state=False, prev_input_state=False
2025-04-03 20:07:34 - game.core.input_handler - INFO - was_pressed für A-Taste: input_state=False, prev_input_state=False
2025-04-03 20:07:34 - game.core.input_handler - INFO - was_pressed für A-Taste: input_state=False, prev_input_state=False
2025-04-03 20:07:34 - game.core.input_handler - INFO - was_pressed für A-Taste: input_state=False, prev_input_state=False
2025-04-03 20:07:34 - game.core.input_handler - INFO - was_pressed für A-Taste: input_state=False, prev_input_state=False
2025-04-03 20:07:34 - game.core.input_handler - INFO - was_pressed für A-Taste: input_state=False, prev_input_state=False
2025-04-03 20:07:34 - game.core.input_handler - INFO - was_pressed für A-Taste: input_state=False, prev_input_state=False
2025-04-03 20:07:34 - game.core.input_handler - INFO - was_pressed für A-Taste: input_state=False, prev_input_state=False
2025-04-03 20:07:34 - game.core.input_handler - INFO - was_pressed für A-Taste: input_state=False, prev_input_state=False
2025-04-03 20:07:34 - game.core.input_handler - INFO - was_pressed für A-Taste: input_state=False, prev_input_state=False
2025-04-03 20:07:34 - game.core.input_handler - INFO - was_pressed für A-Taste: input_state=False, prev_input_state=False
2025-04-03 20:07:34 - game.core.input_handler - INFO - was_pressed für A-Taste: input_state=False, prev_input_state=False
2025-04-03 20:07:34 - game.core.input_handler - INFO - was_pressed für A-Taste: input_state=False, prev_input_state=False
2025-04-03 20:07:34 - game.core.input_handler - INFO - was_pressed für A-Taste: input_state=False, prev_input_state=False
2025-04-03 20:07:34 - game.core.input_handler - INFO - was_pressed für A-Taste: input_state=False, prev_input_state=False
2025-04-03 20:07:34 - game.core.input_handler - INFO - was_pressed für A-Taste: input_state=False, prev_input_state=False
2025-04-03 20:07:34 - game.core.input_handler - INFO - was_pressed für A-Taste: input_state=False, prev_input_state=False
2025-04-03 20:07:34 - game.core.input_handler - INFO - was_pressed für A-Taste: input_state=False, prev_input_state=False
2025-04-03 20:07:34 - game.core.input_handler - INFO - Aktion erkannt: down (input_state: True, prev_input_state: False)
2025-04-03 20:07:34 - game.core.input_handler - INFO - was_pressed für A-Taste: input_state=False, prev_input_state=False
2025-04-03 20:07:34 - game.core.input_handler - INFO - was_pressed für A-Taste: input_state=False, prev_input_state=False
2025-04-03 20:07:34 - game.core.input_handler - INFO - was_pressed für A-Taste: input_state=False, prev_input_state=False
2025-04-03 20:07:34 - game.core.input_handler - INFO - was_pressed für A-Taste: input_state=False, prev_input_state=False
2025-04-03 20:07:34 - game.core.input_handler - INFO - was_pressed für A-Taste: input_state=False, prev_input_state=False
2025-04-03 20:07:34 - game.core.input_handler - INFO - was_pressed für A-Taste: input_state=False, prev_input_state=False
2025-04-03 20:07:34 - game.core.input_handler - INFO - was_pressed für A-Taste: input_state=False, prev_input_state=False
2025-04-03 20:07:34 - game.core.input_handler - INFO - was_pressed für A-Taste: input_state=False, prev_input_state=False
2025-04-03 20:07:34 - game.core.input_handler - INFO - was_pressed für A-Taste: input_state=False, prev_input_state=False
2025-04-03 20:07:34 - game.core.input_handler - INFO - was_pressed für A-Taste: input_state=False, prev_input_state=False
2025-04-03 20:07:34 - game.core.input_handler - INFO - was_pressed für A-Taste: input_state=False, prev_input_state=False
2025-04-03 20:07:34 - game.core.input_handler - INFO - was_pressed für A-Taste: input_state=False, prev_input_state=False
2025-04-03 20:07:34 - game.core.input_handler - INFO - was_pressed für A-Taste: input_state=False, prev_input_state=False
2025-04-03 20:07:34 - game.core.input_handler - INFO - was_pressed für A-Taste: input_state=False, prev_input_state=False
2025-04-03 20:07:34 - game.core.input_handler - INFO - was_pressed für A-Taste: input_state=False, prev_input_state=False
2025-04-03 20:07:34 - game.core.input_handler - INFO - was_pressed für A-Taste: input_state=False, prev_input_state=False
2025-04-03 20:07:34 - game.core.input_handler - INFO - was_pressed für A-Taste: input_state=False, prev_input_state=False
2025-04-03 20:07:34 - game.core.input_handler - INFO - was_pressed für A-Taste: input_state=False, prev_input_state=False
2025-04-03 20:07:34 - game.core.input_handler - INFO - was_pressed für A-Taste: input_state=False, prev_input_state=False
2025-04-03 20:07:34 - game.core.input_handler - INFO - was_pressed für A-Taste: input_state=False, prev_input_state=False
2025-04-03 20:07:34 - game.core.input_handler - INFO - was_pressed für A-Taste: input_state=False, prev_input_state=False
2025-04-03 20:07:34 - game.core.input_handler - INFO - was_pressed für A-Taste: input_state=False, prev_input_state=False
2025-04-03 20:07:34 - game.core.input_handler - INFO - was_pressed für A-Taste: input_state=False, prev_input_state=False
2025-04-03 20:07:34 - game.core.input_handler - INFO - was_pressed für A-Taste: input_state=False, prev_input_state=False
2025-04-03 20:07:34 - game.core.input_handler - INFO - was_pressed für A-Taste: input_state=False, prev_input_state=False
2025-04-03 20:07:34 - game.core.input_handler - INFO - was_pressed für A-Taste: input_state=False, prev_input_state=False
2025-04-03 20:07:34 - game.core.input_handler - INFO - was_pressed für A-Taste: input_state=False, prev_input_state=False
2025-04-03 20:07:34 - game.core.input_handler - INFO - was_pressed für A-Taste: input_state=False, prev_input_state=False
2025-04-03 20:07:34 - game.core.input_handler - INFO - was_pressed für A-Taste: input_state=False, prev_input_state=False
2025-04-03 20:07:34 - game.core.input_handler - INFO - was_pressed für A-Taste: input_state=False, prev_input_state=False
2025-04-03 20:07:34 - game.core.input_handler - INFO - was_pressed für A-Taste: input_state=False, prev_input_state=False
2025-04-03 20:07:34 - game.core.input_handler - INFO - was_pressed für A-Taste: input_state=False, prev_input_state=False
2025-04-03 20:07:34 - game.core.input_handler - INFO - was_pressed für A-Taste: input_state=False, prev_input_state=False
2025-04-03 20:07:34 - game.core.input_handler - INFO - was_pressed für A-Taste: input_state=False, prev_input_state=False
2025-04-03 20:07:34 - game.core.input_handler - INFO - was_pressed für A-Taste: input_state=False, prev_input_state=False
2025-04-03 20:07:34 - game.core.input_handler - INFO - was_pressed für A-Taste: input_state=False, prev_input_state=False
2025-04-03 20:07:34 - game.core.input_handler - INFO - was_pressed für A-Taste: input_state=False, prev_input_state=False
2025-04-03 20:07:34 - game.core.input_handler - INFO - was_pressed für A-Taste: input_state=False, prev_input_state=False
2025-04-03 20:07:34 - game.core.input_handler - INFO - was_pressed für A-Taste: input_state=False, prev_input_state=False
2025-04-03 20:07:34 - game.core.input_handler - INFO - was_pressed für A-Taste: input_state=False, prev_input_state=False
2025-04-03 20:07:34 - game.core.input_handler - INFO - was_pressed für A-Taste: input_state=False, prev_input_state=False
2025-04-03 20:07:34 - game.core.input_handler - INFO - was_pressed für A-Taste: input_state=False, prev_input_state=False
2025-04-03 20:07:34 - game.core.input_handler - INFO - was_pressed für A-Taste: input_state=False, prev_input_state=False
2025-04-03 20:07:35 - game.core.input_handler - INFO - was_pressed für A-Taste: input_state=False, prev_input_state=False
2025-04-03 20:07:35 - game.core.input_handler - INFO - was_pressed für A-Taste: input_state=False, prev_input_state=False
2025-04-03 20:07:35 - game.core.input_handler - INFO - was_pressed für A-Taste: input_state=False, prev_input_state=False
2025-04-03 20:07:35 - game.core.input_handler - INFO - was_pressed für A-Taste: input_state=False, prev_input_state=False
2025-04-03 20:07:35 - game.core.input_handler - INFO - was_pressed für A-Taste: input_state=False, prev_input_state=False
2025-04-03 20:07:35 - game.core.input_handler - INFO - was_pressed für A-Taste: input_state=False, prev_input_state=False
2025-04-03 20:07:35 - game.core.input_handler - INFO - Aktion erkannt: down (input_state: True, prev_input_state: False)
2025-04-03 20:07:35 - game.core.input_handler - INFO - was_pressed für A-Taste: input_state=False, prev_input_state=False
2025-04-03 20:07:35 - game.core.input_handler - INFO - was_pressed für A-Taste: input_state=False, prev_input_state=False
2025-04-03 20:07:35 - game.core.input_handler - INFO - was_pressed für A-Taste: input_state=False, prev_input_state=False
2025-04-03 20:07:35 - game.core.input_handler - INFO - was_pressed für A-Taste: input_state=False, prev_input_state=False
2025-04-03 20:07:35 - game.core.input_handler - INFO - was_pressed für A-Taste: input_state=False, prev_input_state=False
2025-04-03 20:07:35 - game.core.input_handler - INFO - was_pressed für A-Taste: input_state=False, prev_input_state=False
2025-04-03 20:07:35 - game.core.input_handler - INFO - was_pressed für A-Taste: input_state=False, prev_input_state=False
2025-04-03 20:07:35 - game.core.input_handler - INFO - was_pressed für A-Taste: input_state=False, prev_input_state=False
2025-04-03 20:07:35 - game.core.input_handler - INFO - was_pressed für A-Taste: input_state=False, prev_input_state=False
2025-04-03 20:07:35 - game.core.input_handler - INFO - was_pressed für A-Taste: input_state=False, prev_input_state=False
2025-04-03 20:07:35 - game.core.input_handler - INFO - was_pressed für A-Taste: input_state=False, prev_input_state=False
2025-04-03 20:07:35 - game.core.input_handler - INFO - was_pressed für A-Taste: input_state=False, prev_input_state=False
2025-04-03 20:07:35 - game.core.input_handler - INFO - was_pressed für A-Taste: input_state=False, prev_input_state=False
2025-04-03 20:07:35 - game.core.input_handler - INFO - was_pressed für A-Taste: input_state=False, prev_input_state=False
2025-04-03 20:07:35 - game.core.input_handler - INFO - was_pressed für A-Taste: input_state=False, prev_input_state=False
2025-04-03 20:07:35 - game.core.input_handler - INFO - was_pressed für A-Taste: input_state=False, prev_input_state=False
2025-04-03 20:07:35 - game.core.input_handler - INFO - was_pressed für A-Taste: input_state=False, prev_input_state=False
2025-04-03 20:07:35 - game.core.input_handler - INFO - A-Taste direkt erkannt!
2025-04-03 20:07:35 - game.core.input_handler - INFO - was_pressed für A-Taste: input_state=True, prev_input_state=False
2025-04-03 20:07:35 - game.core.input_handler - INFO - Aktion erkannt: action (input_state: True, prev_input_state: False)
2025-04-03 20:07:35 - game.ui.main_menu - INFO - Options selected
2025-04-03 20:07:35 - game.core.game - INFO - Showing options menu
2025-04-03 20:07:35 - game.ui.options_menu - INFO - Options menu opened
2025-04-03 20:07:35 - game.core.input_handler - INFO - A-Taste direkt erkannt!
2025-04-03 20:07:35 - game.core.input_handler - INFO - was_pressed für A-Taste: input_state=True, prev_input_state=True
2025-04-03 20:07:35 - game.core.input_handler - INFO - A-Taste direkt erkannt!
2025-04-03 20:07:35 - game.core.input_handler - INFO - was_pressed für A-Taste: input_state=True, prev_input_state=True
2025-04-03 20:07:35 - game.core.input_handler - INFO - A-Taste direkt erkannt!
2025-04-03 20:07:35 - game.core.input_handler - INFO - was_pressed für A-Taste: input_state=True, prev_input_state=True
2025-04-03 20:07:35 - game.core.input_handler - INFO - A-Taste direkt erkannt!
2025-04-03 20:07:35 - game.core.input_handler - INFO - was_pressed für A-Taste: input_state=True, prev_input_state=True
2025-04-03 20:07:35 - game.core.input_handler - INFO - A-Taste direkt erkannt!
2025-04-03 20:07:35 - game.core.input_handler - INFO - was_pressed für A-Taste: input_state=True, prev_input_state=True
2025-04-03 20:07:35 - game.core.input_handler - INFO - A-Taste direkt erkannt!
2025-04-03 20:07:35 - game.core.input_handler - INFO - was_pressed für A-Taste: input_state=True, prev_input_state=True
2025-04-03 20:07:35 - game.core.input_handler - INFO - A-Taste direkt erkannt!
2025-04-03 20:07:35 - game.core.input_handler - INFO - was_pressed für A-Taste: input_state=True, prev_input_state=True
2025-04-03 20:07:35 - game.core.input_handler - INFO - was_pressed für A-Taste: input_state=False, prev_input_state=True
2025-04-03 20:07:35 - game.core.input_handler - INFO - was_pressed für A-Taste: input_state=False, prev_input_state=False
2025-04-03 20:07:35 - game.core.input_handler - INFO - was_pressed für A-Taste: input_state=False, prev_input_state=False
2025-04-03 20:07:35 - game.core.input_handler - INFO - was_pressed für A-Taste: input_state=False, prev_input_state=False
2025-04-03 20:07:35 - game.core.input_handler - INFO - was_pressed für A-Taste: input_state=False, prev_input_state=False
2025-04-03 20:07:35 - game.core.input_handler - INFO - was_pressed für A-Taste: input_state=False, prev_input_state=False
2025-04-03 20:07:35 - game.core.input_handler - INFO - was_pressed für A-Taste: input_state=False, prev_input_state=False
2025-04-03 20:07:35 - game.core.input_handler - INFO - was_pressed für A-Taste: input_state=False, prev_input_state=False
2025-04-03 20:07:35 - game.core.input_handler - INFO - was_pressed für A-Taste: input_state=False, prev_input_state=False
2025-04-03 20:07:35 - game.core.input_handler - INFO - was_pressed für A-Taste: input_state=False, prev_input_state=False
2025-04-03 20:07:35 - game.core.input_handler - INFO - was_pressed für A-Taste: input_state=False, prev_input_state=False
2025-04-03 20:07:35 - game.core.input_handler - INFO - was_pressed für A-Taste: input_state=False, prev_input_state=False
2025-04-03 20:07:35 - game.core.input_handler - INFO - was_pressed für A-Taste: input_state=False, prev_input_state=False
2025-04-03 20:07:35 - game.core.input_handler - INFO - was_pressed für A-Taste: input_state=False, prev_input_state=False
2025-04-03 20:07:35 - game.core.input_handler - INFO - was_pressed für A-Taste: input_state=False, prev_input_state=False
2025-04-03 20:07:35 - game.core.input_handler - INFO - was_pressed für A-Taste: input_state=False, prev_input_state=False
2025-04-03 20:07:35 - game.core.input_handler - INFO - was_pressed für A-Taste: input_state=False, prev_input_state=False
2025-04-03 20:07:35 - game.core.input_handler - INFO - was_pressed für A-Taste: input_state=False, prev_input_state=False
2025-04-03 20:07:35 - game.core.input_handler - INFO - was_pressed für A-Taste: input_state=False, prev_input_state=False
2025-04-03 20:07:35 - game.core.input_handler - INFO - was_pressed für A-Taste: input_state=False, prev_input_state=False
2025-04-03 20:07:35 - game.core.input_handler - INFO - was_pressed für A-Taste: input_state=False, prev_input_state=False
2025-04-03 20:07:35 - game.core.input_handler - INFO - was_pressed für A-Taste: input_state=False, prev_input_state=False
2025-04-03 20:07:35 - game.core.input_handler - INFO - was_pressed für A-Taste: input_state=False, prev_input_state=False
2025-04-03 20:07:35 - game.core.input_handler - INFO - was_pressed für A-Taste: input_state=False, prev_input_state=False
2025-04-03 20:07:35 - game.core.input_handler - INFO - was_pressed für A-Taste: input_state=False, prev_input_state=False
2025-04-03 20:07:35 - game.core.input_handler - INFO - was_pressed für A-Taste: input_state=False, prev_input_state=False
2025-04-03 20:07:35 - game.core.input_handler - INFO - was_pressed für A-Taste: input_state=False, prev_input_state=False
2025-04-03 20:07:35 - game.core.input_handler - INFO - was_pressed für A-Taste: input_state=False, prev_input_state=False
2025-04-03 20:07:35 - game.core.input_handler - INFO - was_pressed für A-Taste: input_state=False, prev_input_state=False
2025-04-03 20:07:36 - game.core.input_handler - INFO - was_pressed für A-Taste: input_state=False, prev_input_state=False
2025-04-03 20:07:36 - game.core.input_handler - INFO - was_pressed für A-Taste: input_state=False, prev_input_state=False
2025-04-03 20:07:36 - game.core.input_handler - INFO - was_pressed für A-Taste: input_state=False, prev_input_state=False
2025-04-03 20:07:36 - game.core.input_handler - INFO - was_pressed für A-Taste: input_state=False, prev_input_state=False
2025-04-03 20:07:36 - game.core.input_handler - INFO - was_pressed für A-Taste: input_state=False, prev_input_state=False
2025-04-03 20:07:36 - game.core.input_handler - INFO - was_pressed für A-Taste: input_state=False, prev_input_state=False
2025-04-03 20:07:36 - game.core.input_handler - INFO - was_pressed für A-Taste: input_state=False, prev_input_state=False
2025-04-03 20:07:36 - game.core.input_handler - INFO - was_pressed für A-Taste: input_state=False, prev_input_state=False
2025-04-03 20:07:36 - game.core.input_handler - INFO - was_pressed für A-Taste: input_state=False, prev_input_state=False
2025-04-03 20:07:36 - game.core.input_handler - INFO - was_pressed für A-Taste: input_state=False, prev_input_state=False
2025-04-03 20:07:36 - game.core.input_handler - INFO - was_pressed für A-Taste: input_state=False, prev_input_state=False
2025-04-03 20:07:36 - game.core.input_handler - INFO - was_pressed für A-Taste: input_state=False, prev_input_state=False
2025-04-03 20:07:36 - game.core.input_handler - INFO - was_pressed für A-Taste: input_state=False, prev_input_state=False
2025-04-03 20:07:36 - game.core.input_handler - INFO - was_pressed für A-Taste: input_state=False, prev_input_state=False
2025-04-03 20:07:36 - game.core.input_handler - INFO - was_pressed für A-Taste: input_state=False, prev_input_state=False
2025-04-03 20:07:36 - game.core.input_handler - INFO - was_pressed für A-Taste: input_state=False, prev_input_state=False
2025-04-03 20:07:36 - game.core.input_handler - INFO - was_pressed für A-Taste: input_state=False, prev_input_state=False
2025-04-03 20:07:36 - game.core.input_handler - INFO - was_pressed für A-Taste: input_state=False, prev_input_state=False
2025-04-03 20:07:36 - game.core.input_handler - INFO - was_pressed für A-Taste: input_state=False, prev_input_state=False
2025-04-03 20:07:36 - game.core.input_handler - INFO - was_pressed für A-Taste: input_state=False, prev_input_state=False
2025-04-03 20:07:36 - game.core.input_handler - INFO - was_pressed für A-Taste: input_state=False, prev_input_state=False
2025-04-03 20:07:36 - game.core.input_handler - INFO - was_pressed für A-Taste: input_state=False, prev_input_state=False
2025-04-03 20:07:36 - game.core.input_handler - INFO - was_pressed für A-Taste: input_state=False, prev_input_state=False
2025-04-03 20:07:36 - game.core.input_handler - INFO - was_pressed für A-Taste: input_state=False, prev_input_state=False
2025-04-03 20:07:36 - game.core.input_handler - INFO - was_pressed für A-Taste: input_state=False, prev_input_state=False
2025-04-03 20:07:36 - game.core.input_handler - INFO - was_pressed für A-Taste: input_state=False, prev_input_state=False
2025-04-03 20:07:36 - game.core.input_handler - INFO - was_pressed für A-Taste: input_state=False, prev_input_state=False
2025-04-03 20:07:36 - game.core.input_handler - INFO - was_pressed für A-Taste: input_state=False, prev_input_state=False
2025-04-03 20:07:36 - game.core.input_handler - INFO - was_pressed für A-Taste: input_state=False, prev_input_state=False
2025-04-03 20:07:36 - game.core.input_handler - INFO - was_pressed für A-Taste: input_state=False, prev_input_state=False
2025-04-03 20:07:36 - game.core.input_handler - INFO - Aktion erkannt: down (input_state: True, prev_input_state: False)
2025-04-03 20:07:36 - game.core.input_handler - INFO - was_pressed für A-Taste: input_state=False, prev_input_state=False
2025-04-03 20:07:36 - game.core.input_handler - INFO - was_pressed für A-Taste: input_state=False, prev_input_state=False
2025-04-03 20:07:36 - game.core.input_handler - INFO - was_pressed für A-Taste: input_state=False, prev_input_state=False
2025-04-03 20:07:36 - game.core.input_handler - INFO - was_pressed für A-Taste: input_state=False, prev_input_state=False
2025-04-03 20:07:36 - game.core.input_handler - INFO - was_pressed für A-Taste: input_state=False, prev_input_state=False
2025-04-03 20:07:36 - game.core.input_handler - INFO - was_pressed für A-Taste: input_state=False, prev_input_state=False
2025-04-03 20:07:36 - game.core.input_handler - INFO - was_pressed für A-Taste: input_state=False, prev_input_state=False
2025-04-03 20:07:36 - game.core.input_handler - INFO - was_pressed für A-Taste: input_state=False, prev_input_state=False
2025-04-03 20:07:36 - game.core.input_handler - INFO - was_pressed für A-Taste: input_state=False, prev_input_state=False
2025-04-03 20:07:36 - game.core.input_handler - INFO - was_pressed für A-Taste: input_state=False, prev_input_state=False
2025-04-03 20:07:36 - game.core.input_handler - INFO - was_pressed für A-Taste: input_state=False, prev_input_state=False
2025-04-03 20:07:36 - game.core.input_handler - INFO - was_pressed für A-Taste: input_state=False, prev_input_state=False
2025-04-03 20:07:36 - game.core.input_handler - INFO - was_pressed für A-Taste: input_state=False, prev_input_state=False
2025-04-03 20:07:36 - game.core.input_handler - INFO - was_pressed für A-Taste: input_state=False, prev_input_state=False
2025-04-03 20:07:36 - game.core.input_handler - INFO - was_pressed für A-Taste: input_state=False, prev_input_state=False
2025-04-03 20:07:36 - game.core.input_handler - INFO - was_pressed für A-Taste: input_state=False, prev_input_state=False
2025-04-03 20:07:36 - game.core.input_handler - INFO - was_pressed für A-Taste: input_state=False, prev_input_state=False
2025-04-03 20:07:36 - game.core.input_handler - INFO - was_pressed für A-Taste: input_state=False, prev_input_state=False
2025-04-03 20:07:36 - game.core.input_handler - INFO - was_pressed für A-Taste: input_state=False, prev_input_state=False
2025-04-03 20:07:36 - game.core.input_handler - INFO - was_pressed für A-Taste: input_state=False, prev_input_state=False
2025-04-03 20:07:36 - game.core.input_handler - INFO - was_pressed für A-Taste: input_state=False, prev_input_state=False
2025-04-03 20:07:36 - game.core.input_handler - INFO - was_pressed für A-Taste: input_state=False, prev_input_state=False
2025-04-03 20:07:36 - game.core.input_handler - INFO - was_pressed für A-Taste: input_state=False, prev_input_state=False
2025-04-03 20:07:36 - game.core.input_handler - INFO - was_pressed für A-Taste: input_state=False, prev_input_state=False
2025-04-03 20:07:36 - game.core.input_handler - INFO - was_pressed für A-Taste: input_state=False, prev_input_state=False
2025-04-03 20:07:36 - game.core.input_handler - INFO - was_pressed für A-Taste: input_state=False, prev_input_state=False
2025-04-03 20:07:36 - game.core.input_handler - INFO - was_pressed für A-Taste: input_state=False, prev_input_state=False
2025-04-03 20:07:36 - game.core.input_handler - INFO - was_pressed für A-Taste: input_state=False, prev_input_state=False
2025-04-03 20:07:36 - game.core.input_handler - INFO - was_pressed für A-Taste: input_state=False, prev_input_state=False
2025-04-03 20:07:36 - game.core.input_handler - INFO - was_pressed für A-Taste: input_state=False, prev_input_state=False
2025-04-03 20:07:37 - game.core.input_handler - INFO - was_pressed für A-Taste: input_state=False, prev_input_state=False
2025-04-03 20:07:37 - game.core.input_handler - INFO - was_pressed für A-Taste: input_state=False, prev_input_state=False
2025-04-03 20:07:37 - game.core.input_handler - INFO - was_pressed für A-Taste: input_state=False, prev_input_state=False
2025-04-03 20:07:37 - game.core.input_handler - INFO - was_pressed für A-Taste: input_state=False, prev_input_state=False
2025-04-03 20:07:37 - game.core.input_handler - INFO - was_pressed für A-Taste: input_state=False, prev_input_state=False
2025-04-03 20:07:37 - game.core.input_handler - INFO - was_pressed für A-Taste: input_state=False, prev_input_state=False
2025-04-03 20:07:37 - game.core.input_handler - INFO - was_pressed für A-Taste: input_state=False, prev_input_state=False
2025-04-03 20:07:37 - game.core.input_handler - INFO - was_pressed für A-Taste: input_state=False, prev_input_state=False
2025-04-03 20:07:37 - game.core.input_handler - INFO - was_pressed für A-Taste: input_state=False, prev_input_state=False
2025-04-03 20:07:37 - game.core.input_handler - INFO - was_pressed für A-Taste: input_state=False, prev_input_state=False
2025-04-03 20:07:37 - game.core.input_handler - INFO - was_pressed für A-Taste: input_state=False, prev_input_state=False
2025-04-03 20:07:37 - game.core.input_handler - INFO - was_pressed für A-Taste: input_state=False, prev_input_state=False
2025-04-03 20:07:37 - game.core.input_handler - INFO - was_pressed für A-Taste: input_state=False, prev_input_state=False
2025-04-03 20:07:37 - game.core.input_handler - INFO - was_pressed für A-Taste: input_state=False, prev_input_state=False
2025-04-03 20:07:37 - game.core.input_handler - INFO - was_pressed für A-Taste: input_state=False, prev_input_state=False
2025-04-03 20:07:37 - game.core.input_handler - INFO - was_pressed für A-Taste: input_state=False, prev_input_state=False
2025-04-03 20:07:37 - game.core.input_handler - INFO - was_pressed für A-Taste: input_state=False, prev_input_state=False
2025-04-03 20:07:37 - game.core.input_handler - INFO - was_pressed für A-Taste: input_state=False, prev_input_state=False
2025-04-03 20:07:37 - game.core.input_handler - INFO - was_pressed für A-Taste: input_state=False, prev_input_state=False
2025-04-03 20:07:37 - game.core.input_handler - INFO - was_pressed für A-Taste: input_state=False, prev_input_state=False
2025-04-03 20:07:37 - game.core.input_handler - INFO - was_pressed für A-Taste: input_state=False, prev_input_state=False
2025-04-03 20:07:37 - game.core.input_handler - INFO - was_pressed für A-Taste: input_state=False, prev_input_state=False
2025-04-03 20:07:37 - game.core.input_handler - INFO - was_pressed für A-Taste: input_state=False, prev_input_state=False
2025-04-03 20:07:37 - game.core.input_handler - INFO - Aktion erkannt: down (input_state: True, prev_input_state: False)
2025-04-03 20:07:37 - game.core.input_handler - INFO - was_pressed für A-Taste: input_state=False, prev_input_state=False
2025-04-03 20:07:37 - game.core.input_handler - INFO - was_pressed für A-Taste: input_state=False, prev_input_state=False
2025-04-03 20:07:37 - game.core.input_handler - INFO - was_pressed für A-Taste: input_state=False, prev_input_state=False
2025-04-03 20:07:37 - game.core.input_handler - INFO - was_pressed für A-Taste: input_state=False, prev_input_state=False
2025-04-03 20:07:37 - game.core.input_handler - INFO - was_pressed für A-Taste: input_state=False, prev_input_state=False
2025-04-03 20:07:37 - game.core.input_handler - INFO - was_pressed für A-Taste: input_state=False, prev_input_state=False
2025-04-03 20:07:37 - game.core.input_handler - INFO - was_pressed für A-Taste: input_state=False, prev_input_state=False
2025-04-03 20:07:37 - game.core.input_handler - INFO - was_pressed für A-Taste: input_state=False, prev_input_state=False
2025-04-03 20:07:37 - game.core.input_handler - INFO - was_pressed für A-Taste: input_state=False, prev_input_state=False
2025-04-03 20:07:37 - game.core.input_handler - INFO - was_pressed für A-Taste: input_state=False, prev_input_state=False
2025-04-03 20:07:37 - game.core.input_handler - INFO - was_pressed für A-Taste: input_state=False, prev_input_state=False
2025-04-03 20:07:37 - game.core.input_handler - INFO - Aktion erkannt: down (input_state: True, prev_input_state: False)
2025-04-03 20:07:37 - game.core.input_handler - INFO - was_pressed für A-Taste: input_state=False, prev_input_state=False
2025-04-03 20:07:37 - game.core.input_handler - INFO - was_pressed für A-Taste: input_state=False, prev_input_state=False
2025-04-03 20:07:37 - game.core.input_handler - INFO - was_pressed für A-Taste: input_state=False, prev_input_state=False
2025-04-03 20:07:37 - game.core.input_handler - INFO - was_pressed für A-Taste: input_state=False, prev_input_state=False
2025-04-03 20:07:37 - game.core.input_handler - INFO - was_pressed für A-Taste: input_state=False, prev_input_state=False
2025-04-03 20:07:37 - game.core.input_handler - INFO - was_pressed für A-Taste: input_state=False, prev_input_state=False
2025-04-03 20:07:37 - game.core.input_handler - INFO - was_pressed für A-Taste: input_state=False, prev_input_state=False
2025-04-03 20:07:37 - game.core.input_handler - INFO - was_pressed für A-Taste: input_state=False, prev_input_state=False
2025-04-03 20:07:37 - game.core.input_handler - INFO - was_pressed für A-Taste: input_state=False, prev_input_state=False
2025-04-03 20:07:37 - game.core.input_handler - INFO - was_pressed für A-Taste: input_state=False, prev_input_state=False
2025-04-03 20:07:37 - game.core.input_handler - INFO - was_pressed für A-Taste: input_state=False, prev_input_state=False
2025-04-03 20:07:37 - game.core.input_handler - INFO - was_pressed für A-Taste: input_state=False, prev_input_state=False
2025-04-03 20:07:37 - game.core.input_handler - INFO - was_pressed für A-Taste: input_state=False, prev_input_state=False
2025-04-03 20:07:37 - game.core.input_handler - INFO - was_pressed für A-Taste: input_state=False, prev_input_state=False
2025-04-03 20:07:37 - game.core.input_handler - INFO - was_pressed für A-Taste: input_state=False, prev_input_state=False
2025-04-03 20:07:37 - game.core.input_handler - INFO - was_pressed für A-Taste: input_state=False, prev_input_state=False
2025-04-03 20:07:37 - game.core.input_handler - INFO - Aktion erkannt: down (input_state: True, prev_input_state: False)
2025-04-03 20:07:37 - game.core.input_handler - INFO - was_pressed für A-Taste: input_state=False, prev_input_state=False
2025-04-03 20:07:37 - game.core.input_handler - INFO - was_pressed für A-Taste: input_state=False, prev_input_state=False
2025-04-03 20:07:37 - game.core.input_handler - INFO - was_pressed für A-Taste: input_state=False, prev_input_state=False
2025-04-03 20:07:37 - game.core.input_handler - INFO - was_pressed für A-Taste: input_state=False, prev_input_state=False
2025-04-03 20:07:37 - game.core.input_handler - INFO - was_pressed für A-Taste: input_state=False, prev_input_state=False
2025-04-03 20:07:37 - game.core.input_handler - INFO - was_pressed für A-Taste: input_state=False, prev_input_state=False
2025-04-03 20:07:37 - game.core.input_handler - INFO - was_pressed für A-Taste: input_state=False, prev_input_state=False
2025-04-03 20:07:38 - game.core.input_handler - INFO - was_pressed für A-Taste: input_state=False, prev_input_state=False
2025-04-03 20:07:38 - game.core.input_handler - INFO - was_pressed für A-Taste: input_state=False, prev_input_state=False
2025-04-03 20:07:38 - game.core.input_handler - INFO - was_pressed für A-Taste: input_state=False, prev_input_state=False
2025-04-03 20:07:38 - game.core.input_handler - INFO - was_pressed für A-Taste: input_state=False, prev_input_state=False
2025-04-03 20:07:38 - game.core.input_handler - INFO - was_pressed für A-Taste: input_state=False, prev_input_state=False
2025-04-03 20:07:38 - game.core.input_handler - INFO - was_pressed für A-Taste: input_state=False, prev_input_state=False
2025-04-03 20:07:38 - game.core.input_handler - INFO - was_pressed für A-Taste: input_state=False, prev_input_state=False
2025-04-03 20:07:38 - game.core.input_handler - INFO - was_pressed für A-Taste: input_state=False, prev_input_state=False
2025-04-03 20:07:38 - game.core.input_handler - INFO - was_pressed für A-Taste: input_state=False, prev_input_state=False
2025-04-03 20:07:38 - game.core.input_handler - INFO - A-Taste direkt erkannt!
2025-04-03 20:07:38 - game.core.input_handler - INFO - was_pressed für A-Taste: input_state=True, prev_input_state=False
2025-04-03 20:07:38 - game.core.input_handler - INFO - Aktion erkannt: action (input_state: True, prev_input_state: False)
2025-04-03 20:07:38 - game.ui.options_menu - INFO - Options menu closed
2025-04-03 20:07:38 - game.core.game - INFO - Options menu closed, returning to main menu
2025-04-03 20:07:38 - game.core.settings - INFO - Settings saved to settings.json
2025-04-03 20:07:38 - game.ui.options_menu - INFO - Settings saved
2025-04-03 20:07:38 - game.core.input_handler - INFO - A-Taste direkt erkannt!
2025-04-03 20:07:38 - game.core.input_handler - INFO - was_pressed für A-Taste: input_state=True, prev_input_state=True
2025-04-03 20:07:38 - game.core.input_handler - INFO - A-Taste direkt erkannt!
2025-04-03 20:07:38 - game.core.input_handler - INFO - was_pressed für A-Taste: input_state=True, prev_input_state=True
2025-04-03 20:07:38 - game.core.input_handler - INFO - A-Taste direkt erkannt!
2025-04-03 20:07:38 - game.core.input_handler - INFO - was_pressed für A-Taste: input_state=True, prev_input_state=True
2025-04-03 20:07:38 - game.core.input_handler - INFO - A-Taste direkt erkannt!
2025-04-03 20:07:38 - game.core.input_handler - INFO - was_pressed für A-Taste: input_state=True, prev_input_state=True
2025-04-03 20:07:38 - game.core.input_handler - INFO - A-Taste direkt erkannt!
2025-04-03 20:07:38 - game.core.input_handler - INFO - was_pressed für A-Taste: input_state=True, prev_input_state=True
2025-04-03 20:07:38 - game.core.input_handler - INFO - A-Taste direkt erkannt!
2025-04-03 20:07:38 - game.core.input_handler - INFO - was_pressed für A-Taste: input_state=True, prev_input_state=True
2025-04-03 20:07:38 - game.core.input_handler - INFO - A-Taste direkt erkannt!
2025-04-03 20:07:38 - game.core.input_handler - INFO - was_pressed für A-Taste: input_state=True, prev_input_state=True
2025-04-03 20:07:38 - game.core.input_handler - INFO - A-Taste direkt erkannt!
2025-04-03 20:07:38 - game.core.input_handler - INFO - was_pressed für A-Taste: input_state=True, prev_input_state=True
2025-04-03 20:07:38 - game.core.input_handler - INFO - was_pressed für A-Taste: input_state=False, prev_input_state=True
2025-04-03 20:07:38 - game.core.input_handler - INFO - was_pressed für A-Taste: input_state=False, prev_input_state=False
2025-04-03 20:07:38 - game.core.input_handler - INFO - was_pressed für A-Taste: input_state=False, prev_input_state=False
2025-04-03 20:07:38 - game.core.input_handler - INFO - was_pressed für A-Taste: input_state=False, prev_input_state=False
2025-04-03 20:07:38 - game.core.input_handler - INFO - was_pressed für A-Taste: input_state=False, prev_input_state=False
2025-04-03 20:07:38 - game.core.input_handler - INFO - was_pressed für A-Taste: input_state=False, prev_input_state=False
2025-04-03 20:07:38 - game.core.input_handler - INFO - was_pressed für A-Taste: input_state=False, prev_input_state=False
2025-04-03 20:07:38 - game.core.input_handler - INFO - was_pressed für A-Taste: input_state=False, prev_input_state=False
2025-04-03 20:07:38 - game.core.input_handler - INFO - was_pressed für A-Taste: input_state=False, prev_input_state=False
2025-04-03 20:07:38 - game.core.input_handler - INFO - was_pressed für A-Taste: input_state=False, prev_input_state=False
2025-04-03 20:07:38 - game.core.input_handler - INFO - was_pressed für A-Taste: input_state=False, prev_input_state=False
2025-04-03 20:07:38 - game.core.input_handler - INFO - was_pressed für A-Taste: input_state=False, prev_input_state=False
2025-04-03 20:07:38 - game.core.input_handler - INFO - was_pressed für A-Taste: input_state=False, prev_input_state=False
2025-04-03 20:07:38 - game.core.input_handler - INFO - was_pressed für A-Taste: input_state=False, prev_input_state=False
2025-04-03 20:07:38 - game.core.input_handler - INFO - was_pressed für A-Taste: input_state=False, prev_input_state=False
2025-04-03 20:07:38 - game.core.input_handler - INFO - was_pressed für A-Taste: input_state=False, prev_input_state=False
2025-04-03 20:07:38 - game.core.input_handler - INFO - was_pressed für A-Taste: input_state=False, prev_input_state=False
2025-04-03 20:07:38 - game.core.input_handler - INFO - was_pressed für A-Taste: input_state=False, prev_input_state=False
2025-04-03 20:07:38 - game.core.input_handler - INFO - was_pressed für A-Taste: input_state=False, prev_input_state=False
2025-04-03 20:07:38 - game.core.input_handler - INFO - was_pressed für A-Taste: input_state=False, prev_input_state=False
2025-04-03 20:07:38 - game.core.input_handler - INFO - was_pressed für A-Taste: input_state=False, prev_input_state=False
2025-04-03 20:07:38 - game.core.input_handler - INFO - was_pressed für A-Taste: input_state=False, prev_input_state=False
2025-04-03 20:07:38 - game.core.input_handler - INFO - was_pressed für A-Taste: input_state=False, prev_input_state=False
2025-04-03 20:07:38 - game.core.input_handler - INFO - was_pressed für A-Taste: input_state=False, prev_input_state=False
2025-04-03 20:07:38 - game.core.input_handler - INFO - was_pressed für A-Taste: input_state=False, prev_input_state=False
2025-04-03 20:07:38 - game.core.input_handler - INFO - was_pressed für A-Taste: input_state=False, prev_input_state=False
2025-04-03 20:07:38 - game.core.input_handler - INFO - was_pressed für A-Taste: input_state=False, prev_input_state=False
2025-04-03 20:07:38 - game.core.input_handler - INFO - was_pressed für A-Taste: input_state=False, prev_input_state=False
2025-04-03 20:07:38 - game.core.input_handler - INFO - was_pressed für A-Taste: input_state=False, prev_input_state=False
2025-04-03 20:07:38 - game.core.input_handler - INFO - was_pressed für A-Taste: input_state=False, prev_input_state=False
2025-04-03 20:07:38 - game.core.input_handler - INFO - was_pressed für A-Taste: input_state=False, prev_input_state=False
2025-04-03 20:07:38 - game.core.input_handler - INFO - was_pressed für A-Taste: input_state=False, prev_input_state=False
2025-04-03 20:07:38 - game.core.input_handler - INFO - was_pressed für A-Taste: input_state=False, prev_input_state=False
2025-04-03 20:07:38 - game.core.input_handler - INFO - was_pressed für A-Taste: input_state=False, prev_input_state=False
2025-04-03 20:07:38 - game.core.input_handler - INFO - was_pressed für A-Taste: input_state=False, prev_input_state=False
2025-04-03 20:07:38 - game.core.input_handler - INFO - was_pressed für A-Taste: input_state=False, prev_input_state=False
2025-04-03 20:07:38 - game.core.input_handler - INFO - was_pressed für A-Taste: input_state=False, prev_input_state=False
2025-04-03 20:07:38 - game.core.input_handler - INFO - was_pressed für A-Taste: input_state=False, prev_input_state=False
2025-04-03 20:07:38 - game.core.input_handler - INFO - was_pressed für A-Taste: input_state=False, prev_input_state=False
2025-04-03 20:07:38 - game.core.input_handler - INFO - was_pressed für A-Taste: input_state=False, prev_input_state=False
2025-04-03 20:07:38 - game.core.input_handler - INFO - was_pressed für A-Taste: input_state=False, prev_input_state=False
2025-04-03 20:07:38 - game.core.input_handler - INFO - was_pressed für A-Taste: input_state=False, prev_input_state=False
2025-04-03 20:07:38 - game.core.input_handler - INFO - was_pressed für A-Taste: input_state=False, prev_input_state=False
2025-04-03 20:07:39 - game.core.input_handler - INFO - was_pressed für A-Taste: input_state=False, prev_input_state=False
2025-04-03 20:07:39 - game.core.input_handler - INFO - was_pressed für A-Taste: input_state=False, prev_input_state=False
2025-04-03 20:07:39 - game.core.input_handler - INFO - was_pressed für A-Taste: input_state=False, prev_input_state=False
2025-04-03 20:07:39 - game.core.input_handler - INFO - was_pressed für A-Taste: input_state=False, prev_input_state=False
2025-04-03 20:07:39 - game.core.input_handler - INFO - was_pressed für A-Taste: input_state=False, prev_input_state=False
2025-04-03 20:07:39 - game.core.input_handler - INFO - was_pressed für A-Taste: input_state=False, prev_input_state=False
2025-04-03 20:07:39 - game.core.input_handler - INFO - was_pressed für A-Taste: input_state=False, prev_input_state=False
2025-04-03 20:07:39 - game.core.input_handler - INFO - was_pressed für A-Taste: input_state=False, prev_input_state=False
2025-04-03 20:07:39 - game.core.input_handler - INFO - A-Taste direkt erkannt!
2025-04-03 20:07:39 - game.core.input_handler - INFO - was_pressed für A-Taste: input_state=True, prev_input_state=False
2025-04-03 20:07:39 - game.core.input_handler - INFO - Aktion erkannt: action (input_state: True, prev_input_state: False)
2025-04-03 20:07:39 - game.ui.main_menu - INFO - Options selected
2025-04-03 20:07:39 - game.core.game - INFO - Showing options menu
2025-04-03 20:07:39 - game.ui.options_menu - INFO - Options menu opened
2025-04-03 20:07:39 - game.core.input_handler - INFO - A-Taste direkt erkannt!
2025-04-03 20:07:39 - game.core.input_handler - INFO - was_pressed für A-Taste: input_state=True, prev_input_state=True
2025-04-03 20:07:39 - game.core.input_handler - INFO - A-Taste direkt erkannt!
2025-04-03 20:07:39 - game.core.input_handler - INFO - was_pressed für A-Taste: input_state=True, prev_input_state=True
2025-04-03 20:07:39 - game.core.input_handler - INFO - A-Taste direkt erkannt!
2025-04-03 20:07:39 - game.core.input_handler - INFO - was_pressed für A-Taste: input_state=True, prev_input_state=True
2025-04-03 20:07:39 - game.core.input_handler - INFO - A-Taste direkt erkannt!
2025-04-03 20:07:39 - game.core.input_handler - INFO - was_pressed für A-Taste: input_state=True, prev_input_state=True
2025-04-03 20:07:39 - game.core.input_handler - INFO - A-Taste direkt erkannt!
2025-04-03 20:07:39 - game.core.input_handler - INFO - was_pressed für A-Taste: input_state=True, prev_input_state=True
2025-04-03 20:07:39 - game.core.input_handler - INFO - A-Taste direkt erkannt!
2025-04-03 20:07:39 - game.core.input_handler - INFO - was_pressed für A-Taste: input_state=True, prev_input_state=True
2025-04-03 20:07:39 - game.core.input_handler - INFO - was_pressed für A-Taste: input_state=False, prev_input_state=True
2025-04-03 20:07:39 - game.core.input_handler - INFO - was_pressed für A-Taste: input_state=False, prev_input_state=False
2025-04-03 20:07:39 - game.core.input_handler - INFO - was_pressed für A-Taste: input_state=False, prev_input_state=False
2025-04-03 20:07:39 - game.core.input_handler - INFO - was_pressed für A-Taste: input_state=False, prev_input_state=False
2025-04-03 20:07:39 - game.core.input_handler - INFO - was_pressed für A-Taste: input_state=False, prev_input_state=False
2025-04-03 20:07:39 - game.core.input_handler - INFO - was_pressed für A-Taste: input_state=False, prev_input_state=False
2025-04-03 20:07:39 - game.core.input_handler - INFO - was_pressed für A-Taste: input_state=False, prev_input_state=False
2025-04-03 20:07:39 - game.core.input_handler - INFO - was_pressed für A-Taste: input_state=False, prev_input_state=False
2025-04-03 20:07:39 - game.core.input_handler - INFO - was_pressed für A-Taste: input_state=False, prev_input_state=False
2025-04-03 20:07:39 - game.core.input_handler - INFO - was_pressed für A-Taste: input_state=False, prev_input_state=False
2025-04-03 20:07:39 - game.core.input_handler - INFO - was_pressed für A-Taste: input_state=False, prev_input_state=False
2025-04-03 20:07:39 - game.core.input_handler - INFO - Aktion erkannt: up (input_state: True, prev_input_state: False)
2025-04-03 20:07:39 - game.core.input_handler - INFO - was_pressed für A-Taste: input_state=False, prev_input_state=False
2025-04-03 20:07:39 - game.core.input_handler - INFO - was_pressed für A-Taste: input_state=False, prev_input_state=False
2025-04-03 20:07:39 - game.core.input_handler - INFO - was_pressed für A-Taste: input_state=False, prev_input_state=False
2025-04-03 20:07:39 - game.core.input_handler - INFO - was_pressed für A-Taste: input_state=False, prev_input_state=False
2025-04-03 20:07:39 - game.core.input_handler - INFO - was_pressed für A-Taste: input_state=False, prev_input_state=False
2025-04-03 20:07:39 - game.core.input_handler - INFO - was_pressed für A-Taste: input_state=False, prev_input_state=False
2025-04-03 20:07:39 - game.core.input_handler - INFO - was_pressed für A-Taste: input_state=False, prev_input_state=False
2025-04-03 20:07:39 - game.core.input_handler - INFO - was_pressed für A-Taste: input_state=False, prev_input_state=False
2025-04-03 20:07:39 - game.core.input_handler - INFO - was_pressed für A-Taste: input_state=False, prev_input_state=False
2025-04-03 20:07:39 - game.core.input_handler - INFO - was_pressed für A-Taste: input_state=False, prev_input_state=False
2025-04-03 20:07:39 - game.core.input_handler - INFO - was_pressed für A-Taste: input_state=False, prev_input_state=False
2025-04-03 20:07:39 - game.core.input_handler - INFO - was_pressed für A-Taste: input_state=False, prev_input_state=False
2025-04-03 20:07:39 - game.core.input_handler - INFO - was_pressed für A-Taste: input_state=False, prev_input_state=False
2025-04-03 20:07:39 - game.core.input_handler - INFO - was_pressed für A-Taste: input_state=False, prev_input_state=False
2025-04-03 20:07:39 - game.core.input_handler - INFO - was_pressed für A-Taste: input_state=False, prev_input_state=False
2025-04-03 20:07:39 - game.core.input_handler - INFO - was_pressed für A-Taste: input_state=False, prev_input_state=False
2025-04-03 20:07:39 - game.core.input_handler - INFO - was_pressed für A-Taste: input_state=False, prev_input_state=False
2025-04-03 20:07:39 - game.core.input_handler - INFO - was_pressed für A-Taste: input_state=False, prev_input_state=False
2025-04-03 20:07:39 - game.core.input_handler - INFO - was_pressed für A-Taste: input_state=False, prev_input_state=False
2025-04-03 20:07:39 - game.core.input_handler - INFO - was_pressed für A-Taste: input_state=False, prev_input_state=False
2025-04-03 20:07:39 - game.core.input_handler - INFO - was_pressed für A-Taste: input_state=False, prev_input_state=False
2025-04-03 20:07:39 - game.core.input_handler - INFO - Aktion erkannt: down (input_state: True, prev_input_state: False)
2025-04-03 20:07:39 - game.core.input_handler - INFO - was_pressed für A-Taste: input_state=False, prev_input_state=False
2025-04-03 20:07:39 - game.core.input_handler - INFO - was_pressed für A-Taste: input_state=False, prev_input_state=False
2025-04-03 20:07:39 - game.core.input_handler - INFO - was_pressed für A-Taste: input_state=False, prev_input_state=False
2025-04-03 20:07:39 - game.core.input_handler - INFO - was_pressed für A-Taste: input_state=False, prev_input_state=False
2025-04-03 20:07:39 - game.core.input_handler - INFO - was_pressed für A-Taste: input_state=False, prev_input_state=False
2025-04-03 20:07:39 - game.core.input_handler - INFO - was_pressed für A-Taste: input_state=False, prev_input_state=False
2025-04-03 20:07:39 - game.core.input_handler - INFO - was_pressed für A-Taste: input_state=False, prev_input_state=False
2025-04-03 20:07:39 - game.core.input_handler - INFO - was_pressed für A-Taste: input_state=False, prev_input_state=False
2025-04-03 20:07:39 - game.core.input_handler - INFO - was_pressed für A-Taste: input_state=False, prev_input_state=False
2025-04-03 20:07:39 - game.core.input_handler - INFO - was_pressed für A-Taste: input_state=False, prev_input_state=False
2025-04-03 20:07:39 - game.core.input_handler - INFO - was_pressed für A-Taste: input_state=False, prev_input_state=False
2025-04-03 20:07:39 - game.core.input_handler - INFO - was_pressed für A-Taste: input_state=False, prev_input_state=False
2025-04-03 20:07:40 - game.core.input_handler - INFO - was_pressed für A-Taste: input_state=False, prev_input_state=False
2025-04-03 20:07:40 - game.core.input_handler - INFO - was_pressed für A-Taste: input_state=False, prev_input_state=False
2025-04-03 20:07:40 - game.core.input_handler - INFO - was_pressed für A-Taste: input_state=False, prev_input_state=False
2025-04-03 20:07:40 - game.core.input_handler - INFO - was_pressed für A-Taste: input_state=False, prev_input_state=False
2025-04-03 20:07:40 - game.core.input_handler - INFO - was_pressed für A-Taste: input_state=False, prev_input_state=False
2025-04-03 20:07:40 - game.core.input_handler - INFO - was_pressed für A-Taste: input_state=False, prev_input_state=False
2025-04-03 20:07:40 - game.core.input_handler - INFO - was_pressed für A-Taste: input_state=False, prev_input_state=False
2025-04-03 20:07:40 - game.core.input_handler - INFO - was_pressed für A-Taste: input_state=False, prev_input_state=False
2025-04-03 20:07:40 - game.core.input_handler - INFO - was_pressed für A-Taste: input_state=False, prev_input_state=False
2025-04-03 20:07:40 - game.core.input_handler - INFO - was_pressed für A-Taste: input_state=False, prev_input_state=False
2025-04-03 20:07:40 - game.core.input_handler - INFO - was_pressed für A-Taste: input_state=False, prev_input_state=False
2025-04-03 20:07:40 - game.core.input_handler - INFO - was_pressed für A-Taste: input_state=False, prev_input_state=False
2025-04-03 20:07:40 - game.core.input_handler - INFO - was_pressed für A-Taste: input_state=False, prev_input_state=False
2025-04-03 20:07:40 - game.core.input_handler - INFO - was_pressed für A-Taste: input_state=False, prev_input_state=False
2025-04-03 20:07:40 - game.core.input_handler - INFO - was_pressed für A-Taste: input_state=False, prev_input_state=False
2025-04-03 20:07:40 - game.core.input_handler - INFO - was_pressed für A-Taste: input_state=False, prev_input_state=False
2025-04-03 20:07:40 - game.core.input_handler - INFO - was_pressed für A-Taste: input_state=False, prev_input_state=False
2025-04-03 20:07:40 - game.core.input_handler - INFO - was_pressed für A-Taste: input_state=False, prev_input_state=False
2025-04-03 20:07:40 - game.core.input_handler - INFO - Aktion erkannt: down (input_state: True, prev_input_state: False)
2025-04-03 20:07:40 - game.core.input_handler - INFO - was_pressed für A-Taste: input_state=False, prev_input_state=False
2025-04-03 20:07:40 - game.core.input_handler - INFO - was_pressed für A-Taste: input_state=False, prev_input_state=False
2025-04-03 20:07:40 - game.core.input_handler - INFO - was_pressed für A-Taste: input_state=False, prev_input_state=False
2025-04-03 20:07:40 - game.core.input_handler - INFO - was_pressed für A-Taste: input_state=False, prev_input_state=False
2025-04-03 20:07:40 - game.core.input_handler - INFO - was_pressed für A-Taste: input_state=False, prev_input_state=False
2025-04-03 20:07:40 - game.core.input_handler - INFO - was_pressed für A-Taste: input_state=False, prev_input_state=False
2025-04-03 20:07:40 - game.core.input_handler - INFO - was_pressed für A-Taste: input_state=False, prev_input_state=False
2025-04-03 20:07:40 - game.core.input_handler - INFO - was_pressed für A-Taste: input_state=False, prev_input_state=False
2025-04-03 20:07:40 - game.core.input_handler - INFO - was_pressed für A-Taste: input_state=False, prev_input_state=False
2025-04-03 20:07:40 - game.core.input_handler - INFO - was_pressed für A-Taste: input_state=False, prev_input_state=False
2025-04-03 20:07:40 - game.core.input_handler - INFO - was_pressed für A-Taste: input_state=False, prev_input_state=False
2025-04-03 20:07:40 - game.core.input_handler - INFO - was_pressed für A-Taste: input_state=False, prev_input_state=False
2025-04-03 20:07:40 - game.core.input_handler - INFO - was_pressed für A-Taste: input_state=False, prev_input_state=False
2025-04-03 20:07:40 - game.core.input_handler - INFO - was_pressed für A-Taste: input_state=False, prev_input_state=False
2025-04-03 20:07:40 - game.core.input_handler - INFO - was_pressed für A-Taste: input_state=False, prev_input_state=False
2025-04-03 20:07:40 - game.core.input_handler - INFO - was_pressed für A-Taste: input_state=False, prev_input_state=False
2025-04-03 20:07:40 - game.core.input_handler - INFO - was_pressed für A-Taste: input_state=False, prev_input_state=False
2025-04-03 20:07:40 - game.core.input_handler - INFO - was_pressed für A-Taste: input_state=False, prev_input_state=False
2025-04-03 20:07:40 - game.core.input_handler - INFO - was_pressed für A-Taste: input_state=False, prev_input_state=False
2025-04-03 20:07:40 - game.core.input_handler - INFO - was_pressed für A-Taste: input_state=False, prev_input_state=False
2025-04-03 20:07:40 - game.core.input_handler - INFO - was_pressed für A-Taste: input_state=False, prev_input_state=False
2025-04-03 20:07:40 - game.core.input_handler - INFO - was_pressed für A-Taste: input_state=False, prev_input_state=False
2025-04-03 20:07:40 - game.core.input_handler - INFO - was_pressed für A-Taste: input_state=False, prev_input_state=False
2025-04-03 20:07:40 - game.core.input_handler - INFO - was_pressed für A-Taste: input_state=False, prev_input_state=False
2025-04-03 20:07:40 - game.core.input_handler - INFO - was_pressed für A-Taste: input_state=False, prev_input_state=False
2025-04-03 20:07:40 - game.core.input_handler - INFO - was_pressed für A-Taste: input_state=False, prev_input_state=False
2025-04-03 20:07:40 - game.core.input_handler - INFO - was_pressed für A-Taste: input_state=False, prev_input_state=False
2025-04-03 20:07:40 - game.core.input_handler - INFO - was_pressed für A-Taste: input_state=False, prev_input_state=False
2025-04-03 20:07:40 - game.core.input_handler - INFO - was_pressed für A-Taste: input_state=False, prev_input_state=False
2025-04-03 20:07:40 - game.core.input_handler - INFO - was_pressed für A-Taste: input_state=False, prev_input_state=False
2025-04-03 20:07:40 - game.core.input_handler - INFO - was_pressed für A-Taste: input_state=False, prev_input_state=False
2025-04-03 20:07:40 - game.core.input_handler - INFO - was_pressed für A-Taste: input_state=False, prev_input_state=False
2025-04-03 20:07:40 - game.core.input_handler - INFO - was_pressed für A-Taste: input_state=False, prev_input_state=False
2025-04-03 20:07:40 - game.core.input_handler - INFO - was_pressed für A-Taste: input_state=False, prev_input_state=False
2025-04-03 20:07:40 - game.core.input_handler - INFO - was_pressed für A-Taste: input_state=False, prev_input_state=False
2025-04-03 20:07:40 - game.core.input_handler - INFO - was_pressed für A-Taste: input_state=False, prev_input_state=False
2025-04-03 20:07:40 - game.core.input_handler - INFO - was_pressed für A-Taste: input_state=False, prev_input_state=False
2025-04-03 20:07:40 - game.core.input_handler - INFO - was_pressed für A-Taste: input_state=False, prev_input_state=False
2025-04-03 20:07:40 - game.core.input_handler - INFO - was_pressed für A-Taste: input_state=False, prev_input_state=False
2025-04-03 20:07:40 - game.core.input_handler - INFO - was_pressed für A-Taste: input_state=False, prev_input_state=False
2025-04-03 20:07:40 - game.core.input_handler - INFO - was_pressed für A-Taste: input_state=False, prev_input_state=False
2025-04-03 20:07:40 - game.core.input_handler - INFO - was_pressed für A-Taste: input_state=False, prev_input_state=False
2025-04-03 20:07:41 - game.core.input_handler - INFO - was_pressed für A-Taste: input_state=False, prev_input_state=False
2025-04-03 20:07:41 - game.core.input_handler - INFO - was_pressed für A-Taste: input_state=False, prev_input_state=False
2025-04-03 20:07:41 - game.core.input_handler - INFO - was_pressed für A-Taste: input_state=False, prev_input_state=False
2025-04-03 20:07:41 - game.core.input_handler - INFO - was_pressed für A-Taste: input_state=False, prev_input_state=False
2025-04-03 20:07:41 - game.core.input_handler - INFO - was_pressed für A-Taste: input_state=False, prev_input_state=False
2025-04-03 20:07:41 - game.core.input_handler - INFO - was_pressed für A-Taste: input_state=False, prev_input_state=False
2025-04-03 20:07:41 - game.core.input_handler - INFO - was_pressed für A-Taste: input_state=False, prev_input_state=False
2025-04-03 20:07:41 - game.core.input_handler - INFO - was_pressed für A-Taste: input_state=False, prev_input_state=False
2025-04-03 20:07:41 - game.core.input_handler - INFO - was_pressed für A-Taste: input_state=False, prev_input_state=False
2025-04-03 20:07:41 - game.core.input_handler - INFO - was_pressed für A-Taste: input_state=False, prev_input_state=False
2025-04-03 20:07:41 - game.core.input_handler - INFO - was_pressed für A-Taste: input_state=False, prev_input_state=False
2025-04-03 20:07:41 - game.core.input_handler - INFO - Aktion erkannt: down (input_state: True, prev_input_state: False)
2025-04-03 20:07:41 - game.core.input_handler - INFO - was_pressed für A-Taste: input_state=False, prev_input_state=False
2025-04-03 20:07:41 - game.core.input_handler - INFO - was_pressed für A-Taste: input_state=False, prev_input_state=False
2025-04-03 20:07:41 - game.core.input_handler - INFO - was_pressed für A-Taste: input_state=False, prev_input_state=False
2025-04-03 20:07:41 - game.core.input_handler - INFO - was_pressed für A-Taste: input_state=False, prev_input_state=False
2025-04-03 20:07:41 - game.core.input_handler - INFO - was_pressed für A-Taste: input_state=False, prev_input_state=False
2025-04-03 20:07:41 - game.core.input_handler - INFO - was_pressed für A-Taste: input_state=False, prev_input_state=False
2025-04-03 20:07:41 - game.core.input_handler - INFO - was_pressed für A-Taste: input_state=False, prev_input_state=False
2025-04-03 20:07:41 - game.core.input_handler - INFO - was_pressed für A-Taste: input_state=False, prev_input_state=False
2025-04-03 20:07:41 - game.core.input_handler - INFO - was_pressed für A-Taste: input_state=False, prev_input_state=False
2025-04-03 20:07:41 - game.core.input_handler - INFO - was_pressed für A-Taste: input_state=False, prev_input_state=False
2025-04-03 20:07:41 - game.core.input_handler - INFO - was_pressed für A-Taste: input_state=False, prev_input_state=False
2025-04-03 20:07:41 - game.core.input_handler - INFO - Aktion erkannt: down (input_state: True, prev_input_state: False)
2025-04-03 20:07:41 - game.core.input_handler - INFO - was_pressed für A-Taste: input_state=False, prev_input_state=False
2025-04-03 20:07:41 - game.core.input_handler - INFO - was_pressed für A-Taste: input_state=False, prev_input_state=False
2025-04-03 20:07:41 - game.core.input_handler - INFO - was_pressed für A-Taste: input_state=False, prev_input_state=False
2025-04-03 20:07:41 - game.core.input_handler - INFO - was_pressed für A-Taste: input_state=False, prev_input_state=False
2025-04-03 20:07:41 - game.core.input_handler - INFO - was_pressed für A-Taste: input_state=False, prev_input_state=False
2025-04-03 20:07:41 - game.core.input_handler - INFO - was_pressed für A-Taste: input_state=False, prev_input_state=False
2025-04-03 20:07:41 - game.core.input_handler - INFO - was_pressed für A-Taste: input_state=False, prev_input_state=False
2025-04-03 20:07:41 - game.core.input_handler - INFO - was_pressed für A-Taste: input_state=False, prev_input_state=False
2025-04-03 20:07:41 - game.core.input_handler - INFO - was_pressed für A-Taste: input_state=False, prev_input_state=False
2025-04-03 20:07:41 - game.core.input_handler - INFO - was_pressed für A-Taste: input_state=False, prev_input_state=False
2025-04-03 20:07:41 - game.core.input_handler - INFO - Aktion erkannt: down (input_state: True, prev_input_state: False)
2025-04-03 20:07:41 - game.core.input_handler - INFO - was_pressed für A-Taste: input_state=False, prev_input_state=False
2025-04-03 20:07:41 - game.core.input_handler - INFO - was_pressed für A-Taste: input_state=False, prev_input_state=False
2025-04-03 20:07:41 - game.core.input_handler - INFO - was_pressed für A-Taste: input_state=False, prev_input_state=False
2025-04-03 20:07:41 - game.core.input_handler - INFO - was_pressed für A-Taste: input_state=False, prev_input_state=False
2025-04-03 20:07:41 - game.core.input_handler - INFO - was_pressed für A-Taste: input_state=False, prev_input_state=False
2025-04-03 20:07:41 - game.core.input_handler - INFO - was_pressed für A-Taste: input_state=False, prev_input_state=False
2025-04-03 20:07:41 - game.core.input_handler - INFO - was_pressed für A-Taste: input_state=False, prev_input_state=False
2025-04-03 20:07:41 - game.core.input_handler - INFO - was_pressed für A-Taste: input_state=False, prev_input_state=False
2025-04-03 20:07:41 - game.core.input_handler - INFO - was_pressed für A-Taste: input_state=False, prev_input_state=False
2025-04-03 20:07:41 - game.core.input_handler - INFO - was_pressed für A-Taste: input_state=False, prev_input_state=False
2025-04-03 20:07:41 - game.core.input_handler - INFO - was_pressed für A-Taste: input_state=False, prev_input_state=False
2025-04-03 20:07:41 - game.core.input_handler - INFO - was_pressed für A-Taste: input_state=False, prev_input_state=False
2025-04-03 20:07:41 - game.core.input_handler - INFO - was_pressed für A-Taste: input_state=False, prev_input_state=False
2025-04-03 20:07:41 - game.core.input_handler - INFO - was_pressed für A-Taste: input_state=False, prev_input_state=False
2025-04-03 20:07:41 - game.core.input_handler - INFO - A-Taste direkt erkannt!
2025-04-03 20:07:41 - game.core.input_handler - INFO - was_pressed für A-Taste: input_state=True, prev_input_state=False
2025-04-03 20:07:41 - game.core.input_handler - INFO - Aktion erkannt: action (input_state: True, prev_input_state: False)
2025-04-03 20:07:41 - game.ui.options_menu - INFO - Options menu closed
2025-04-03 20:07:41 - game.core.game - INFO - Options menu closed, returning to main menu
2025-04-03 20:07:41 - game.core.settings - INFO - Settings saved to settings.json
2025-04-03 20:07:41 - game.ui.options_menu - INFO - Settings saved
2025-04-03 20:07:41 - game.core.input_handler - INFO - A-Taste direkt erkannt!
2025-04-03 20:07:41 - game.core.input_handler - INFO - was_pressed für A-Taste: input_state=True, prev_input_state=True
2025-04-03 20:07:41 - game.core.input_handler - INFO - A-Taste direkt erkannt!
2025-04-03 20:07:41 - game.core.input_handler - INFO - was_pressed für A-Taste: input_state=True, prev_input_state=True
2025-04-03 20:07:41 - game.core.input_handler - INFO - A-Taste direkt erkannt!
2025-04-03 20:07:41 - game.core.input_handler - INFO - was_pressed für A-Taste: input_state=True, prev_input_state=True
2025-04-03 20:07:41 - game.core.input_handler - INFO - A-Taste direkt erkannt!
2025-04-03 20:07:41 - game.core.input_handler - INFO - was_pressed für A-Taste: input_state=True, prev_input_state=True
2025-04-03 20:07:41 - game.core.input_handler - INFO - was_pressed für A-Taste: input_state=False, prev_input_state=True
2025-04-03 20:07:41 - game.core.input_handler - INFO - was_pressed für A-Taste: input_state=False, prev_input_state=False
2025-04-03 20:07:41 - game.core.input_handler - INFO - was_pressed für A-Taste: input_state=False, prev_input_state=False
2025-04-03 20:07:41 - game.core.input_handler - INFO - was_pressed für A-Taste: input_state=False, prev_input_state=False
2025-04-03 20:07:41 - game.core.input_handler - INFO - was_pressed für A-Taste: input_state=False, prev_input_state=False
2025-04-03 20:07:41 - game.core.input_handler - INFO - was_pressed für A-Taste: input_state=False, prev_input_state=False
2025-04-03 20:07:41 - game.core.input_handler - INFO - was_pressed für A-Taste: input_state=False, prev_input_state=False
2025-04-03 20:07:42 - game.core.input_handler - INFO - Aktion erkannt: up (input_state: True, prev_input_state: False)
2025-04-03 20:07:42 - game.core.input_handler - INFO - was_pressed für A-Taste: input_state=False, prev_input_state=False
2025-04-03 20:07:42 - game.core.input_handler - INFO - was_pressed für A-Taste: input_state=False, prev_input_state=False
2025-04-03 20:07:42 - game.core.input_handler - INFO - was_pressed für A-Taste: input_state=False, prev_input_state=False
2025-04-03 20:07:42 - game.core.input_handler - INFO - was_pressed für A-Taste: input_state=False, prev_input_state=False
2025-04-03 20:07:42 - game.core.input_handler - INFO - was_pressed für A-Taste: input_state=False, prev_input_state=False
2025-04-03 20:07:42 - game.core.input_handler - INFO - was_pressed für A-Taste: input_state=False, prev_input_state=False
2025-04-03 20:07:42 - game.core.input_handler - INFO - was_pressed für A-Taste: input_state=False, prev_input_state=False
2025-04-03 20:07:42 - game.core.input_handler - INFO - was_pressed für A-Taste: input_state=False, prev_input_state=False
2025-04-03 20:07:42 - game.core.input_handler - INFO - was_pressed für A-Taste: input_state=False, prev_input_state=False
2025-04-03 20:07:42 - game.core.input_handler - INFO - was_pressed für A-Taste: input_state=False, prev_input_state=False
2025-04-03 20:07:42 - game.core.input_handler - INFO - was_pressed für A-Taste: input_state=False, prev_input_state=False
2025-04-03 20:07:42 - game.core.input_handler - INFO - was_pressed für A-Taste: input_state=False, prev_input_state=False
2025-04-03 20:07:42 - game.core.input_handler - INFO - was_pressed für A-Taste: input_state=False, prev_input_state=False
2025-04-03 20:07:42 - game.core.input_handler - INFO - was_pressed für A-Taste: input_state=False, prev_input_state=False
2025-04-03 20:07:42 - game.core.input_handler - INFO - was_pressed für A-Taste: input_state=False, prev_input_state=False
2025-04-03 20:07:42 - game.core.input_handler - INFO - was_pressed für A-Taste: input_state=False, prev_input_state=False
2025-04-03 20:07:42 - game.core.input_handler - INFO - was_pressed für A-Taste: input_state=False, prev_input_state=False
2025-04-03 20:07:42 - game.core.input_handler - INFO - was_pressed für A-Taste: input_state=False, prev_input_state=False
2025-04-03 20:07:42 - game.core.input_handler - INFO - was_pressed für A-Taste: input_state=False, prev_input_state=False
2025-04-03 20:07:42 - game.core.input_handler - INFO - Aktion erkannt: up (input_state: True, prev_input_state: False)
2025-04-03 20:07:42 - game.core.input_handler - INFO - was_pressed für A-Taste: input_state=False, prev_input_state=False
2025-04-03 20:07:42 - game.core.input_handler - INFO - was_pressed für A-Taste: input_state=False, prev_input_state=False
2025-04-03 20:07:42 - game.core.input_handler - INFO - was_pressed für A-Taste: input_state=False, prev_input_state=False
2025-04-03 20:07:42 - game.core.input_handler - INFO - was_pressed für A-Taste: input_state=False, prev_input_state=False
2025-04-03 20:07:42 - game.core.input_handler - INFO - was_pressed für A-Taste: input_state=False, prev_input_state=False
2025-04-03 20:07:42 - game.core.input_handler - INFO - was_pressed für A-Taste: input_state=False, prev_input_state=False
2025-04-03 20:07:42 - game.core.input_handler - INFO - was_pressed für A-Taste: input_state=False, prev_input_state=False
2025-04-03 20:07:42 - game.core.input_handler - INFO - was_pressed für A-Taste: input_state=False, prev_input_state=False
2025-04-03 20:07:42 - game.core.input_handler - INFO - was_pressed für A-Taste: input_state=False, prev_input_state=False
2025-04-03 20:07:42 - game.core.input_handler - INFO - A-Taste direkt erkannt!
2025-04-03 20:07:42 - game.core.input_handler - INFO - was_pressed für A-Taste: input_state=True, prev_input_state=False
2025-04-03 20:07:42 - game.core.input_handler - INFO - Aktion erkannt: action (input_state: True, prev_input_state: False)
2025-04-03 20:07:42 - game.ui.main_menu - INFO - New game selected
2025-04-03 20:07:42 - game.core.game - INFO - Starting new game
2025-04-03 20:07:42 - game.core.input_handler - INFO - A-Taste direkt erkannt!
2025-04-03 20:07:42 - game.core.input_handler - INFO - A-Taste direkt erkannt!
2025-04-03 20:07:42 - game.core.input_handler - INFO - A-Taste direkt erkannt!
2025-04-03 20:07:42 - game.core.input_handler - INFO - A-Taste direkt erkannt!
2025-04-03 20:07:42 - game.core.input_handler - INFO - A-Taste direkt erkannt!
2025-04-03 20:07:42 - game.core.input_handler - INFO - A-Taste direkt erkannt!
2025-04-03 20:07:42 - game.core.input_handler - INFO - A-Taste direkt erkannt!
2025-04-03 20:07:52 - game.core.game - INFO - Game loop ended
2025-04-03 20:07:52 - __main__ - INFO - Game closed successfully
2025-04-03 20:13:16 - __main__ - INFO - Starting PokeTogether
2025-04-03 20:13:16 - game.core.game - INFO - Initializing game
2025-04-03 20:13:16 - game.core.settings - INFO - Initializing settings
2025-04-03 20:13:16 - game.core.settings - INFO - Settings loaded from settings.json
2025-04-03 20:13:16 - game.core.input_handler - INFO - Initialisiere Input-Handler
2025-04-03 20:13:16 - game.core.input_handler - INFO - Controller gefunden: Xbox 360 Controller
2025-04-03 20:13:16 - game.core.input_handler - INFO - Controller gefunden: Xbox 360 Controller
2025-04-03 20:13:16 - game.maps.simple_map - INFO - Creating simple map with size 35x28, tile size 32px
2025-04-03 20:13:16 - game.entities.player - INFO - Creating player 'Red' at position (560, 448)
2025-04-03 20:13:16 - game.core.camera - INFO - Creating camera with size 800x600, map size 1120x896
2025-04-03 20:13:16 - game.ui.main_menu - INFO - Initializing main menu
2025-04-03 20:13:16 - game.ui.options_menu - INFO - Initializing options menu
2025-04-03 20:13:16 - game.core.game - INFO - Game initialized
2025-04-03 20:13:16 - game.core.game - INFO - Starting game loop
2025-04-03 20:13:16 - game.core.game - INFO - Loading resources
2025-04-03 20:13:16 - game.core.game - INFO - Resources loaded
2025-04-03 20:13:16 - game.core.input_handler - INFO - Controller gefunden: Xbox 360 Controller
2025-04-03 20:13:16 - game.core.input_handler - INFO - Controller gefunden: Xbox 360 Controller
2025-04-03 20:13:16 - game.core.input_handler - INFO - Controller gefunden: Xbox 360 Controller
2025-04-03 20:13:16 - game.core.input_handler - INFO - Controller gefunden: Xbox 360 Controller
2025-04-03 20:13:16 - game.core.input_handler - INFO - was_pressed für A-Taste: input_state=False, prev_input_state=False
2025-04-03 20:13:16 - game.core.input_handler - INFO - was_pressed für A-Taste: input_state=False, prev_input_state=False
2025-04-03 20:13:16 - game.core.input_handler - INFO - was_pressed für A-Taste: input_state=False, prev_input_state=False
2025-04-03 20:13:17 - game.core.input_handler - INFO - was_pressed für A-Taste: input_state=False, prev_input_state=False
2025-04-03 20:13:17 - game.core.input_handler - INFO - was_pressed für A-Taste: input_state=False, prev_input_state=False
2025-04-03 20:13:17 - game.core.input_handler - INFO - was_pressed für A-Taste: input_state=False, prev_input_state=False
2025-04-03 20:13:17 - game.core.input_handler - INFO - was_pressed für A-Taste: input_state=False, prev_input_state=False
2025-04-03 20:13:17 - game.core.input_handler - INFO - was_pressed für A-Taste: input_state=False, prev_input_state=False
2025-04-03 20:13:17 - game.core.input_handler - INFO - was_pressed für A-Taste: input_state=False, prev_input_state=False
2025-04-03 20:13:17 - game.core.input_handler - INFO - was_pressed für A-Taste: input_state=False, prev_input_state=False
2025-04-03 20:13:17 - game.core.input_handler - INFO - was_pressed für A-Taste: input_state=False, prev_input_state=False
2025-04-03 20:13:17 - game.core.input_handler - INFO - was_pressed für A-Taste: input_state=False, prev_input_state=False
2025-04-03 20:13:17 - game.core.input_handler - INFO - was_pressed für A-Taste: input_state=False, prev_input_state=False
2025-04-03 20:13:17 - game.core.input_handler - INFO - was_pressed für A-Taste: input_state=False, prev_input_state=False
2025-04-03 20:13:17 - game.core.input_handler - INFO - was_pressed für A-Taste: input_state=False, prev_input_state=False
2025-04-03 20:13:17 - game.core.input_handler - INFO - was_pressed für A-Taste: input_state=False, prev_input_state=False
2025-04-03 20:13:17 - game.core.input_handler - INFO - was_pressed für A-Taste: input_state=False, prev_input_state=False
2025-04-03 20:13:17 - game.core.input_handler - INFO - was_pressed für A-Taste: input_state=False, prev_input_state=False
2025-04-03 20:13:17 - game.core.input_handler - INFO - was_pressed für A-Taste: input_state=False, prev_input_state=False
2025-04-03 20:13:17 - game.core.input_handler - INFO - was_pressed für A-Taste: input_state=False, prev_input_state=False
2025-04-03 20:13:17 - game.core.input_handler - INFO - was_pressed für A-Taste: input_state=False, prev_input_state=False
2025-04-03 20:13:17 - game.core.input_handler - INFO - was_pressed für A-Taste: input_state=False, prev_input_state=False
2025-04-03 20:13:17 - game.core.input_handler - INFO - was_pressed für A-Taste: input_state=False, prev_input_state=False
2025-04-03 20:13:17 - game.core.input_handler - INFO - was_pressed für A-Taste: input_state=False, prev_input_state=False
2025-04-03 20:13:17 - game.core.input_handler - INFO - was_pressed für A-Taste: input_state=False, prev_input_state=False
2025-04-03 20:13:17 - game.core.input_handler - INFO - was_pressed für A-Taste: input_state=False, prev_input_state=False
2025-04-03 20:13:17 - game.core.input_handler - INFO - was_pressed für A-Taste: input_state=False, prev_input_state=False
2025-04-03 20:13:17 - game.core.input_handler - INFO - was_pressed für A-Taste: input_state=False, prev_input_state=False
2025-04-03 20:13:17 - game.core.input_handler - INFO - was_pressed für A-Taste: input_state=False, prev_input_state=False
2025-04-03 20:13:17 - game.core.input_handler - INFO - was_pressed für A-Taste: input_state=False, prev_input_state=False
2025-04-03 20:13:17 - game.core.input_handler - INFO - was_pressed für A-Taste: input_state=False, prev_input_state=False
2025-04-03 20:13:17 - game.core.input_handler - INFO - was_pressed für A-Taste: input_state=False, prev_input_state=False
2025-04-03 20:13:17 - game.core.input_handler - INFO - was_pressed für A-Taste: input_state=False, prev_input_state=False
2025-04-03 20:13:17 - game.core.input_handler - INFO - was_pressed für A-Taste: input_state=False, prev_input_state=False
2025-04-03 20:13:17 - game.core.input_handler - INFO - was_pressed für A-Taste: input_state=False, prev_input_state=False
2025-04-03 20:13:17 - game.core.input_handler - INFO - was_pressed für A-Taste: input_state=False, prev_input_state=False
2025-04-03 20:13:17 - game.core.input_handler - INFO - was_pressed für A-Taste: input_state=False, prev_input_state=False
2025-04-03 20:13:17 - game.core.input_handler - INFO - was_pressed für A-Taste: input_state=False, prev_input_state=False
2025-04-03 20:13:17 - game.core.input_handler - INFO - was_pressed für A-Taste: input_state=False, prev_input_state=False
2025-04-03 20:13:17 - game.core.input_handler - INFO - was_pressed für A-Taste: input_state=False, prev_input_state=False
2025-04-03 20:13:17 - game.core.input_handler - INFO - was_pressed für A-Taste: input_state=False, prev_input_state=False
2025-04-03 20:13:17 - game.core.input_handler - INFO - was_pressed für A-Taste: input_state=False, prev_input_state=False
2025-04-03 20:13:17 - game.core.input_handler - INFO - was_pressed für A-Taste: input_state=False, prev_input_state=False
2025-04-03 20:13:17 - game.core.input_handler - INFO - was_pressed für A-Taste: input_state=False, prev_input_state=False
2025-04-03 20:13:17 - game.core.input_handler - INFO - was_pressed für A-Taste: input_state=False, prev_input_state=False
2025-04-03 20:13:17 - game.core.input_handler - INFO - was_pressed für A-Taste: input_state=False, prev_input_state=False
2025-04-03 20:13:17 - game.core.input_handler - INFO - was_pressed für A-Taste: input_state=False, prev_input_state=False
2025-04-03 20:13:17 - game.core.input_handler - INFO - was_pressed für A-Taste: input_state=False, prev_input_state=False
2025-04-03 20:13:17 - game.core.input_handler - INFO - was_pressed für A-Taste: input_state=False, prev_input_state=False
2025-04-03 20:13:17 - game.core.input_handler - INFO - was_pressed für A-Taste: input_state=False, prev_input_state=False
2025-04-03 20:13:17 - game.core.input_handler - INFO - was_pressed für A-Taste: input_state=False, prev_input_state=False
2025-04-03 20:13:17 - game.core.input_handler - INFO - was_pressed für A-Taste: input_state=False, prev_input_state=False
2025-04-03 20:13:17 - game.core.input_handler - INFO - was_pressed für A-Taste: input_state=False, prev_input_state=False
2025-04-03 20:13:17 - game.core.input_handler - INFO - was_pressed für A-Taste: input_state=False, prev_input_state=False
2025-04-03 20:13:17 - game.core.input_handler - INFO - was_pressed für A-Taste: input_state=False, prev_input_state=False
2025-04-03 20:13:17 - game.core.input_handler - INFO - was_pressed für A-Taste: input_state=False, prev_input_state=False
2025-04-03 20:13:17 - game.core.input_handler - INFO - was_pressed für A-Taste: input_state=False, prev_input_state=False
2025-04-03 20:13:17 - game.core.input_handler - INFO - was_pressed für A-Taste: input_state=False, prev_input_state=False
2025-04-03 20:13:17 - game.core.input_handler - INFO - was_pressed für A-Taste: input_state=False, prev_input_state=False
2025-04-03 20:13:17 - game.core.input_handler - INFO - was_pressed für A-Taste: input_state=False, prev_input_state=False
2025-04-03 20:13:17 - game.core.input_handler - INFO - was_pressed für A-Taste: input_state=False, prev_input_state=False
2025-04-03 20:13:17 - game.core.input_handler - INFO - was_pressed für A-Taste: input_state=False, prev_input_state=False
2025-04-03 20:13:17 - game.core.input_handler - INFO - was_pressed für A-Taste: input_state=False, prev_input_state=False
2025-04-03 20:13:18 - game.core.input_handler - INFO - was_pressed für A-Taste: input_state=False, prev_input_state=False
2025-04-03 20:13:18 - game.core.input_handler - INFO - was_pressed für A-Taste: input_state=False, prev_input_state=False
2025-04-03 20:13:18 - game.core.input_handler - INFO - was_pressed für A-Taste: input_state=False, prev_input_state=False
2025-04-03 20:13:18 - game.core.input_handler - INFO - was_pressed für A-Taste: input_state=False, prev_input_state=False
2025-04-03 20:13:18 - game.core.input_handler - INFO - was_pressed für A-Taste: input_state=False, prev_input_state=False
2025-04-03 20:13:18 - game.core.input_handler - INFO - was_pressed für A-Taste: input_state=False, prev_input_state=False
2025-04-03 20:13:18 - game.core.input_handler - INFO - was_pressed für A-Taste: input_state=False, prev_input_state=False
2025-04-03 20:13:18 - game.core.input_handler - INFO - was_pressed für A-Taste: input_state=False, prev_input_state=False
2025-04-03 20:13:18 - game.core.input_handler - INFO - was_pressed für A-Taste: input_state=False, prev_input_state=False
2025-04-03 20:13:18 - game.core.input_handler - INFO - was_pressed für A-Taste: input_state=False, prev_input_state=False
2025-04-03 20:13:18 - game.core.input_handler - INFO - was_pressed für A-Taste: input_state=False, prev_input_state=False
2025-04-03 20:13:18 - game.core.input_handler - INFO - was_pressed für A-Taste: input_state=False, prev_input_state=False
2025-04-03 20:13:18 - game.core.input_handler - INFO - was_pressed für A-Taste: input_state=False, prev_input_state=False
2025-04-03 20:13:18 - game.core.input_handler - INFO - was_pressed für A-Taste: input_state=False, prev_input_state=False
2025-04-03 20:13:18 - game.core.input_handler - INFO - was_pressed für A-Taste: input_state=False, prev_input_state=False
2025-04-03 20:13:18 - game.core.input_handler - INFO - was_pressed für A-Taste: input_state=False, prev_input_state=False
2025-04-03 20:13:18 - game.core.input_handler - INFO - was_pressed für A-Taste: input_state=False, prev_input_state=False
2025-04-03 20:13:18 - game.core.input_handler - INFO - was_pressed für A-Taste: input_state=False, prev_input_state=False
2025-04-03 20:13:18 - game.core.input_handler - INFO - was_pressed für A-Taste: input_state=False, prev_input_state=False
2025-04-03 20:13:18 - game.core.input_handler - INFO - was_pressed für A-Taste: input_state=False, prev_input_state=False
2025-04-03 20:13:18 - game.core.input_handler - INFO - was_pressed für A-Taste: input_state=False, prev_input_state=False
2025-04-03 20:13:18 - game.core.input_handler - INFO - was_pressed für A-Taste: input_state=False, prev_input_state=False
2025-04-03 20:13:18 - game.core.input_handler - INFO - was_pressed für A-Taste: input_state=False, prev_input_state=False
2025-04-03 20:13:18 - game.core.input_handler - INFO - was_pressed für A-Taste: input_state=False, prev_input_state=False
2025-04-03 20:13:18 - game.core.input_handler - INFO - was_pressed für A-Taste: input_state=False, prev_input_state=False
2025-04-03 20:13:18 - game.core.input_handler - INFO - was_pressed für A-Taste: input_state=False, prev_input_state=False
2025-04-03 20:13:18 - game.core.input_handler - INFO - was_pressed für A-Taste: input_state=False, prev_input_state=False
2025-04-03 20:13:18 - game.core.input_handler - INFO - was_pressed für A-Taste: input_state=False, prev_input_state=False
2025-04-03 20:13:18 - game.core.input_handler - INFO - was_pressed für A-Taste: input_state=False, prev_input_state=False
2025-04-03 20:13:18 - game.core.input_handler - INFO - was_pressed für A-Taste: input_state=False, prev_input_state=False
2025-04-03 20:13:18 - game.core.input_handler - INFO - was_pressed für A-Taste: input_state=False, prev_input_state=False
2025-04-03 20:13:18 - game.core.input_handler - INFO - was_pressed für A-Taste: input_state=False, prev_input_state=False
2025-04-03 20:13:18 - game.core.input_handler - INFO - was_pressed für A-Taste: input_state=False, prev_input_state=False
2025-04-03 20:13:18 - game.core.input_handler - INFO - was_pressed für A-Taste: input_state=False, prev_input_state=False
2025-04-03 20:13:18 - game.core.input_handler - INFO - was_pressed für A-Taste: input_state=False, prev_input_state=False
2025-04-03 20:13:18 - game.core.input_handler - INFO - was_pressed für A-Taste: input_state=False, prev_input_state=False
2025-04-03 20:13:18 - game.core.input_handler - INFO - was_pressed für A-Taste: input_state=False, prev_input_state=False
2025-04-03 20:13:18 - game.core.input_handler - INFO - was_pressed für A-Taste: input_state=False, prev_input_state=False
2025-04-03 20:13:18 - game.core.input_handler - INFO - was_pressed für A-Taste: input_state=False, prev_input_state=False
2025-04-03 20:13:18 - game.core.input_handler - INFO - was_pressed für A-Taste: input_state=False, prev_input_state=False
2025-04-03 20:13:18 - game.core.input_handler - INFO - was_pressed für A-Taste: input_state=False, prev_input_state=False
2025-04-03 20:13:18 - game.core.input_handler - INFO - was_pressed für A-Taste: input_state=False, prev_input_state=False
2025-04-03 20:13:18 - game.core.input_handler - INFO - was_pressed für A-Taste: input_state=False, prev_input_state=False
2025-04-03 20:13:18 - game.core.input_handler - INFO - was_pressed für A-Taste: input_state=False, prev_input_state=False
2025-04-03 20:13:18 - game.core.input_handler - INFO - was_pressed für A-Taste: input_state=False, prev_input_state=False
2025-04-03 20:13:18 - game.core.input_handler - INFO - was_pressed für A-Taste: input_state=False, prev_input_state=False
2025-04-03 20:13:18 - game.core.input_handler - INFO - was_pressed für A-Taste: input_state=False, prev_input_state=False
2025-04-03 20:13:18 - game.core.input_handler - INFO - was_pressed für A-Taste: input_state=False, prev_input_state=False
2025-04-03 20:13:18 - game.core.input_handler - INFO - was_pressed für A-Taste: input_state=False, prev_input_state=False
2025-04-03 20:13:18 - game.core.input_handler - INFO - was_pressed für A-Taste: input_state=False, prev_input_state=False
2025-04-03 20:13:18 - game.core.input_handler - INFO - was_pressed für A-Taste: input_state=False, prev_input_state=False
2025-04-03 20:13:18 - game.core.input_handler - INFO - was_pressed für A-Taste: input_state=False, prev_input_state=False
2025-04-03 20:13:18 - game.core.input_handler - INFO - was_pressed für A-Taste: input_state=False, prev_input_state=False
2025-04-03 20:13:18 - game.core.input_handler - INFO - was_pressed für A-Taste: input_state=False, prev_input_state=False
2025-04-03 20:13:18 - game.core.input_handler - INFO - was_pressed für A-Taste: input_state=False, prev_input_state=False
2025-04-03 20:13:18 - game.core.input_handler - INFO - was_pressed für A-Taste: input_state=False, prev_input_state=False
2025-04-03 20:13:18 - game.core.input_handler - INFO - was_pressed für A-Taste: input_state=False, prev_input_state=False
2025-04-03 20:13:18 - game.core.input_handler - INFO - was_pressed für A-Taste: input_state=False, prev_input_state=False
2025-04-03 20:13:18 - game.core.input_handler - INFO - was_pressed für A-Taste: input_state=False, prev_input_state=False
2025-04-03 20:13:18 - game.core.input_handler - INFO - was_pressed für A-Taste: input_state=False, prev_input_state=False
2025-04-03 20:13:18 - game.core.input_handler - INFO - was_pressed für A-Taste: input_state=False, prev_input_state=False
2025-04-03 20:13:19 - game.core.input_handler - INFO - was_pressed für A-Taste: input_state=False, prev_input_state=False
2025-04-03 20:13:19 - game.core.input_handler - INFO - was_pressed für A-Taste: input_state=False, prev_input_state=False
2025-04-03 20:13:19 - game.core.input_handler - INFO - was_pressed für A-Taste: input_state=False, prev_input_state=False
2025-04-03 20:13:19 - game.core.input_handler - INFO - was_pressed für A-Taste: input_state=False, prev_input_state=False
2025-04-03 20:13:19 - game.core.input_handler - INFO - was_pressed für A-Taste: input_state=False, prev_input_state=False
2025-04-03 20:13:19 - game.core.input_handler - INFO - was_pressed für A-Taste: input_state=False, prev_input_state=False
2025-04-03 20:13:19 - game.core.input_handler - INFO - was_pressed für A-Taste: input_state=False, prev_input_state=False
2025-04-03 20:13:19 - game.core.input_handler - INFO - was_pressed für A-Taste: input_state=False, prev_input_state=False
2025-04-03 20:13:19 - game.core.input_handler - INFO - was_pressed für A-Taste: input_state=False, prev_input_state=False
2025-04-03 20:13:19 - game.core.input_handler - INFO - was_pressed für A-Taste: input_state=False, prev_input_state=False
2025-04-03 20:13:19 - game.core.input_handler - INFO - was_pressed für A-Taste: input_state=False, prev_input_state=False
2025-04-03 20:13:19 - game.core.input_handler - INFO - was_pressed für A-Taste: input_state=False, prev_input_state=False
2025-04-03 20:13:19 - game.core.input_handler - INFO - was_pressed für A-Taste: input_state=False, prev_input_state=False
2025-04-03 20:13:19 - game.core.input_handler - INFO - was_pressed für A-Taste: input_state=False, prev_input_state=False
2025-04-03 20:13:19 - game.core.input_handler - INFO - was_pressed für A-Taste: input_state=False, prev_input_state=False
2025-04-03 20:13:19 - game.core.input_handler - INFO - was_pressed für A-Taste: input_state=False, prev_input_state=False
2025-04-03 20:13:19 - game.core.input_handler - INFO - was_pressed für A-Taste: input_state=False, prev_input_state=False
2025-04-03 20:13:19 - game.core.input_handler - INFO - was_pressed für A-Taste: input_state=False, prev_input_state=False
2025-04-03 20:13:19 - game.core.input_handler - INFO - was_pressed für A-Taste: input_state=False, prev_input_state=False
2025-04-03 20:13:19 - game.core.input_handler - INFO - was_pressed für A-Taste: input_state=False, prev_input_state=False
2025-04-03 20:13:19 - game.core.input_handler - INFO - was_pressed für A-Taste: input_state=False, prev_input_state=False
2025-04-03 20:13:19 - game.core.input_handler - INFO - was_pressed für A-Taste: input_state=False, prev_input_state=False
2025-04-03 20:13:19 - game.core.input_handler - INFO - was_pressed für A-Taste: input_state=False, prev_input_state=False
2025-04-03 20:13:19 - game.core.input_handler - INFO - was_pressed für A-Taste: input_state=False, prev_input_state=False
2025-04-03 20:13:19 - game.core.input_handler - INFO - was_pressed für A-Taste: input_state=False, prev_input_state=False
2025-04-03 20:13:19 - game.core.input_handler - INFO - was_pressed für A-Taste: input_state=False, prev_input_state=False
2025-04-03 20:13:19 - game.core.input_handler - INFO - was_pressed für A-Taste: input_state=False, prev_input_state=False
2025-04-03 20:13:19 - game.core.input_handler - INFO - was_pressed für A-Taste: input_state=False, prev_input_state=False
2025-04-03 20:13:19 - game.core.input_handler - INFO - was_pressed für A-Taste: input_state=False, prev_input_state=False
2025-04-03 20:13:19 - game.core.input_handler - INFO - was_pressed für A-Taste: input_state=False, prev_input_state=False
2025-04-03 20:13:19 - game.core.input_handler - INFO - was_pressed für A-Taste: input_state=False, prev_input_state=False
2025-04-03 20:13:19 - game.core.input_handler - INFO - was_pressed für A-Taste: input_state=False, prev_input_state=False
2025-04-03 20:13:19 - game.core.input_handler - INFO - was_pressed für A-Taste: input_state=False, prev_input_state=False
2025-04-03 20:13:19 - game.core.input_handler - INFO - was_pressed für A-Taste: input_state=False, prev_input_state=False
2025-04-03 20:13:19 - game.core.input_handler - INFO - was_pressed für A-Taste: input_state=False, prev_input_state=False
2025-04-03 20:13:19 - game.core.input_handler - INFO - was_pressed für A-Taste: input_state=False, prev_input_state=False
2025-04-03 20:13:19 - game.core.input_handler - INFO - was_pressed für A-Taste: input_state=False, prev_input_state=False
2025-04-03 20:13:19 - game.core.input_handler - INFO - was_pressed für A-Taste: input_state=False, prev_input_state=False
2025-04-03 20:13:19 - game.core.input_handler - INFO - was_pressed für A-Taste: input_state=False, prev_input_state=False
2025-04-03 20:13:19 - game.core.input_handler - INFO - was_pressed für A-Taste: input_state=False, prev_input_state=False
2025-04-03 20:13:19 - game.core.input_handler - INFO - was_pressed für A-Taste: input_state=False, prev_input_state=False
2025-04-03 20:13:19 - game.core.input_handler - INFO - was_pressed für A-Taste: input_state=False, prev_input_state=False
2025-04-03 20:13:19 - game.core.input_handler - INFO - was_pressed für A-Taste: input_state=False, prev_input_state=False
2025-04-03 20:13:19 - game.core.input_handler - INFO - was_pressed für A-Taste: input_state=False, prev_input_state=False
2025-04-03 20:13:19 - game.core.input_handler - INFO - was_pressed für A-Taste: input_state=False, prev_input_state=False
2025-04-03 20:13:19 - game.core.input_handler - INFO - was_pressed für A-Taste: input_state=False, prev_input_state=False
2025-04-03 20:13:19 - game.core.input_handler - INFO - was_pressed für A-Taste: input_state=False, prev_input_state=False
2025-04-03 20:13:19 - game.core.input_handler - INFO - was_pressed für A-Taste: input_state=False, prev_input_state=False
2025-04-03 20:13:19 - game.core.input_handler - INFO - was_pressed für A-Taste: input_state=False, prev_input_state=False
2025-04-03 20:13:19 - game.core.input_handler - INFO - was_pressed für A-Taste: input_state=False, prev_input_state=False
2025-04-03 20:13:19 - game.core.input_handler - INFO - was_pressed für A-Taste: input_state=False, prev_input_state=False
2025-04-03 20:13:19 - game.core.input_handler - INFO - was_pressed für A-Taste: input_state=False, prev_input_state=False
2025-04-03 20:13:19 - game.core.input_handler - INFO - was_pressed für A-Taste: input_state=False, prev_input_state=False
2025-04-03 20:13:19 - game.core.input_handler - INFO - was_pressed für A-Taste: input_state=False, prev_input_state=False
2025-04-03 20:13:19 - game.core.input_handler - INFO - was_pressed für A-Taste: input_state=False, prev_input_state=False
2025-04-03 20:13:19 - game.core.input_handler - INFO - was_pressed für A-Taste: input_state=False, prev_input_state=False
2025-04-03 20:13:19 - game.core.input_handler - INFO - was_pressed für A-Taste: input_state=False, prev_input_state=False
2025-04-03 20:13:19 - game.core.input_handler - INFO - was_pressed für A-Taste: input_state=False, prev_input_state=False
2025-04-03 20:13:19 - game.core.input_handler - INFO - was_pressed für A-Taste: input_state=False, prev_input_state=False
2025-04-03 20:13:19 - game.core.input_handler - INFO - was_pressed für A-Taste: input_state=False, prev_input_state=False
2025-04-03 20:13:19 - game.core.input_handler - INFO - was_pressed für A-Taste: input_state=False, prev_input_state=False
2025-04-03 20:13:19 - game.core.input_handler - INFO - was_pressed für A-Taste: input_state=False, prev_input_state=False
2025-04-03 20:13:20 - game.core.input_handler - INFO - was_pressed für A-Taste: input_state=False, prev_input_state=False
2025-04-03 20:13:20 - game.core.input_handler - INFO - was_pressed für A-Taste: input_state=False, prev_input_state=False
2025-04-03 20:13:20 - game.core.input_handler - INFO - was_pressed für A-Taste: input_state=False, prev_input_state=False
2025-04-03 20:13:20 - game.core.input_handler - INFO - was_pressed für A-Taste: input_state=False, prev_input_state=False
2025-04-03 20:13:20 - game.core.input_handler - INFO - was_pressed für A-Taste: input_state=False, prev_input_state=False
2025-04-03 20:13:20 - game.core.input_handler - INFO - was_pressed für A-Taste: input_state=False, prev_input_state=False
2025-04-03 20:13:20 - game.core.input_handler - INFO - was_pressed für A-Taste: input_state=False, prev_input_state=False
2025-04-03 20:13:20 - game.core.input_handler - INFO - was_pressed für A-Taste: input_state=False, prev_input_state=False
2025-04-03 20:13:20 - game.core.input_handler - INFO - was_pressed für A-Taste: input_state=False, prev_input_state=False
2025-04-03 20:13:20 - game.core.input_handler - INFO - was_pressed für A-Taste: input_state=False, prev_input_state=False
2025-04-03 20:13:20 - game.core.input_handler - INFO - was_pressed für A-Taste: input_state=False, prev_input_state=False
2025-04-03 20:13:20 - game.core.input_handler - INFO - was_pressed für A-Taste: input_state=False, prev_input_state=False
2025-04-03 20:13:20 - game.core.input_handler - INFO - was_pressed für A-Taste: input_state=False, prev_input_state=False
2025-04-03 20:13:20 - game.core.input_handler - INFO - was_pressed für A-Taste: input_state=False, prev_input_state=False
2025-04-03 20:13:20 - game.core.input_handler - INFO - was_pressed für A-Taste: input_state=False, prev_input_state=False
2025-04-03 20:13:20 - game.core.input_handler - INFO - was_pressed für A-Taste: input_state=False, prev_input_state=False
2025-04-03 20:13:20 - game.core.input_handler - INFO - was_pressed für A-Taste: input_state=False, prev_input_state=False
2025-04-03 20:13:20 - game.core.input_handler - INFO - was_pressed für A-Taste: input_state=False, prev_input_state=False
2025-04-03 20:13:20 - game.core.input_handler - INFO - was_pressed für A-Taste: input_state=False, prev_input_state=False
2025-04-03 20:13:20 - game.core.input_handler - INFO - was_pressed für A-Taste: input_state=False, prev_input_state=False
2025-04-03 20:13:20 - game.core.input_handler - INFO - was_pressed für A-Taste: input_state=False, prev_input_state=False
2025-04-03 20:13:20 - game.core.input_handler - INFO - was_pressed für A-Taste: input_state=False, prev_input_state=False
2025-04-03 20:13:20 - game.core.input_handler - INFO - was_pressed für A-Taste: input_state=False, prev_input_state=False
2025-04-03 20:13:20 - game.core.input_handler - INFO - was_pressed für A-Taste: input_state=False, prev_input_state=False
2025-04-03 20:13:20 - game.core.input_handler - INFO - was_pressed für A-Taste: input_state=False, prev_input_state=False
2025-04-03 20:13:20 - game.core.input_handler - INFO - was_pressed für A-Taste: input_state=False, prev_input_state=False
2025-04-03 20:13:20 - game.core.input_handler - INFO - was_pressed für A-Taste: input_state=False, prev_input_state=False
2025-04-03 20:13:20 - game.core.input_handler - INFO - was_pressed für A-Taste: input_state=False, prev_input_state=False
2025-04-03 20:13:20 - game.core.input_handler - INFO - was_pressed für A-Taste: input_state=False, prev_input_state=False
2025-04-03 20:13:20 - game.core.input_handler - INFO - was_pressed für A-Taste: input_state=False, prev_input_state=False
2025-04-03 20:13:20 - game.core.input_handler - INFO - was_pressed für A-Taste: input_state=False, prev_input_state=False
2025-04-03 20:13:20 - game.core.input_handler - INFO - was_pressed für A-Taste: input_state=False, prev_input_state=False
2025-04-03 20:13:20 - game.core.input_handler - INFO - was_pressed für A-Taste: input_state=False, prev_input_state=False
2025-04-03 20:13:20 - game.core.input_handler - INFO - was_pressed für A-Taste: input_state=False, prev_input_state=False
2025-04-03 20:13:20 - game.core.input_handler - INFO - was_pressed für A-Taste: input_state=False, prev_input_state=False
2025-04-03 20:13:20 - game.core.input_handler - INFO - was_pressed für A-Taste: input_state=False, prev_input_state=False
2025-04-03 20:13:20 - game.core.input_handler - INFO - was_pressed für A-Taste: input_state=False, prev_input_state=False
2025-04-03 20:13:20 - game.core.input_handler - INFO - was_pressed für A-Taste: input_state=False, prev_input_state=False
2025-04-03 20:13:20 - game.core.input_handler - INFO - was_pressed für A-Taste: input_state=False, prev_input_state=False
2025-04-03 20:13:20 - game.core.input_handler - INFO - was_pressed für A-Taste: input_state=False, prev_input_state=False
2025-04-03 20:13:20 - game.core.input_handler - INFO - was_pressed für A-Taste: input_state=False, prev_input_state=False
2025-04-03 20:13:20 - game.core.input_handler - INFO - was_pressed für A-Taste: input_state=False, prev_input_state=False
2025-04-03 20:13:20 - game.core.input_handler - INFO - was_pressed für A-Taste: input_state=False, prev_input_state=False
2025-04-03 20:13:20 - game.core.input_handler - INFO - was_pressed für A-Taste: input_state=False, prev_input_state=False
2025-04-03 20:13:20 - game.core.input_handler - INFO - was_pressed für A-Taste: input_state=False, prev_input_state=False
2025-04-03 20:13:20 - game.core.input_handler - INFO - was_pressed für A-Taste: input_state=False, prev_input_state=False
2025-04-03 20:13:20 - game.core.input_handler - INFO - was_pressed für A-Taste: input_state=False, prev_input_state=False
2025-04-03 20:13:20 - game.core.input_handler - INFO - was_pressed für A-Taste: input_state=False, prev_input_state=False
2025-04-03 20:13:20 - game.core.input_handler - INFO - was_pressed für A-Taste: input_state=False, prev_input_state=False
2025-04-03 20:13:20 - game.core.input_handler - INFO - was_pressed für A-Taste: input_state=False, prev_input_state=False
2025-04-03 20:13:20 - game.core.input_handler - INFO - was_pressed für A-Taste: input_state=False, prev_input_state=False
2025-04-03 20:13:20 - game.core.input_handler - INFO - was_pressed für A-Taste: input_state=False, prev_input_state=False
2025-04-03 20:13:20 - game.core.input_handler - INFO - was_pressed für A-Taste: input_state=False, prev_input_state=False
2025-04-03 20:13:20 - game.core.input_handler - INFO - was_pressed für A-Taste: input_state=False, prev_input_state=False
2025-04-03 20:13:20 - game.core.input_handler - INFO - was_pressed für A-Taste: input_state=False, prev_input_state=False
2025-04-03 20:13:20 - game.core.input_handler - INFO - was_pressed für A-Taste: input_state=False, prev_input_state=False
2025-04-03 20:13:20 - game.core.input_handler - INFO - was_pressed für A-Taste: input_state=False, prev_input_state=False
2025-04-03 20:13:20 - game.core.input_handler - INFO - was_pressed für A-Taste: input_state=False, prev_input_state=False
2025-04-03 20:13:20 - game.core.input_handler - INFO - was_pressed für A-Taste: input_state=False, prev_input_state=False
2025-04-03 20:13:20 - game.core.input_handler - INFO - was_pressed für A-Taste: input_state=False, prev_input_state=False
2025-04-03 20:13:21 - game.core.input_handler - INFO - was_pressed für A-Taste: input_state=False, prev_input_state=False
2025-04-03 20:13:21 - game.core.input_handler - INFO - was_pressed für A-Taste: input_state=False, prev_input_state=False
2025-04-03 20:13:21 - game.core.input_handler - INFO - was_pressed für A-Taste: input_state=False, prev_input_state=False
2025-04-03 20:13:21 - game.core.input_handler - INFO - was_pressed für A-Taste: input_state=False, prev_input_state=False
2025-04-03 20:13:21 - game.core.input_handler - INFO - was_pressed für A-Taste: input_state=False, prev_input_state=False
2025-04-03 20:13:21 - game.core.input_handler - INFO - was_pressed für A-Taste: input_state=False, prev_input_state=False
2025-04-03 20:13:21 - game.core.input_handler - INFO - was_pressed für A-Taste: input_state=False, prev_input_state=False
2025-04-03 20:13:21 - game.core.input_handler - INFO - was_pressed für A-Taste: input_state=False, prev_input_state=False
2025-04-03 20:13:21 - game.core.input_handler - INFO - was_pressed für A-Taste: input_state=False, prev_input_state=False
2025-04-03 20:13:21 - game.core.input_handler - INFO - was_pressed für A-Taste: input_state=False, prev_input_state=False
2025-04-03 20:13:21 - game.core.input_handler - INFO - was_pressed für A-Taste: input_state=False, prev_input_state=False
2025-04-03 20:13:21 - game.core.input_handler - INFO - was_pressed für A-Taste: input_state=False, prev_input_state=False
2025-04-03 20:13:21 - game.core.input_handler - INFO - was_pressed für A-Taste: input_state=False, prev_input_state=False
2025-04-03 20:13:21 - game.core.input_handler - INFO - was_pressed für A-Taste: input_state=False, prev_input_state=False
2025-04-03 20:13:21 - game.core.input_handler - INFO - was_pressed für A-Taste: input_state=False, prev_input_state=False
2025-04-03 20:13:21 - game.core.input_handler - INFO - was_pressed für A-Taste: input_state=False, prev_input_state=False
2025-04-03 20:13:21 - game.core.input_handler - INFO - was_pressed für A-Taste: input_state=False, prev_input_state=False
2025-04-03 20:13:21 - game.core.input_handler - INFO - was_pressed für A-Taste: input_state=False, prev_input_state=False
2025-04-03 20:13:21 - game.core.input_handler - INFO - was_pressed für A-Taste: input_state=False, prev_input_state=False
2025-04-03 20:13:21 - game.core.input_handler - INFO - was_pressed für A-Taste: input_state=False, prev_input_state=False
2025-04-03 20:13:21 - game.core.input_handler - INFO - was_pressed für A-Taste: input_state=False, prev_input_state=False
2025-04-03 20:13:21 - game.core.input_handler - INFO - was_pressed für A-Taste: input_state=False, prev_input_state=False
2025-04-03 20:13:21 - game.core.input_handler - INFO - was_pressed für A-Taste: input_state=False, prev_input_state=False
2025-04-03 20:13:21 - game.core.input_handler - INFO - was_pressed für A-Taste: input_state=False, prev_input_state=False
2025-04-03 20:13:21 - game.core.input_handler - INFO - was_pressed für A-Taste: input_state=False, prev_input_state=False
2025-04-03 20:13:21 - game.core.input_handler - INFO - was_pressed für A-Taste: input_state=False, prev_input_state=False
2025-04-03 20:13:21 - game.core.input_handler - INFO - was_pressed für A-Taste: input_state=False, prev_input_state=False
2025-04-03 20:13:21 - game.core.input_handler - INFO - was_pressed für A-Taste: input_state=False, prev_input_state=False
2025-04-03 20:13:21 - game.core.input_handler - INFO - was_pressed für A-Taste: input_state=False, prev_input_state=False
2025-04-03 20:13:21 - game.core.input_handler - INFO - was_pressed für A-Taste: input_state=False, prev_input_state=False
2025-04-03 20:13:21 - game.core.input_handler - INFO - was_pressed für A-Taste: input_state=False, prev_input_state=False
2025-04-03 20:13:21 - game.core.input_handler - INFO - was_pressed für A-Taste: input_state=False, prev_input_state=False
2025-04-03 20:13:21 - game.core.input_handler - INFO - was_pressed für A-Taste: input_state=False, prev_input_state=False
2025-04-03 20:13:21 - game.core.input_handler - INFO - was_pressed für A-Taste: input_state=False, prev_input_state=False
2025-04-03 20:13:21 - game.core.input_handler - INFO - was_pressed für A-Taste: input_state=False, prev_input_state=False
2025-04-03 20:13:21 - game.core.input_handler - INFO - was_pressed für A-Taste: input_state=False, prev_input_state=False
2025-04-03 20:13:21 - game.core.input_handler - INFO - was_pressed für A-Taste: input_state=False, prev_input_state=False
2025-04-03 20:13:21 - game.core.input_handler - INFO - was_pressed für A-Taste: input_state=False, prev_input_state=False
2025-04-03 20:13:21 - game.core.input_handler - INFO - was_pressed für A-Taste: input_state=False, prev_input_state=False
2025-04-03 20:13:21 - game.core.input_handler - INFO - was_pressed für A-Taste: input_state=False, prev_input_state=False
2025-04-03 20:13:21 - game.core.input_handler - INFO - was_pressed für A-Taste: input_state=False, prev_input_state=False
2025-04-03 20:13:21 - game.core.input_handler - INFO - was_pressed für A-Taste: input_state=False, prev_input_state=False
2025-04-03 20:13:21 - game.core.input_handler - INFO - was_pressed für A-Taste: input_state=False, prev_input_state=False
2025-04-03 20:13:21 - game.core.input_handler - INFO - was_pressed für A-Taste: input_state=False, prev_input_state=False
2025-04-03 20:13:21 - game.core.input_handler - INFO - was_pressed für A-Taste: input_state=False, prev_input_state=False
2025-04-03 20:13:21 - game.core.input_handler - INFO - was_pressed für A-Taste: input_state=False, prev_input_state=False
2025-04-03 20:13:21 - game.core.input_handler - INFO - was_pressed für A-Taste: input_state=False, prev_input_state=False
2025-04-03 20:13:21 - game.core.input_handler - INFO - was_pressed für A-Taste: input_state=False, prev_input_state=False
2025-04-03 20:13:21 - game.core.input_handler - INFO - was_pressed für A-Taste: input_state=False, prev_input_state=False
2025-04-03 20:13:21 - game.core.input_handler - INFO - was_pressed für A-Taste: input_state=False, prev_input_state=False
2025-04-03 20:13:21 - game.core.input_handler - INFO - was_pressed für A-Taste: input_state=False, prev_input_state=False
2025-04-03 20:13:21 - game.core.input_handler - INFO - was_pressed für A-Taste: input_state=False, prev_input_state=False
2025-04-03 20:13:21 - game.core.input_handler - INFO - was_pressed für A-Taste: input_state=False, prev_input_state=False
2025-04-03 20:13:21 - game.core.input_handler - INFO - was_pressed für A-Taste: input_state=False, prev_input_state=False
2025-04-03 20:13:21 - game.core.input_handler - INFO - was_pressed für A-Taste: input_state=False, prev_input_state=False
2025-04-03 20:13:21 - game.core.input_handler - INFO - was_pressed für A-Taste: input_state=False, prev_input_state=False
2025-04-03 20:13:21 - game.core.input_handler - INFO - was_pressed für A-Taste: input_state=False, prev_input_state=False
2025-04-03 20:13:21 - game.core.input_handler - INFO - was_pressed für A-Taste: input_state=False, prev_input_state=False
2025-04-03 20:13:21 - game.core.input_handler - INFO - was_pressed für A-Taste: input_state=False, prev_input_state=False
2025-04-03 20:13:21 - game.core.input_handler - INFO - was_pressed für A-Taste: input_state=False, prev_input_state=False
2025-04-03 20:13:21 - game.core.input_handler - INFO - was_pressed für A-Taste: input_state=False, prev_input_state=False
2025-04-03 20:13:21 - game.core.input_handler - INFO - was_pressed für A-Taste: input_state=False, prev_input_state=False
2025-04-03 20:13:22 - game.core.input_handler - INFO - was_pressed für A-Taste: input_state=False, prev_input_state=False
2025-04-03 20:13:22 - game.core.input_handler - INFO - was_pressed für A-Taste: input_state=False, prev_input_state=False
2025-04-03 20:13:22 - game.core.input_handler - INFO - was_pressed für A-Taste: input_state=False, prev_input_state=False
2025-04-03 20:13:22 - game.core.input_handler - INFO - was_pressed für A-Taste: input_state=False, prev_input_state=False
2025-04-03 20:13:22 - game.core.input_handler - INFO - was_pressed für A-Taste: input_state=False, prev_input_state=False
2025-04-03 20:13:22 - game.core.input_handler - INFO - was_pressed für A-Taste: input_state=False, prev_input_state=False
2025-04-03 20:13:22 - game.core.input_handler - INFO - was_pressed für A-Taste: input_state=False, prev_input_state=False
2025-04-03 20:13:22 - game.core.input_handler - INFO - was_pressed für A-Taste: input_state=False, prev_input_state=False
2025-04-03 20:13:22 - game.core.input_handler - INFO - was_pressed für A-Taste: input_state=False, prev_input_state=False
2025-04-03 20:13:22 - game.core.input_handler - INFO - was_pressed für A-Taste: input_state=False, prev_input_state=False
2025-04-03 20:13:22 - game.core.input_handler - INFO - was_pressed für A-Taste: input_state=False, prev_input_state=False
2025-04-03 20:13:22 - game.core.input_handler - INFO - was_pressed für A-Taste: input_state=False, prev_input_state=False
2025-04-03 20:13:22 - game.core.input_handler - INFO - was_pressed für A-Taste: input_state=False, prev_input_state=False
2025-04-03 20:13:22 - game.core.input_handler - INFO - was_pressed für A-Taste: input_state=False, prev_input_state=False
2025-04-03 20:13:22 - game.core.input_handler - INFO - was_pressed für A-Taste: input_state=False, prev_input_state=False
2025-04-03 20:13:22 - game.core.input_handler - INFO - was_pressed für A-Taste: input_state=False, prev_input_state=False
2025-04-03 20:13:22 - game.core.input_handler - INFO - was_pressed für A-Taste: input_state=False, prev_input_state=False
2025-04-03 20:13:22 - game.core.input_handler - INFO - was_pressed für A-Taste: input_state=False, prev_input_state=False
2025-04-03 20:13:22 - game.core.input_handler - INFO - was_pressed für A-Taste: input_state=False, prev_input_state=False
2025-04-03 20:13:22 - game.core.input_handler - INFO - was_pressed für A-Taste: input_state=False, prev_input_state=False
2025-04-03 20:13:22 - game.core.input_handler - INFO - was_pressed für A-Taste: input_state=False, prev_input_state=False
2025-04-03 20:13:22 - game.core.input_handler - INFO - was_pressed für A-Taste: input_state=False, prev_input_state=False
2025-04-03 20:13:22 - game.core.input_handler - INFO - was_pressed für A-Taste: input_state=False, prev_input_state=False
2025-04-03 20:13:22 - game.core.input_handler - INFO - was_pressed für A-Taste: input_state=False, prev_input_state=False
2025-04-03 20:13:22 - game.core.input_handler - INFO - was_pressed für A-Taste: input_state=False, prev_input_state=False
2025-04-03 20:13:22 - game.core.input_handler - INFO - was_pressed für A-Taste: input_state=False, prev_input_state=False
2025-04-03 20:13:22 - game.core.input_handler - INFO - was_pressed für A-Taste: input_state=False, prev_input_state=False
2025-04-03 20:13:22 - game.core.input_handler - INFO - was_pressed für A-Taste: input_state=False, prev_input_state=False
2025-04-03 20:13:22 - game.core.input_handler - INFO - was_pressed für A-Taste: input_state=False, prev_input_state=False
2025-04-03 20:13:22 - game.core.input_handler - INFO - was_pressed für A-Taste: input_state=False, prev_input_state=False
2025-04-03 20:13:22 - game.core.input_handler - INFO - was_pressed für A-Taste: input_state=False, prev_input_state=False
2025-04-03 20:13:22 - game.core.input_handler - INFO - was_pressed für A-Taste: input_state=False, prev_input_state=False
2025-04-03 20:13:22 - game.core.input_handler - INFO - was_pressed für A-Taste: input_state=False, prev_input_state=False
2025-04-03 20:13:22 - game.core.input_handler - INFO - was_pressed für A-Taste: input_state=False, prev_input_state=False
2025-04-03 20:13:22 - game.core.input_handler - INFO - was_pressed für A-Taste: input_state=False, prev_input_state=False
2025-04-03 20:13:22 - game.core.input_handler - INFO - was_pressed für A-Taste: input_state=False, prev_input_state=False
2025-04-03 20:13:22 - game.core.input_handler - INFO - was_pressed für A-Taste: input_state=False, prev_input_state=False
2025-04-03 20:13:22 - game.core.input_handler - INFO - was_pressed für A-Taste: input_state=False, prev_input_state=False
2025-04-03 20:13:22 - game.core.input_handler - INFO - was_pressed für A-Taste: input_state=False, prev_input_state=False
2025-04-03 20:13:22 - game.core.input_handler - INFO - was_pressed für A-Taste: input_state=False, prev_input_state=False
2025-04-03 20:13:22 - game.core.input_handler - INFO - was_pressed für A-Taste: input_state=False, prev_input_state=False
2025-04-03 20:13:22 - game.core.input_handler - INFO - was_pressed für A-Taste: input_state=False, prev_input_state=False
2025-04-03 20:13:22 - game.core.input_handler - INFO - was_pressed für A-Taste: input_state=False, prev_input_state=False
2025-04-03 20:13:22 - game.core.input_handler - INFO - was_pressed für A-Taste: input_state=False, prev_input_state=False
2025-04-03 20:13:22 - game.core.input_handler - INFO - was_pressed für A-Taste: input_state=False, prev_input_state=False
2025-04-03 20:13:22 - game.core.input_handler - INFO - was_pressed für A-Taste: input_state=False, prev_input_state=False
2025-04-03 20:13:22 - game.core.input_handler - INFO - was_pressed für A-Taste: input_state=False, prev_input_state=False
2025-04-03 20:13:22 - game.core.input_handler - INFO - was_pressed für A-Taste: input_state=False, prev_input_state=False
2025-04-03 20:13:22 - game.core.input_handler - INFO - was_pressed für A-Taste: input_state=False, prev_input_state=False
2025-04-03 20:13:22 - game.core.input_handler - INFO - was_pressed für A-Taste: input_state=False, prev_input_state=False
2025-04-03 20:13:22 - game.core.input_handler - INFO - was_pressed für A-Taste: input_state=False, prev_input_state=False
2025-04-03 20:13:22 - game.core.input_handler - INFO - was_pressed für A-Taste: input_state=False, prev_input_state=False
2025-04-03 20:13:22 - game.core.input_handler - INFO - was_pressed für A-Taste: input_state=False, prev_input_state=False
2025-04-03 20:13:22 - game.core.input_handler - INFO - was_pressed für A-Taste: input_state=False, prev_input_state=False
2025-04-03 20:13:22 - game.core.input_handler - INFO - was_pressed für A-Taste: input_state=False, prev_input_state=False
2025-04-03 20:13:22 - game.core.input_handler - INFO - was_pressed für A-Taste: input_state=False, prev_input_state=False
2025-04-03 20:13:22 - game.core.input_handler - INFO - was_pressed für A-Taste: input_state=False, prev_input_state=False
2025-04-03 20:13:22 - game.core.input_handler - INFO - was_pressed für A-Taste: input_state=False, prev_input_state=False
2025-04-03 20:13:22 - game.core.input_handler - INFO - was_pressed für A-Taste: input_state=False, prev_input_state=False
2025-04-03 20:13:22 - game.core.input_handler - INFO - was_pressed für A-Taste: input_state=False, prev_input_state=False
2025-04-03 20:13:22 - game.core.input_handler - INFO - was_pressed für A-Taste: input_state=False, prev_input_state=False
2025-04-03 20:13:23 - game.core.input_handler - INFO - was_pressed für A-Taste: input_state=False, prev_input_state=False
2025-04-03 20:13:23 - game.core.input_handler - INFO - was_pressed für A-Taste: input_state=False, prev_input_state=False
2025-04-03 20:13:23 - game.core.input_handler - INFO - was_pressed für A-Taste: input_state=False, prev_input_state=False
2025-04-03 20:13:23 - game.core.input_handler - INFO - was_pressed für A-Taste: input_state=False, prev_input_state=False
2025-04-03 20:13:23 - game.core.input_handler - INFO - was_pressed für A-Taste: input_state=False, prev_input_state=False
2025-04-03 20:13:23 - game.core.input_handler - INFO - was_pressed für A-Taste: input_state=False, prev_input_state=False
2025-04-03 20:13:23 - game.core.input_handler - INFO - was_pressed für A-Taste: input_state=False, prev_input_state=False
2025-04-03 20:13:23 - game.core.input_handler - INFO - was_pressed für A-Taste: input_state=False, prev_input_state=False
2025-04-03 20:13:23 - game.core.input_handler - INFO - was_pressed für A-Taste: input_state=False, prev_input_state=False
2025-04-03 20:13:23 - game.core.input_handler - INFO - was_pressed für A-Taste: input_state=False, prev_input_state=False
2025-04-03 20:13:23 - game.core.input_handler - INFO - was_pressed für A-Taste: input_state=False, prev_input_state=False
2025-04-03 20:13:23 - game.core.input_handler - INFO - was_pressed für A-Taste: input_state=False, prev_input_state=False
2025-04-03 20:13:23 - game.core.input_handler - INFO - was_pressed für A-Taste: input_state=False, prev_input_state=False
2025-04-03 20:13:23 - game.core.input_handler - INFO - was_pressed für A-Taste: input_state=False, prev_input_state=False
2025-04-03 20:13:23 - game.core.input_handler - INFO - was_pressed für A-Taste: input_state=False, prev_input_state=False
2025-04-03 20:13:23 - game.core.input_handler - INFO - was_pressed für A-Taste: input_state=False, prev_input_state=False
2025-04-03 20:13:23 - game.core.input_handler - INFO - was_pressed für A-Taste: input_state=False, prev_input_state=False
2025-04-03 20:13:23 - game.core.input_handler - INFO - was_pressed für A-Taste: input_state=False, prev_input_state=False
2025-04-03 20:13:23 - game.core.input_handler - INFO - was_pressed für A-Taste: input_state=False, prev_input_state=False
2025-04-03 20:13:23 - game.core.input_handler - INFO - was_pressed für A-Taste: input_state=False, prev_input_state=False
2025-04-03 20:13:23 - game.core.input_handler - INFO - was_pressed für A-Taste: input_state=False, prev_input_state=False
2025-04-03 20:13:23 - game.core.input_handler - INFO - was_pressed für A-Taste: input_state=False, prev_input_state=False
2025-04-03 20:13:23 - game.core.input_handler - INFO - was_pressed für A-Taste: input_state=False, prev_input_state=False
2025-04-03 20:13:23 - game.core.input_handler - INFO - was_pressed für A-Taste: input_state=False, prev_input_state=False
2025-04-03 20:13:23 - game.core.input_handler - INFO - was_pressed für A-Taste: input_state=False, prev_input_state=False
2025-04-03 20:13:23 - game.core.input_handler - INFO - was_pressed für A-Taste: input_state=False, prev_input_state=False
2025-04-03 20:13:23 - game.core.input_handler - INFO - was_pressed für A-Taste: input_state=False, prev_input_state=False
2025-04-03 20:13:23 - game.core.input_handler - INFO - was_pressed für A-Taste: input_state=False, prev_input_state=False
2025-04-03 20:13:23 - game.core.input_handler - INFO - was_pressed für A-Taste: input_state=False, prev_input_state=False
2025-04-03 20:13:23 - game.core.input_handler - INFO - was_pressed für A-Taste: input_state=False, prev_input_state=False
2025-04-03 20:13:23 - game.core.input_handler - INFO - was_pressed für A-Taste: input_state=False, prev_input_state=False
2025-04-03 20:13:23 - game.core.input_handler - INFO - was_pressed für A-Taste: input_state=False, prev_input_state=False
2025-04-03 20:13:23 - game.core.input_handler - INFO - was_pressed für A-Taste: input_state=False, prev_input_state=False
2025-04-03 20:13:23 - game.core.input_handler - INFO - was_pressed für A-Taste: input_state=False, prev_input_state=False
2025-04-03 20:13:23 - game.core.input_handler - INFO - was_pressed für A-Taste: input_state=False, prev_input_state=False
2025-04-03 20:13:23 - game.core.input_handler - INFO - was_pressed für A-Taste: input_state=False, prev_input_state=False
2025-04-03 20:13:23 - game.core.input_handler - INFO - was_pressed für A-Taste: input_state=False, prev_input_state=False
2025-04-03 20:13:23 - game.core.input_handler - INFO - was_pressed für A-Taste: input_state=False, prev_input_state=False
2025-04-03 20:13:23 - game.core.input_handler - INFO - was_pressed für A-Taste: input_state=False, prev_input_state=False
2025-04-03 20:13:23 - game.core.input_handler - INFO - was_pressed für A-Taste: input_state=False, prev_input_state=False
2025-04-03 20:13:23 - game.core.input_handler - INFO - was_pressed für A-Taste: input_state=False, prev_input_state=False
2025-04-03 20:13:23 - game.core.input_handler - INFO - was_pressed für A-Taste: input_state=False, prev_input_state=False
2025-04-03 20:13:23 - game.core.input_handler - INFO - was_pressed für A-Taste: input_state=False, prev_input_state=False
2025-04-03 20:13:23 - game.core.input_handler - INFO - was_pressed für A-Taste: input_state=False, prev_input_state=False
2025-04-03 20:13:23 - game.core.input_handler - INFO - was_pressed für A-Taste: input_state=False, prev_input_state=False
2025-04-03 20:13:23 - game.core.input_handler - INFO - was_pressed für A-Taste: input_state=False, prev_input_state=False
2025-04-03 20:13:23 - game.core.input_handler - INFO - was_pressed für A-Taste: input_state=False, prev_input_state=False
2025-04-03 20:13:23 - game.core.input_handler - INFO - was_pressed für A-Taste: input_state=False, prev_input_state=False
2025-04-03 20:13:23 - game.core.input_handler - INFO - was_pressed für A-Taste: input_state=False, prev_input_state=False
2025-04-03 20:13:23 - game.core.input_handler - INFO - was_pressed für A-Taste: input_state=False, prev_input_state=False
2025-04-03 20:13:23 - game.core.input_handler - INFO - was_pressed für A-Taste: input_state=False, prev_input_state=False
2025-04-03 20:13:23 - game.core.input_handler - INFO - was_pressed für A-Taste: input_state=False, prev_input_state=False
2025-04-03 20:13:23 - game.core.input_handler - INFO - was_pressed für A-Taste: input_state=False, prev_input_state=False
2025-04-03 20:13:23 - game.core.input_handler - INFO - was_pressed für A-Taste: input_state=False, prev_input_state=False
2025-04-03 20:13:23 - game.core.input_handler - INFO - was_pressed für A-Taste: input_state=False, prev_input_state=False
2025-04-03 20:13:23 - game.core.input_handler - INFO - was_pressed für A-Taste: input_state=False, prev_input_state=False
2025-04-03 20:13:23 - game.core.input_handler - INFO - was_pressed für A-Taste: input_state=False, prev_input_state=False
2025-04-03 20:13:23 - game.core.input_handler - INFO - was_pressed für A-Taste: input_state=False, prev_input_state=False
2025-04-03 20:13:23 - game.core.input_handler - INFO - was_pressed für A-Taste: input_state=False, prev_input_state=False
2025-04-03 20:13:23 - game.core.input_handler - INFO - was_pressed für A-Taste: input_state=False, prev_input_state=False
2025-04-03 20:13:23 - game.core.input_handler - INFO - was_pressed für A-Taste: input_state=False, prev_input_state=False
2025-04-03 20:13:24 - game.core.input_handler - INFO - was_pressed für A-Taste: input_state=False, prev_input_state=False
2025-04-03 20:13:24 - game.core.input_handler - INFO - was_pressed für A-Taste: input_state=False, prev_input_state=False
2025-04-03 20:13:24 - game.core.input_handler - INFO - was_pressed für A-Taste: input_state=False, prev_input_state=False
2025-04-03 20:13:24 - game.core.input_handler - INFO - was_pressed für A-Taste: input_state=False, prev_input_state=False
2025-04-03 20:13:24 - game.core.input_handler - INFO - was_pressed für A-Taste: input_state=False, prev_input_state=False
2025-04-03 20:13:24 - game.core.input_handler - INFO - was_pressed für A-Taste: input_state=False, prev_input_state=False
2025-04-03 20:13:24 - game.core.input_handler - INFO - was_pressed für A-Taste: input_state=False, prev_input_state=False
2025-04-03 20:13:24 - game.core.input_handler - INFO - was_pressed für A-Taste: input_state=False, prev_input_state=False
2025-04-03 20:13:24 - game.core.input_handler - INFO - was_pressed für A-Taste: input_state=False, prev_input_state=False
2025-04-03 20:13:24 - game.core.input_handler - INFO - was_pressed für A-Taste: input_state=False, prev_input_state=False
2025-04-03 20:13:24 - game.core.input_handler - INFO - was_pressed für A-Taste: input_state=False, prev_input_state=False
2025-04-03 20:13:24 - game.core.input_handler - INFO - was_pressed für A-Taste: input_state=False, prev_input_state=False
2025-04-03 20:13:24 - game.core.input_handler - INFO - was_pressed für A-Taste: input_state=False, prev_input_state=False
2025-04-03 20:13:24 - game.core.input_handler - INFO - was_pressed für A-Taste: input_state=False, prev_input_state=False
2025-04-03 20:13:24 - game.core.input_handler - INFO - was_pressed für A-Taste: input_state=False, prev_input_state=False
2025-04-03 20:13:24 - game.core.input_handler - INFO - was_pressed für A-Taste: input_state=False, prev_input_state=False
2025-04-03 20:13:24 - game.core.input_handler - INFO - was_pressed für A-Taste: input_state=False, prev_input_state=False
2025-04-03 20:13:24 - game.core.input_handler - INFO - was_pressed für A-Taste: input_state=False, prev_input_state=False
2025-04-03 20:13:24 - game.core.input_handler - INFO - was_pressed für A-Taste: input_state=False, prev_input_state=False
2025-04-03 20:13:24 - game.core.input_handler - INFO - was_pressed für A-Taste: input_state=False, prev_input_state=False
2025-04-03 20:13:24 - game.core.input_handler - INFO - was_pressed für A-Taste: input_state=False, prev_input_state=False
2025-04-03 20:13:24 - game.core.input_handler - INFO - was_pressed für A-Taste: input_state=False, prev_input_state=False
2025-04-03 20:13:24 - game.core.input_handler - INFO - was_pressed für A-Taste: input_state=False, prev_input_state=False
2025-04-03 20:13:24 - game.core.input_handler - INFO - was_pressed für A-Taste: input_state=False, prev_input_state=False
2025-04-03 20:13:24 - game.core.input_handler - INFO - was_pressed für A-Taste: input_state=False, prev_input_state=False
2025-04-03 20:13:24 - game.core.input_handler - INFO - was_pressed für A-Taste: input_state=False, prev_input_state=False
2025-04-03 20:13:24 - game.core.input_handler - INFO - was_pressed für A-Taste: input_state=False, prev_input_state=False
2025-04-03 20:13:24 - game.core.input_handler - INFO - was_pressed für A-Taste: input_state=False, prev_input_state=False
2025-04-03 20:13:24 - game.core.input_handler - INFO - was_pressed für A-Taste: input_state=False, prev_input_state=False
2025-04-03 20:13:24 - game.core.input_handler - INFO - was_pressed für A-Taste: input_state=False, prev_input_state=False
2025-04-03 20:13:24 - game.core.input_handler - INFO - was_pressed für A-Taste: input_state=False, prev_input_state=False
2025-04-03 20:13:24 - game.core.input_handler - INFO - was_pressed für A-Taste: input_state=False, prev_input_state=False
2025-04-03 20:13:24 - game.core.input_handler - INFO - was_pressed für A-Taste: input_state=False, prev_input_state=False
2025-04-03 20:13:24 - game.core.input_handler - INFO - was_pressed für A-Taste: input_state=False, prev_input_state=False
2025-04-03 20:13:24 - game.core.input_handler - INFO - was_pressed für A-Taste: input_state=False, prev_input_state=False
2025-04-03 20:13:24 - game.core.input_handler - INFO - was_pressed für A-Taste: input_state=False, prev_input_state=False
2025-04-03 20:13:24 - game.core.input_handler - INFO - was_pressed für A-Taste: input_state=False, prev_input_state=False
2025-04-03 20:13:24 - game.core.input_handler - INFO - was_pressed für A-Taste: input_state=False, prev_input_state=False
2025-04-03 20:13:24 - game.core.input_handler - INFO - was_pressed für A-Taste: input_state=False, prev_input_state=False
2025-04-03 20:13:24 - game.core.input_handler - INFO - was_pressed für A-Taste: input_state=False, prev_input_state=False
2025-04-03 20:13:24 - game.core.input_handler - INFO - was_pressed für A-Taste: input_state=False, prev_input_state=False
2025-04-03 20:13:24 - game.core.input_handler - INFO - was_pressed für A-Taste: input_state=False, prev_input_state=False
2025-04-03 20:13:24 - game.core.input_handler - INFO - was_pressed für A-Taste: input_state=False, prev_input_state=False
2025-04-03 20:13:24 - game.core.input_handler - INFO - was_pressed für A-Taste: input_state=False, prev_input_state=False
2025-04-03 20:13:24 - game.core.input_handler - INFO - was_pressed für A-Taste: input_state=False, prev_input_state=False
2025-04-03 20:13:24 - game.core.input_handler - INFO - was_pressed für A-Taste: input_state=False, prev_input_state=False
2025-04-03 20:13:24 - game.core.input_handler - INFO - was_pressed für A-Taste: input_state=False, prev_input_state=False
2025-04-03 20:13:24 - game.core.input_handler - INFO - was_pressed für A-Taste: input_state=False, prev_input_state=False
2025-04-03 20:13:24 - game.core.input_handler - INFO - was_pressed für A-Taste: input_state=False, prev_input_state=False
2025-04-03 20:13:24 - game.core.input_handler - INFO - was_pressed für A-Taste: input_state=False, prev_input_state=False
2025-04-03 20:13:24 - game.core.input_handler - INFO - was_pressed für A-Taste: input_state=False, prev_input_state=False
2025-04-03 20:13:24 - game.core.input_handler - INFO - was_pressed für A-Taste: input_state=False, prev_input_state=False
2025-04-03 20:13:24 - game.core.input_handler - INFO - was_pressed für A-Taste: input_state=False, prev_input_state=False
2025-04-03 20:13:24 - game.core.input_handler - INFO - was_pressed für A-Taste: input_state=False, prev_input_state=False
2025-04-03 20:13:24 - game.core.input_handler - INFO - was_pressed für A-Taste: input_state=False, prev_input_state=False
2025-04-03 20:13:24 - game.core.input_handler - INFO - was_pressed für A-Taste: input_state=False, prev_input_state=False
2025-04-03 20:13:24 - game.core.input_handler - INFO - was_pressed für A-Taste: input_state=False, prev_input_state=False
2025-04-03 20:13:24 - game.core.input_handler - INFO - was_pressed für A-Taste: input_state=False, prev_input_state=False
2025-04-03 20:13:24 - game.core.input_handler - INFO - was_pressed für A-Taste: input_state=False, prev_input_state=False
2025-04-03 20:13:24 - game.core.input_handler - INFO - was_pressed für A-Taste: input_state=False, prev_input_state=False
2025-04-03 20:13:24 - game.core.input_handler - INFO - was_pressed für A-Taste: input_state=False, prev_input_state=False
2025-04-03 20:13:25 - game.core.input_handler - INFO - was_pressed für A-Taste: input_state=False, prev_input_state=False
2025-04-03 20:13:25 - game.core.input_handler - INFO - was_pressed für A-Taste: input_state=False, prev_input_state=False
2025-04-03 20:13:25 - game.core.input_handler - INFO - was_pressed für A-Taste: input_state=False, prev_input_state=False
2025-04-03 20:13:25 - game.core.input_handler - INFO - was_pressed für A-Taste: input_state=False, prev_input_state=False
2025-04-03 20:13:25 - game.core.input_handler - INFO - was_pressed für A-Taste: input_state=False, prev_input_state=False
2025-04-03 20:13:25 - game.core.input_handler - INFO - was_pressed für A-Taste: input_state=False, prev_input_state=False
2025-04-03 20:13:25 - game.core.input_handler - INFO - was_pressed für A-Taste: input_state=False, prev_input_state=False
2025-04-03 20:13:25 - game.core.input_handler - INFO - was_pressed für A-Taste: input_state=False, prev_input_state=False
2025-04-03 20:13:25 - game.core.input_handler - INFO - was_pressed für A-Taste: input_state=False, prev_input_state=False
2025-04-03 20:13:25 - game.core.input_handler - INFO - was_pressed für A-Taste: input_state=False, prev_input_state=False
2025-04-03 20:13:25 - game.core.input_handler - INFO - was_pressed für A-Taste: input_state=False, prev_input_state=False
2025-04-03 20:13:25 - game.core.input_handler - INFO - was_pressed für A-Taste: input_state=False, prev_input_state=False
2025-04-03 20:13:25 - game.core.input_handler - INFO - was_pressed für A-Taste: input_state=False, prev_input_state=False
2025-04-03 20:13:25 - game.core.input_handler - INFO - was_pressed für A-Taste: input_state=False, prev_input_state=False
2025-04-03 20:13:25 - game.core.input_handler - INFO - was_pressed für A-Taste: input_state=False, prev_input_state=False
2025-04-03 20:13:25 - game.core.input_handler - INFO - was_pressed für A-Taste: input_state=False, prev_input_state=False
2025-04-03 20:13:25 - game.core.input_handler - INFO - was_pressed für A-Taste: input_state=False, prev_input_state=False
2025-04-03 20:13:25 - game.core.input_handler - INFO - was_pressed für A-Taste: input_state=False, prev_input_state=False
2025-04-03 20:13:25 - game.core.input_handler - INFO - was_pressed für A-Taste: input_state=False, prev_input_state=False
2025-04-03 20:13:25 - game.core.input_handler - INFO - was_pressed für A-Taste: input_state=False, prev_input_state=False
2025-04-03 20:13:25 - game.core.input_handler - INFO - was_pressed für A-Taste: input_state=False, prev_input_state=False
2025-04-03 20:13:25 - game.core.input_handler - INFO - was_pressed für A-Taste: input_state=False, prev_input_state=False
2025-04-03 20:13:25 - game.core.input_handler - INFO - was_pressed für A-Taste: input_state=False, prev_input_state=False
2025-04-03 20:13:25 - game.core.input_handler - INFO - was_pressed für A-Taste: input_state=False, prev_input_state=False
2025-04-03 20:13:25 - game.core.input_handler - INFO - was_pressed für A-Taste: input_state=False, prev_input_state=False
2025-04-03 20:13:25 - game.core.input_handler - INFO - was_pressed für A-Taste: input_state=False, prev_input_state=False
2025-04-03 20:13:25 - game.core.input_handler - INFO - was_pressed für A-Taste: input_state=False, prev_input_state=False
2025-04-03 20:13:25 - game.core.input_handler - INFO - was_pressed für A-Taste: input_state=False, prev_input_state=False
2025-04-03 20:13:25 - game.core.input_handler - INFO - was_pressed für A-Taste: input_state=False, prev_input_state=False
2025-04-03 20:13:25 - game.core.input_handler - INFO - was_pressed für A-Taste: input_state=False, prev_input_state=False
2025-04-03 20:13:25 - game.core.input_handler - INFO - was_pressed für A-Taste: input_state=False, prev_input_state=False
2025-04-03 20:13:25 - game.core.input_handler - INFO - was_pressed für A-Taste: input_state=False, prev_input_state=False
2025-04-03 20:13:25 - game.core.input_handler - INFO - was_pressed für A-Taste: input_state=False, prev_input_state=False
2025-04-03 20:13:25 - game.core.input_handler - INFO - was_pressed für A-Taste: input_state=False, prev_input_state=False
2025-04-03 20:13:25 - game.core.input_handler - INFO - was_pressed für A-Taste: input_state=False, prev_input_state=False
2025-04-03 20:13:25 - game.core.input_handler - INFO - was_pressed für A-Taste: input_state=False, prev_input_state=False
2025-04-03 20:13:25 - game.core.input_handler - INFO - was_pressed für A-Taste: input_state=False, prev_input_state=False
2025-04-03 20:13:25 - game.core.input_handler - INFO - was_pressed für A-Taste: input_state=False, prev_input_state=False
2025-04-03 20:13:25 - game.core.input_handler - INFO - was_pressed für A-Taste: input_state=False, prev_input_state=False
2025-04-03 20:13:25 - game.core.input_handler - INFO - was_pressed für A-Taste: input_state=False, prev_input_state=False
2025-04-03 20:13:25 - game.core.input_handler - INFO - was_pressed für A-Taste: input_state=False, prev_input_state=False
2025-04-03 20:13:25 - game.core.input_handler - INFO - was_pressed für A-Taste: input_state=False, prev_input_state=False
2025-04-03 20:13:25 - game.core.input_handler - INFO - was_pressed für A-Taste: input_state=False, prev_input_state=False
2025-04-03 20:13:25 - game.core.input_handler - INFO - was_pressed für A-Taste: input_state=False, prev_input_state=False
2025-04-03 20:13:25 - game.core.input_handler - INFO - was_pressed für A-Taste: input_state=False, prev_input_state=False
2025-04-03 20:13:25 - game.core.input_handler - INFO - was_pressed für A-Taste: input_state=False, prev_input_state=False
2025-04-03 20:13:25 - game.core.input_handler - INFO - was_pressed für A-Taste: input_state=False, prev_input_state=False
2025-04-03 20:13:25 - game.core.input_handler - INFO - was_pressed für A-Taste: input_state=False, prev_input_state=False
2025-04-03 20:13:25 - game.core.input_handler - INFO - was_pressed für A-Taste: input_state=False, prev_input_state=False
2025-04-03 20:13:25 - game.core.input_handler - INFO - was_pressed für A-Taste: input_state=False, prev_input_state=False
2025-04-03 20:13:25 - game.core.input_handler - INFO - was_pressed für A-Taste: input_state=False, prev_input_state=False
2025-04-03 20:13:25 - game.core.input_handler - INFO - was_pressed für A-Taste: input_state=False, prev_input_state=False
2025-04-03 20:13:25 - game.core.input_handler - INFO - was_pressed für A-Taste: input_state=False, prev_input_state=False
2025-04-03 20:13:25 - game.core.input_handler - INFO - was_pressed für A-Taste: input_state=False, prev_input_state=False
2025-04-03 20:13:25 - game.core.input_handler - INFO - was_pressed für A-Taste: input_state=False, prev_input_state=False
2025-04-03 20:13:25 - game.core.input_handler - INFO - was_pressed für A-Taste: input_state=False, prev_input_state=False
2025-04-03 20:13:25 - game.core.input_handler - INFO - was_pressed für A-Taste: input_state=False, prev_input_state=False
2025-04-03 20:13:25 - game.core.input_handler - INFO - was_pressed für A-Taste: input_state=False, prev_input_state=False
2025-04-03 20:13:25 - game.core.input_handler - INFO - was_pressed für A-Taste: input_state=False, prev_input_state=False
2025-04-03 20:13:25 - game.core.input_handler - INFO - was_pressed für A-Taste: input_state=False, prev_input_state=False
2025-04-03 20:13:25 - game.core.input_handler - INFO - was_pressed für A-Taste: input_state=False, prev_input_state=False
2025-04-03 20:13:26 - game.core.input_handler - INFO - was_pressed für A-Taste: input_state=False, prev_input_state=False
2025-04-03 20:13:26 - game.core.input_handler - INFO - was_pressed für A-Taste: input_state=False, prev_input_state=False
2025-04-03 20:13:26 - game.core.input_handler - INFO - was_pressed für A-Taste: input_state=False, prev_input_state=False
2025-04-03 20:13:26 - game.core.input_handler - INFO - was_pressed für A-Taste: input_state=False, prev_input_state=False
2025-04-03 20:13:26 - game.core.input_handler - INFO - was_pressed für A-Taste: input_state=False, prev_input_state=False
2025-04-03 20:13:26 - game.core.input_handler - INFO - was_pressed für A-Taste: input_state=False, prev_input_state=False
2025-04-03 20:13:26 - game.core.input_handler - INFO - was_pressed für A-Taste: input_state=False, prev_input_state=False
2025-04-03 20:13:26 - game.core.input_handler - INFO - was_pressed für A-Taste: input_state=False, prev_input_state=False
2025-04-03 20:13:26 - game.core.input_handler - INFO - was_pressed für A-Taste: input_state=False, prev_input_state=False
2025-04-03 20:13:26 - game.core.input_handler - INFO - was_pressed für A-Taste: input_state=False, prev_input_state=False
2025-04-03 20:13:26 - game.core.input_handler - INFO - was_pressed für A-Taste: input_state=False, prev_input_state=False
2025-04-03 20:13:26 - game.core.input_handler - INFO - was_pressed für A-Taste: input_state=False, prev_input_state=False
2025-04-03 20:13:26 - game.core.input_handler - INFO - was_pressed für A-Taste: input_state=False, prev_input_state=False
2025-04-03 20:13:26 - game.core.input_handler - INFO - was_pressed für A-Taste: input_state=False, prev_input_state=False
2025-04-03 20:13:26 - game.core.input_handler - INFO - was_pressed für A-Taste: input_state=False, prev_input_state=False
2025-04-03 20:13:26 - game.core.input_handler - INFO - was_pressed für A-Taste: input_state=False, prev_input_state=False
2025-04-03 20:13:26 - game.core.input_handler - INFO - was_pressed für A-Taste: input_state=False, prev_input_state=False
2025-04-03 20:13:26 - game.core.input_handler - INFO - was_pressed für A-Taste: input_state=False, prev_input_state=False
2025-04-03 20:13:26 - game.core.input_handler - INFO - was_pressed für A-Taste: input_state=False, prev_input_state=False
2025-04-03 20:13:26 - game.core.input_handler - INFO - was_pressed für A-Taste: input_state=False, prev_input_state=False
2025-04-03 20:13:26 - game.core.input_handler - INFO - was_pressed für A-Taste: input_state=False, prev_input_state=False
2025-04-03 20:13:26 - game.core.input_handler - INFO - was_pressed für A-Taste: input_state=False, prev_input_state=False
2025-04-03 20:13:26 - game.core.input_handler - INFO - was_pressed für A-Taste: input_state=False, prev_input_state=False
2025-04-03 20:13:26 - game.core.input_handler - INFO - was_pressed für A-Taste: input_state=False, prev_input_state=False
2025-04-03 20:13:26 - game.core.input_handler - INFO - was_pressed für A-Taste: input_state=False, prev_input_state=False
2025-04-03 20:13:26 - game.core.input_handler - INFO - was_pressed für A-Taste: input_state=False, prev_input_state=False
2025-04-03 20:13:26 - game.core.input_handler - INFO - was_pressed für A-Taste: input_state=False, prev_input_state=False
2025-04-03 20:13:26 - game.core.input_handler - INFO - was_pressed für A-Taste: input_state=False, prev_input_state=False
2025-04-03 20:13:26 - game.core.input_handler - INFO - was_pressed für A-Taste: input_state=False, prev_input_state=False
2025-04-03 20:13:26 - game.core.input_handler - INFO - was_pressed für A-Taste: input_state=False, prev_input_state=False
2025-04-03 20:13:26 - game.core.input_handler - INFO - was_pressed für A-Taste: input_state=False, prev_input_state=False
2025-04-03 20:13:26 - game.core.input_handler - INFO - was_pressed für A-Taste: input_state=False, prev_input_state=False
2025-04-03 20:13:26 - game.core.input_handler - INFO - was_pressed für A-Taste: input_state=False, prev_input_state=False
2025-04-03 20:13:26 - game.core.input_handler - INFO - was_pressed für A-Taste: input_state=False, prev_input_state=False
2025-04-03 20:13:26 - game.core.input_handler - INFO - was_pressed für A-Taste: input_state=False, prev_input_state=False
2025-04-03 20:13:26 - game.core.input_handler - INFO - was_pressed für A-Taste: input_state=False, prev_input_state=False
2025-04-03 20:13:26 - game.core.input_handler - INFO - was_pressed für A-Taste: input_state=False, prev_input_state=False
2025-04-03 20:13:26 - game.core.input_handler - INFO - was_pressed für A-Taste: input_state=False, prev_input_state=False
2025-04-03 20:13:26 - game.core.input_handler - INFO - was_pressed für A-Taste: input_state=False, prev_input_state=False
2025-04-03 20:13:26 - game.core.input_handler - INFO - was_pressed für A-Taste: input_state=False, prev_input_state=False
2025-04-03 20:13:26 - game.core.input_handler - INFO - was_pressed für A-Taste: input_state=False, prev_input_state=False
2025-04-03 20:13:26 - game.core.input_handler - INFO - was_pressed für A-Taste: input_state=False, prev_input_state=False
2025-04-03 20:13:26 - game.core.input_handler - INFO - was_pressed für A-Taste: input_state=False, prev_input_state=False
2025-04-03 20:13:26 - game.core.input_handler - INFO - was_pressed für A-Taste: input_state=False, prev_input_state=False
2025-04-03 20:13:26 - game.core.input_handler - INFO - was_pressed für A-Taste: input_state=False, prev_input_state=False
2025-04-03 20:13:26 - game.core.input_handler - INFO - was_pressed für A-Taste: input_state=False, prev_input_state=False
2025-04-03 20:13:26 - game.core.input_handler - INFO - was_pressed für A-Taste: input_state=False, prev_input_state=False
2025-04-03 20:13:26 - game.core.input_handler - INFO - was_pressed für A-Taste: input_state=False, prev_input_state=False
2025-04-03 20:13:26 - game.core.input_handler - INFO - was_pressed für A-Taste: input_state=False, prev_input_state=False
2025-04-03 20:13:26 - game.core.input_handler - INFO - was_pressed für A-Taste: input_state=False, prev_input_state=False
2025-04-03 20:13:26 - game.core.input_handler - INFO - was_pressed für A-Taste: input_state=False, prev_input_state=False
2025-04-03 20:13:26 - game.core.input_handler - INFO - was_pressed für A-Taste: input_state=False, prev_input_state=False
2025-04-03 20:13:26 - game.core.input_handler - INFO - was_pressed für A-Taste: input_state=False, prev_input_state=False
2025-04-03 20:13:26 - game.core.input_handler - INFO - was_pressed für A-Taste: input_state=False, prev_input_state=False
2025-04-03 20:13:26 - game.core.input_handler - INFO - was_pressed für A-Taste: input_state=False, prev_input_state=False
2025-04-03 20:13:26 - game.core.input_handler - INFO - was_pressed für A-Taste: input_state=False, prev_input_state=False
2025-04-03 20:13:26 - game.core.input_handler - INFO - was_pressed für A-Taste: input_state=False, prev_input_state=False
2025-04-03 20:13:26 - game.core.input_handler - INFO - was_pressed für A-Taste: input_state=False, prev_input_state=False
2025-04-03 20:13:26 - game.core.input_handler - INFO - was_pressed für A-Taste: input_state=False, prev_input_state=False
2025-04-03 20:13:26 - game.core.input_handler - INFO - was_pressed für A-Taste: input_state=False, prev_input_state=False
2025-04-03 20:13:26 - game.core.input_handler - INFO - was_pressed für A-Taste: input_state=False, prev_input_state=False
2025-04-03 20:13:27 - game.core.input_handler - INFO - was_pressed für A-Taste: input_state=False, prev_input_state=False
2025-04-03 20:13:27 - game.core.input_handler - INFO - was_pressed für A-Taste: input_state=False, prev_input_state=False
2025-04-03 20:13:27 - game.core.input_handler - INFO - was_pressed für A-Taste: input_state=False, prev_input_state=False
2025-04-03 20:13:27 - game.core.input_handler - INFO - was_pressed für A-Taste: input_state=False, prev_input_state=False
2025-04-03 20:13:27 - game.core.input_handler - INFO - was_pressed für A-Taste: input_state=False, prev_input_state=False
2025-04-03 20:13:27 - game.core.input_handler - INFO - was_pressed für A-Taste: input_state=False, prev_input_state=False
2025-04-03 20:13:27 - game.core.input_handler - INFO - was_pressed für A-Taste: input_state=False, prev_input_state=False
2025-04-03 20:13:27 - game.core.input_handler - INFO - was_pressed für A-Taste: input_state=False, prev_input_state=False
2025-04-03 20:13:27 - game.core.input_handler - INFO - was_pressed für A-Taste: input_state=False, prev_input_state=False
2025-04-03 20:13:27 - game.core.input_handler - INFO - was_pressed für A-Taste: input_state=False, prev_input_state=False
2025-04-03 20:13:27 - game.core.input_handler - INFO - A-Taste direkt erkannt!
2025-04-03 20:13:27 - game.core.input_handler - INFO - was_pressed für A-Taste: input_state=True, prev_input_state=False
2025-04-03 20:13:27 - game.core.input_handler - INFO - Aktion erkannt: action (input_state: True, prev_input_state: False)
2025-04-03 20:13:27 - game.ui.main_menu - INFO - New game selected
2025-04-03 20:13:27 - game.core.game - INFO - Starting new game
2025-04-03 20:13:27 - game.core.input_handler - INFO - A-Taste direkt erkannt!
2025-04-03 20:13:27 - game.core.input_handler - INFO - A-Taste direkt erkannt!
2025-04-03 20:13:27 - game.core.input_handler - INFO - A-Taste direkt erkannt!
2025-04-03 20:13:27 - game.core.input_handler - INFO - A-Taste direkt erkannt!
2025-04-03 20:13:27 - game.core.input_handler - INFO - A-Taste direkt erkannt!
2025-04-03 20:16:01 - __main__ - INFO - Starting PokeTogether
2025-04-03 20:16:01 - game.core.game - INFO - Initializing game
2025-04-03 20:16:01 - game.core.settings - INFO - Initializing settings
2025-04-03 20:16:01 - game.core.settings - INFO - Settings loaded from settings.json
2025-04-03 20:16:01 - game.core.input_handler - INFO - Initialisiere Input-Handler
2025-04-03 20:16:01 - game.core.input_handler - INFO - Controller gefunden: Xbox 360 Controller
2025-04-03 20:16:01 - game.core.input_handler - INFO - Controller gefunden: Xbox 360 Controller
2025-04-03 20:16:01 - game.maps.simple_map - INFO - Creating simple map with size 35x28, tile size 32px
2025-04-03 20:16:01 - game.entities.player - INFO - Creating player 'Red' at position (560, 448)
2025-04-03 20:16:01 - game.core.camera - INFO - Creating camera with size 800x600, map size 1120x896
2025-04-03 20:16:01 - game.ui.main_menu - INFO - Initializing main menu
2025-04-03 20:16:01 - game.ui.options_menu - INFO - Initializing options menu
2025-04-03 20:16:01 - game.core.game - INFO - Game initialized
2025-04-03 20:16:01 - game.core.game - INFO - Starting game loop
2025-04-03 20:16:01 - game.core.game - INFO - Loading resources
2025-04-03 20:16:01 - game.core.game - INFO - Resources loaded
2025-04-03 20:16:01 - game.core.input_handler - INFO - Controller gefunden: Xbox 360 Controller
2025-04-03 20:16:01 - game.core.input_handler - INFO - Controller gefunden: Xbox 360 Controller
2025-04-03 20:16:01 - game.core.input_handler - INFO - Controller gefunden: Xbox 360 Controller
2025-04-03 20:16:01 - game.core.input_handler - INFO - Controller gefunden: Xbox 360 Controller
2025-04-03 20:16:17 - game.ui.main_menu - INFO - Options selected
2025-04-03 20:16:17 - game.core.game - INFO - Showing options menu
2025-04-03 20:16:17 - game.ui.options_menu - INFO - Options menu opened
2025-04-03 20:16:18 - game.ui.options_menu - INFO - Changed to video menu
2025-04-03 20:16:20 - game.core.settings - INFO - Fullscreen set to True
2025-04-03 20:16:20 - game.ui.options_menu - INFO - Fullscreen set to True
2025-04-03 20:16:20 - game.core.game - INFO - Applying resolution 800x600
2025-04-03 20:16:21 - game.maps.simple_map - INFO - Creating simple map with size 35x28, tile size 32px
2025-04-03 20:16:21 - game.core.camera - INFO - Creating camera with size 800x600, map size 1120x896
2025-04-03 20:16:36 - game.core.settings - INFO - Fullscreen set to False
2025-04-03 20:16:36 - game.ui.options_menu - INFO - Fullscreen set to False
2025-04-03 20:16:36 - game.core.game - INFO - Applying resolution 800x600
2025-04-03 20:16:37 - game.maps.simple_map - INFO - Creating simple map with size 35x28, tile size 32px
2025-04-03 20:16:37 - game.core.camera - INFO - Creating camera with size 800x600, map size 1120x896
2025-04-03 20:16:39 - game.core.settings - WARNING - Resolution 1024x768 not available
2025-04-03 20:16:39 - game.core.game - INFO - Applying resolution 800x600
2025-04-03 20:16:39 - game.maps.simple_map - INFO - Creating simple map with size 35x28, tile size 32px
2025-04-03 20:16:39 - game.core.camera - INFO - Creating camera with size 800x600, map size 1120x896
2025-04-03 20:16:41 - game.core.settings - WARNING - Resolution 1024x768 not available
2025-04-03 20:16:41 - game.core.game - INFO - Applying resolution 800x600
2025-04-03 20:16:41 - game.maps.simple_map - INFO - Creating simple map with size 35x28, tile size 32px
2025-04-03 20:16:41 - game.core.camera - INFO - Creating camera with size 800x600, map size 1120x896
2025-04-03 20:16:42 - game.core.settings - WARNING - Resolution 1024x768 not available
2025-04-03 20:16:42 - game.core.game - INFO - Applying resolution 800x600
2025-04-03 20:16:42 - game.maps.simple_map - INFO - Creating simple map with size 35x28, tile size 32px
2025-04-03 20:16:42 - game.core.camera - INFO - Creating camera with size 800x600, map size 1120x896
2025-04-03 20:16:42 - game.core.settings - WARNING - Resolution 1024x768 not available
2025-04-03 20:16:42 - game.core.game - INFO - Applying resolution 800x600
2025-04-03 20:16:42 - game.maps.simple_map - INFO - Creating simple map with size 35x28, tile size 32px
2025-04-03 20:16:42 - game.core.camera - INFO - Creating camera with size 800x600, map size 1120x896
2025-04-03 20:16:44 - game.core.settings - WARNING - Resolution 1024x768 not available
2025-04-03 20:16:44 - game.core.game - INFO - Applying resolution 800x600
2025-04-03 20:16:44 - game.maps.simple_map - INFO - Creating simple map with size 35x28, tile size 32px
2025-04-03 20:16:44 - game.core.camera - INFO - Creating camera with size 800x600, map size 1120x896
2025-04-03 20:16:44 - game.core.settings - WARNING - Resolution 1024x768 not available
2025-04-03 20:16:44 - game.core.game - INFO - Applying resolution 800x600
2025-04-03 20:16:44 - game.maps.simple_map - INFO - Creating simple map with size 35x28, tile size 32px
2025-04-03 20:16:44 - game.core.camera - INFO - Creating camera with size 800x600, map size 1120x896
2025-04-03 20:16:45 - game.core.settings - WARNING - Resolution 1024x768 not available
2025-04-03 20:16:45 - game.core.game - INFO - Applying resolution 800x600
2025-04-03 20:16:45 - game.maps.simple_map - INFO - Creating simple map with size 35x28, tile size 32px
2025-04-03 20:16:45 - game.core.camera - INFO - Creating camera with size 800x600, map size 1120x896
2025-04-03 20:16:45 - game.core.settings - WARNING - Resolution 1024x768 not available
2025-04-03 20:16:45 - game.core.game - INFO - Applying resolution 800x600
2025-04-03 20:16:45 - game.maps.simple_map - INFO - Creating simple map with size 35x28, tile size 32px
2025-04-03 20:16:45 - game.core.camera - INFO - Creating camera with size 800x600, map size 1120x896
2025-04-03 20:16:45 - game.core.settings - WARNING - Resolution 1024x768 not available
2025-04-03 20:16:45 - game.core.game - INFO - Applying resolution 800x600
2025-04-03 20:16:45 - game.maps.simple_map - INFO - Creating simple map with size 35x28, tile size 32px
2025-04-03 20:16:45 - game.core.camera - INFO - Creating camera with size 800x600, map size 1120x896
2025-04-03 20:16:45 - game.core.settings - WARNING - Resolution 1024x768 not available
2025-04-03 20:16:45 - game.core.game - INFO - Applying resolution 800x600
2025-04-03 20:16:45 - game.maps.simple_map - INFO - Creating simple map with size 35x28, tile size 32px
2025-04-03 20:16:45 - game.core.camera - INFO - Creating camera with size 800x600, map size 1120x896
2025-04-03 20:16:45 - game.core.input_handler - INFO - Controller-Button erkannt: menu (Button 7)
2025-04-03 20:16:45 - game.core.input_handler - INFO - Controller-Button erkannt: menu (Button 7)
2025-04-03 20:16:45 - game.core.input_handler - INFO - Controller-Button erkannt: menu (Button 7)
2025-04-03 20:16:45 - game.core.input_handler - INFO - Controller-Button erkannt: menu (Button 7)
2025-04-03 20:16:45 - game.core.input_handler - INFO - Controller-Button erkannt: menu (Button 7)
2025-04-03 20:16:45 - game.core.input_handler - INFO - Controller-Button erkannt: menu (Button 7)
2025-04-03 20:16:45 - game.core.input_handler - INFO - Controller-Button erkannt: menu (Button 7)
2025-04-03 20:16:46 - game.core.input_handler - INFO - Controller-Button erkannt: menu (Button 7)
2025-04-03 20:16:46 - game.core.input_handler - INFO - Controller-Button erkannt: menu (Button 7)
2025-04-03 20:16:46 - game.core.input_handler - INFO - Controller-Button erkannt: menu (Button 7)
2025-04-03 20:16:46 - game.core.input_handler - INFO - Controller-Button erkannt: menu (Button 7)
2025-04-03 20:16:46 - game.core.input_handler - INFO - Controller-Button erkannt: menu (Button 7)
2025-04-03 20:16:46 - game.core.input_handler - INFO - Controller-Button erkannt: menu (Button 7)
2025-04-03 20:16:46 - game.core.input_handler - INFO - Controller-Button erkannt: menu (Button 7)
2025-04-03 20:16:46 - game.core.input_handler - INFO - Controller-Button erkannt: menu (Button 7)
2025-04-03 20:16:46 - game.core.input_handler - INFO - Controller-Button erkannt: menu (Button 7)
2025-04-03 20:16:46 - game.core.input_handler - INFO - Controller-Button erkannt: menu (Button 7)
2025-04-03 20:16:46 - game.core.input_handler - INFO - Controller-Button erkannt: menu (Button 7)
2025-04-03 20:16:46 - game.core.input_handler - INFO - Controller-Button erkannt: menu (Button 7)
2025-04-03 20:16:46 - game.core.input_handler - INFO - Controller-Button erkannt: menu (Button 7)
2025-04-03 20:16:46 - game.core.settings - WARNING - Resolution 1024x768 not available
2025-04-03 20:16:46 - game.core.game - INFO - Applying resolution 800x600
2025-04-03 20:16:46 - game.maps.simple_map - INFO - Creating simple map with size 35x28, tile size 32px
2025-04-03 20:16:46 - game.core.camera - INFO - Creating camera with size 800x600, map size 1120x896
2025-04-03 20:16:53 - game.core.settings - WARNING - Resolution 1024x768 not available
2025-04-03 20:16:53 - game.core.game - INFO - Applying resolution 800x600
2025-04-03 20:16:53 - game.maps.simple_map - INFO - Creating simple map with size 35x28, tile size 32px
2025-04-03 20:16:53 - game.core.camera - INFO - Creating camera with size 800x600, map size 1120x896
2025-04-03 20:16:55 - game.core.settings - WARNING - Resolution 1024x768 not available
2025-04-03 20:16:55 - game.core.game - INFO - Applying resolution 800x600
2025-04-03 20:16:55 - game.maps.simple_map - INFO - Creating simple map with size 35x28, tile size 32px
2025-04-03 20:16:55 - game.core.camera - INFO - Creating camera with size 800x600, map size 1120x896
2025-04-03 20:17:20 - game.core.settings - INFO - Setting video.fps_limit set to 120
2025-04-03 20:17:21 - game.core.settings - INFO - Setting video.fps_limit set to 144
2025-04-03 20:17:21 - game.core.settings - INFO - Setting video.fps_limit set to 240
2025-04-03 20:17:22 - game.core.settings - INFO - Setting video.fps_limit set to 0
2025-04-03 20:17:22 - game.core.settings - INFO - Setting video.fps_limit set to 30
2025-04-03 20:17:25 - game.core.settings - INFO - Setting video.vsync set to False
2025-04-03 20:17:26 - game.core.settings - WARNING - Resolution 1024x768 not available
2025-04-03 20:17:26 - game.core.game - INFO - Applying resolution 800x600
2025-04-03 20:17:26 - game.maps.simple_map - INFO - Creating simple map with size 35x28, tile size 32px
2025-04-03 20:17:26 - game.core.camera - INFO - Creating camera with size 800x600, map size 1120x896
2025-04-03 20:17:27 - game.core.settings - WARNING - Resolution 1024x768 not available
2025-04-03 20:17:27 - game.core.game - INFO - Applying resolution 800x600
2025-04-03 20:17:27 - game.maps.simple_map - INFO - Creating simple map with size 35x28, tile size 32px
2025-04-03 20:17:27 - game.core.camera - INFO - Creating camera with size 800x600, map size 1120x896
2025-04-03 20:17:31 - game.ui.options_menu - INFO - Changed to main menu
2025-04-03 20:17:31 - game.ui.options_menu - INFO - Changed to audio menu
2025-04-03 20:17:34 - game.ui.options_menu - INFO - Changed to main menu
2025-04-03 20:17:35 - game.ui.options_menu - INFO - Changed to gameplay menu
2025-04-03 20:17:49 - game.ui.options_menu - INFO - Changed to main menu
2025-04-03 20:17:51 - game.ui.options_menu - INFO - Changed to controls menu
2025-04-03 20:17:56 - game.ui.options_menu - INFO - Changed to main menu
2025-04-03 20:18:03 - game.ui.options_menu - INFO - Changed to video menu
2025-04-03 20:18:09 - game.core.settings - WARNING - Resolution 1024x768 not available
2025-04-03 20:18:09 - game.core.game - INFO - Applying resolution 800x600
2025-04-03 20:18:09 - game.maps.simple_map - INFO - Creating simple map with size 35x28, tile size 32px
2025-04-03 20:18:09 - game.core.camera - INFO - Creating camera with size 800x600, map size 1120x896
2025-04-03 20:18:09 - game.core.settings - WARNING - Resolution 1024x768 not available
2025-04-03 20:18:09 - game.core.game - INFO - Applying resolution 800x600
2025-04-03 20:18:09 - game.maps.simple_map - INFO - Creating simple map with size 35x28, tile size 32px
2025-04-03 20:18:09 - game.core.camera - INFO - Creating camera with size 800x600, map size 1120x896
2025-04-03 20:18:09 - game.core.settings - WARNING - Resolution 1024x768 not available
2025-04-03 20:18:09 - game.core.game - INFO - Applying resolution 800x600
2025-04-03 20:18:09 - game.maps.simple_map - INFO - Creating simple map with size 35x28, tile size 32px
2025-04-03 20:18:09 - game.core.camera - INFO - Creating camera with size 800x600, map size 1120x896
2025-04-03 20:18:16 - game.ui.options_menu - INFO - Changed to main menu
2025-04-03 20:18:18 - game.ui.options_menu - INFO - Changed to gameplay menu
2025-04-03 20:18:19 - game.ui.options_menu - INFO - Changed to main menu
2025-04-03 20:18:21 - game.ui.options_menu - INFO - Changed to controls menu
2025-04-03 20:18:24 - game.ui.options_menu - INFO - Changed to main menu
2025-04-03 20:18:25 - game.ui.options_menu - INFO - Options menu closed
2025-04-03 20:18:25 - game.core.game - INFO - Options menu closed, returning to main menu
2025-04-03 20:18:25 - game.core.game - INFO - Applying resolution 800x600
2025-04-03 20:18:25 - game.maps.simple_map - INFO - Creating simple map with size 35x28, tile size 32px
2025-04-03 20:18:25 - game.core.camera - INFO - Creating camera with size 800x600, map size 1120x896
2025-04-03 20:18:25 - game.core.settings - INFO - Settings saved to settings.json
2025-04-03 20:18:25 - game.ui.options_menu - INFO - Settings saved
2025-04-03 20:18:31 - game.ui.main_menu - INFO - New game selected
2025-04-03 20:18:31 - game.core.game - INFO - Starting new game
2025-04-03 20:19:18 - game.core.input_handler - INFO - Controller-Button erkannt: menu (Button 7)
2025-04-03 20:19:18 - game.core.input_handler - INFO - Controller-Button erkannt: menu (Button 7)
2025-04-03 20:19:18 - game.core.input_handler - INFO - Controller-Button erkannt: menu (Button 7)
2025-04-03 20:19:18 - game.core.input_handler - INFO - Controller-Button erkannt: menu (Button 7)
2025-04-03 20:19:18 - game.core.input_handler - INFO - Controller-Button erkannt: menu (Button 7)
2025-04-03 20:19:18 - game.core.input_handler - INFO - Controller-Button erkannt: menu (Button 7)
2025-04-03 20:19:18 - game.core.input_handler - INFO - Controller-Button erkannt: menu (Button 7)
2025-04-03 20:19:18 - game.core.input_handler - INFO - Controller-Button erkannt: menu (Button 7)
2025-04-03 20:19:18 - game.core.input_handler - INFO - Controller-Button erkannt: menu (Button 7)
2025-04-03 20:19:18 - game.core.input_handler - INFO - Controller-Button erkannt: menu (Button 7)
2025-04-03 20:19:18 - game.core.input_handler - INFO - Controller-Button erkannt: menu (Button 7)
2025-04-03 20:19:18 - game.core.input_handler - INFO - Controller-Button erkannt: menu (Button 7)
2025-04-03 20:19:18 - game.core.input_handler - INFO - Controller-Button erkannt: menu (Button 7)
2025-04-03 20:19:18 - game.core.input_handler - INFO - Controller-Button erkannt: menu (Button 7)
2025-04-03 20:19:19 - game.core.input_handler - INFO - Controller-Button erkannt: menu (Button 7)
2025-04-03 20:19:19 - game.core.input_handler - INFO - Controller-Button erkannt: menu (Button 7)
2025-04-03 20:19:19 - game.core.input_handler - INFO - Controller-Button erkannt: menu (Button 7)
2025-04-03 20:19:19 - game.core.input_handler - INFO - Controller-Button erkannt: menu (Button 7)
2025-04-03 20:19:19 - game.core.input_handler - INFO - Controller-Button erkannt: menu (Button 7)
2025-04-03 20:19:19 - game.core.input_handler - INFO - Controller-Button erkannt: menu (Button 7)
2025-04-03 20:19:19 - game.core.input_handler - INFO - Controller-Button erkannt: menu (Button 7)
2025-04-03 20:19:19 - game.core.input_handler - INFO - Controller-Button erkannt: menu (Button 7)
2025-04-03 20:19:19 - game.core.input_handler - INFO - Controller-Button erkannt: menu (Button 7)
2025-04-03 20:19:19 - game.core.input_handler - INFO - Controller-Button erkannt: menu (Button 7)
2025-04-03 20:41:00 - __main__ - INFO - Starting PokeTogether
2025-04-03 20:41:00 - game.core.game - INFO - Initializing game
2025-04-03 20:41:00 - game.core.settings - INFO - Initializing settings
2025-04-03 20:41:00 - game.core.settings - INFO - Settings loaded from settings.json
2025-04-03 20:41:00 - game.core.input_handler - INFO - Initialisiere Input-Handler
2025-04-03 20:41:00 - game.core.input_handler - INFO - Controller gefunden: Xbox 360 Controller
2025-04-03 20:41:00 - game.core.input_handler - INFO - Controller gefunden: Xbox 360 Controller
2025-04-03 20:41:00 - game.maps.simple_map - INFO - Creating simple map with size 35x28, tile size 32px
2025-04-03 20:41:00 - game.entities.player - INFO - Creating player 'Red' at position (560, 448)
2025-04-03 20:41:00 - game.core.camera - INFO - Creating camera with size 800x600, map size 1120x896, zoom 1.2
2025-04-03 20:41:00 - game.ui.main_menu - INFO - Initializing main menu
2025-04-03 20:41:00 - game.ui.options_menu - INFO - Initializing options menu
2025-04-03 20:41:00 - game.ui.ingame_menu - INFO - Initializing ingame menu
2025-04-03 20:41:00 - game.core.game - INFO - Game initialized
2025-04-03 20:41:00 - game.core.game - INFO - Starting game loop
2025-04-03 20:41:00 - game.core.game - INFO - Loading resources
2025-04-03 20:41:00 - game.core.game - INFO - Resources loaded
2025-04-03 20:41:00 - game.core.input_handler - INFO - Controller gefunden: Xbox 360 Controller
2025-04-03 20:41:00 - game.core.input_handler - INFO - Controller gefunden: Xbox 360 Controller
2025-04-03 20:41:00 - game.core.input_handler - INFO - Controller gefunden: Xbox 360 Controller
2025-04-03 20:41:00 - game.core.input_handler - INFO - Controller gefunden: Xbox 360 Controller
2025-04-03 21:52:55 - __main__ - INFO - Starting PokeTogether
2025-04-03 21:52:55 - game.core.game - INFO - Initializing game
2025-04-03 21:52:55 - game.core.settings - INFO - Initializing settings
2025-04-03 21:52:55 - game.core.settings - INFO - Settings loaded from settings.json
2025-04-03 21:52:55 - game.core.input_handler - INFO - Initialisiere Input-Handler
2025-04-03 21:52:55 - game.core.input_handler - INFO - Controller gefunden: Xbox 360 Controller
2025-04-03 21:52:55 - game.core.input_handler - INFO - Controller gefunden: Xbox 360 Controller
2025-04-03 21:52:55 - game.maps.simple_map - INFO - Creating simple map with size 35x28, tile size 32px
2025-04-03 21:52:55 - game.entities.player - INFO - Creating player 'Red' at position (560, 448)
2025-04-03 21:52:55 - game.core.camera - INFO - Creating camera with size 800x600, map size 1120x896, zoom 1.2
2025-04-03 21:52:55 - game.ui.main_menu - INFO - Initializing main menu
2025-04-03 21:52:55 - game.ui.options_menu - INFO - Initializing options menu
2025-04-03 21:52:55 - game.ui.ingame_menu - INFO - Initializing ingame menu
2025-04-03 21:52:55 - game.core.game - INFO - Game initialized
2025-04-03 21:52:55 - game.core.game - INFO - Starting game loop
2025-04-03 21:52:55 - game.core.game - INFO - Loading resources
2025-04-03 21:52:55 - game.core.game - INFO - Resources loaded
2025-04-03 21:52:55 - game.core.input_handler - INFO - Controller gefunden: Xbox 360 Controller
2025-04-03 21:52:55 - game.core.input_handler - INFO - Controller gefunden: Xbox 360 Controller
2025-04-03 21:52:55 - game.core.input_handler - INFO - Controller gefunden: Xbox 360 Controller
2025-04-03 21:52:55 - game.core.input_handler - INFO - Controller gefunden: Xbox 360 Controller
2025-04-03 21:53:00 - game.ui.main_menu - INFO - Options selected
2025-04-03 21:53:00 - game.core.game - INFO - Showing options menu
2025-04-03 21:53:00 - game.ui.options_menu - INFO - Options menu opened
2025-04-03 21:53:02 - game.ui.options_menu - INFO - Changed to video menu
2025-04-03 21:53:03 - game.core.settings - WARNING - Resolution 1024x768 not available
2025-04-03 21:53:03 - game.core.game - INFO - Applying resolution 800x600
2025-04-03 21:53:03 - game.maps.simple_map - INFO - Creating simple map with size 35x28, tile size 32px
2025-04-03 21:53:03 - game.core.camera - INFO - Creating camera with size 800x600, map size 1120x896, zoom 1.2
2025-04-03 21:53:06 - game.core.settings - WARNING - Resolution 1024x768 not available
2025-04-03 21:53:06 - game.core.game - INFO - Applying resolution 800x600
2025-04-03 21:53:06 - game.maps.simple_map - INFO - Creating simple map with size 35x28, tile size 32px
2025-04-03 21:53:06 - game.core.camera - INFO - Creating camera with size 800x600, map size 1120x896, zoom 1.2
2025-04-03 21:53:07 - game.core.settings - WARNING - Resolution 1024x768 not available
2025-04-03 21:53:07 - game.core.game - INFO - Applying resolution 800x600
2025-04-03 21:53:07 - game.maps.simple_map - INFO - Creating simple map with size 35x28, tile size 32px
2025-04-03 21:53:07 - game.core.camera - INFO - Creating camera with size 800x600, map size 1120x896, zoom 1.2
2025-04-03 21:53:07 - game.core.input_handler - INFO - Controller-Button erkannt: menu (Button 7)
2025-04-03 21:53:07 - game.core.input_handler - INFO - Controller-Button erkannt: menu (Button 7)
2025-04-03 21:53:07 - game.core.input_handler - INFO - Controller-Button erkannt: menu (Button 7)
2025-04-03 21:53:07 - game.core.input_handler - INFO - Controller-Button erkannt: menu (Button 7)
2025-04-03 21:53:07 - game.core.input_handler - INFO - Controller-Button erkannt: menu (Button 7)
2025-04-03 21:53:07 - game.core.input_handler - INFO - Controller-Button erkannt: menu (Button 7)
2025-04-03 21:53:07 - game.core.input_handler - INFO - Controller-Button erkannt: menu (Button 7)
2025-04-03 21:53:07 - game.core.input_handler - INFO - Controller-Button erkannt: menu (Button 7)
2025-04-03 21:53:07 - game.core.input_handler - INFO - Controller-Button erkannt: menu (Button 7)
2025-04-03 21:53:08 - game.core.input_handler - INFO - Controller-Button erkannt: menu (Button 7)
2025-04-03 21:53:08 - game.core.input_handler - INFO - Controller-Button erkannt: menu (Button 7)
2025-04-03 21:56:55 - __main__ - INFO - Starting PokeTogether
2025-04-03 21:56:55 - game.core.game - INFO - Initializing game
2025-04-03 21:56:55 - game.core.settings - INFO - Initializing settings
2025-04-03 21:56:55 - game.core.settings - INFO - Settings loaded from settings.json
2025-04-03 21:56:55 - game.core.input_handler - INFO - Initialisiere Input-Handler
2025-04-03 21:56:55 - game.core.input_handler - INFO - Controller gefunden: Xbox 360 Controller
2025-04-03 21:56:55 - game.core.input_handler - INFO - Controller gefunden: Xbox 360 Controller
2025-04-03 21:56:55 - game.maps.simple_map - INFO - Creating simple map with size 35x28, tile size 32px
2025-04-03 21:56:55 - game.entities.player - INFO - Creating player 'Red' at position (560, 448)
2025-04-03 21:56:55 - game.core.camera - INFO - Creating camera with size 800x600, map size 1120x896, zoom 1.2
2025-04-03 21:56:55 - game.ui.main_menu - INFO - Initializing main menu
2025-04-03 21:56:55 - game.ui.options_menu - INFO - Initializing options menu
2025-04-03 21:56:55 - game.ui.ingame_menu - INFO - Initializing ingame menu
2025-04-03 21:56:55 - game.core.game - INFO - Game initialized
2025-04-03 21:56:55 - game.core.game - INFO - Starting game loop
2025-04-03 21:56:55 - game.core.game - INFO - Loading resources
2025-04-03 21:56:55 - game.core.game - INFO - Resources loaded
2025-04-03 21:56:55 - game.core.input_handler - INFO - Controller gefunden: Xbox 360 Controller
2025-04-03 21:56:55 - game.core.input_handler - INFO - Controller gefunden: Xbox 360 Controller
2025-04-03 21:56:55 - game.core.input_handler - INFO - Controller gefunden: Xbox 360 Controller
2025-04-03 21:56:55 - game.core.input_handler - INFO - Controller gefunden: Xbox 360 Controller
2025-04-03 21:56:59 - game.ui.main_menu - INFO - Options selected
2025-04-03 21:56:59 - game.core.game - INFO - Showing options menu
2025-04-03 21:56:59 - game.ui.options_menu - INFO - Options menu opened
2025-04-03 21:57:01 - game.ui.options_menu - INFO - Executing action for option: Video
2025-04-03 21:57:01 - game.ui.options_menu - INFO - Changed to video menu
2025-04-03 21:57:02 - game.ui.options_menu - INFO - Executing action for option: Resolution
2025-04-03 21:57:02 - game.core.settings - WARNING - Resolution 1024x768 not available
2025-04-03 21:57:02 - game.ui.options_menu - INFO - Resolution changed to 1024x768
2025-04-03 21:57:02 - game.core.game - INFO - Applying current resolution: [800, 600]
2025-04-03 21:57:02 - game.core.game - INFO - Applying resolution 800x600
2025-04-03 21:57:02 - game.maps.simple_map - INFO - Creating simple map with size 35x28, tile size 32px
2025-04-03 21:57:02 - game.core.camera - INFO - Creating camera with size 800x600, map size 1120x896, zoom 1.2
2025-04-03 21:57:02 - game.ui.options_menu - INFO - Executing action for option: Resolution
2025-04-03 21:57:02 - game.core.settings - WARNING - Resolution 1024x768 not available
2025-04-03 21:57:02 - game.ui.options_menu - INFO - Resolution changed to 1024x768
2025-04-03 21:57:02 - game.core.game - INFO - Applying current resolution: [800, 600]
2025-04-03 21:57:02 - game.core.game - INFO - Applying resolution 800x600
2025-04-03 21:57:02 - game.maps.simple_map - INFO - Creating simple map with size 35x28, tile size 32px
2025-04-03 21:57:02 - game.core.camera - INFO - Creating camera with size 800x600, map size 1120x896, zoom 1.2
2025-04-03 21:57:03 - game.ui.options_menu - INFO - Executing action for option: Resolution
2025-04-03 21:57:03 - game.core.settings - WARNING - Resolution 1024x768 not available
2025-04-03 21:57:03 - game.ui.options_menu - INFO - Resolution changed to 1024x768
2025-04-03 21:57:03 - game.core.game - INFO - Applying current resolution: [800, 600]
2025-04-03 21:57:03 - game.core.game - INFO - Applying resolution 800x600
2025-04-03 21:57:03 - game.maps.simple_map - INFO - Creating simple map with size 35x28, tile size 32px
2025-04-03 21:57:03 - game.core.camera - INFO - Creating camera with size 800x600, map size 1120x896, zoom 1.2
2025-04-03 21:57:03 - game.ui.options_menu - INFO - Executing action for option: Resolution
2025-04-03 21:57:03 - game.core.settings - WARNING - Resolution 1024x768 not available
2025-04-03 21:57:03 - game.ui.options_menu - INFO - Resolution changed to 1024x768
2025-04-03 21:57:03 - game.core.game - INFO - Applying current resolution: [800, 600]
2025-04-03 21:57:03 - game.core.game - INFO - Applying resolution 800x600
2025-04-03 21:57:03 - game.maps.simple_map - INFO - Creating simple map with size 35x28, tile size 32px
2025-04-03 21:57:03 - game.core.camera - INFO - Creating camera with size 800x600, map size 1120x896, zoom 1.2
2025-04-03 21:57:04 - game.ui.options_menu - INFO - Executing action for option: Resolution
2025-04-03 21:57:04 - game.core.settings - WARNING - Resolution 1024x768 not available
2025-04-03 21:57:04 - game.ui.options_menu - INFO - Resolution changed to 1024x768
2025-04-03 21:57:04 - game.core.game - INFO - Applying current resolution: [800, 600]
2025-04-03 21:57:04 - game.core.game - INFO - Applying resolution 800x600
2025-04-03 21:57:04 - game.maps.simple_map - INFO - Creating simple map with size 35x28, tile size 32px
2025-04-03 21:57:04 - game.core.camera - INFO - Creating camera with size 800x600, map size 1120x896, zoom 1.2
2025-04-03 21:57:04 - game.ui.options_menu - INFO - Executing action for option: Resolution
2025-04-03 21:57:04 - game.core.settings - WARNING - Resolution 1024x768 not available
2025-04-03 21:57:04 - game.ui.options_menu - INFO - Resolution changed to 1024x768
2025-04-03 21:57:04 - game.core.game - INFO - Applying current resolution: [800, 600]
2025-04-03 21:57:04 - game.core.game - INFO - Applying resolution 800x600
2025-04-03 21:57:04 - game.maps.simple_map - INFO - Creating simple map with size 35x28, tile size 32px
2025-04-03 21:57:04 - game.core.camera - INFO - Creating camera with size 800x600, map size 1120x896, zoom 1.2
2025-04-03 21:57:16 - game.ui.options_menu - INFO - Executing action for option: Resolution
2025-04-03 21:57:16 - game.core.settings - WARNING - Resolution 1024x768 not available
2025-04-03 21:57:16 - game.ui.options_menu - INFO - Resolution changed to 1024x768
2025-04-03 21:57:16 - game.core.game - INFO - Applying current resolution: [800, 600]
2025-04-03 21:57:16 - game.core.game - INFO - Applying resolution 800x600
2025-04-03 21:57:16 - game.maps.simple_map - INFO - Creating simple map with size 35x28, tile size 32px
2025-04-03 21:57:16 - game.core.camera - INFO - Creating camera with size 800x600, map size 1120x896, zoom 1.2
2025-04-03 21:58:30 - __main__ - INFO - Starting PokeTogether
2025-04-03 21:58:30 - game.core.game - INFO - Initializing game
2025-04-03 21:58:31 - game.core.settings - INFO - Initializing settings
2025-04-03 21:58:31 - game.core.settings - INFO - Settings loaded from settings.json
2025-04-03 21:58:31 - game.core.input_handler - INFO - Initialisiere Input-Handler
2025-04-03 21:58:31 - game.core.input_handler - INFO - Controller gefunden: Xbox 360 Controller
2025-04-03 21:58:31 - game.core.input_handler - INFO - Controller gefunden: Xbox 360 Controller
2025-04-03 21:58:31 - game.maps.simple_map - INFO - Creating simple map with size 35x28, tile size 32px
2025-04-03 21:58:31 - game.entities.player - INFO - Creating player 'Red' at position (560, 448)
2025-04-03 21:58:31 - game.core.camera - INFO - Creating camera with size 800x600, map size 1120x896, zoom 1.2
2025-04-03 21:58:31 - game.ui.main_menu - INFO - Initializing main menu
2025-04-03 21:58:31 - game.ui.options_menu - INFO - Initializing options menu
2025-04-03 21:58:31 - game.ui.ingame_menu - INFO - Initializing ingame menu
2025-04-03 21:58:31 - game.core.game - INFO - Game initialized
2025-04-03 21:58:31 - game.core.game - INFO - Starting game loop
2025-04-03 21:58:31 - game.core.game - INFO - Loading resources
2025-04-03 21:58:31 - game.core.game - INFO - Resources loaded
2025-04-03 21:58:31 - game.core.input_handler - INFO - Controller gefunden: Xbox 360 Controller
2025-04-03 21:58:31 - game.core.input_handler - INFO - Controller gefunden: Xbox 360 Controller
2025-04-03 21:58:31 - game.core.input_handler - INFO - Controller gefunden: Xbox 360 Controller
2025-04-03 21:58:31 - game.core.input_handler - INFO - Controller gefunden: Xbox 360 Controller
2025-04-03 21:58:52 - game.ui.main_menu - INFO - Continue game selected
2025-04-03 21:58:52 - game.core.game - INFO - Continuing game
2025-04-03 21:58:52 - __main__ - ERROR - Error running game: list indices must be integers or slices, not float
Traceback (most recent call last):
  File "C:\Users\Matthias\Documents\augment-projects\PokeTogether\src\main.py", line 31, in main
    game.run()
    ~~~~~~~~^^
  File "C:\Users\Matthias\Documents\augment-projects\PokeTogether\src\game\core\game.py", line 378, in run
    self.update(dt)
    ~~~~~~~~~~~^^^^
  File "C:\Users\Matthias\Documents\augment-projects\PokeTogether\src\game\core\game.py", line 223, in update
    self._update_game_state(dt)
    ~~~~~~~~~~~~~~~~~~~~~~~^^^^
  File "C:\Users\Matthias\Documents\augment-projects\PokeTogether\src\game\core\game.py", line 250, in _update_game_state
    if self.current_map.is_collision(self.player.x, self.player.y):
       ~~~~~~~~~~~~~~~~~~~~~~~~~~~~~^^^^^^^^^^^^^^^^^^^^^^^^^^^^^^
  File "C:\Users\Matthias\Documents\augment-projects\PokeTogether\src\game\maps\simple_map.py", line 144, in is_collision
    return self.collision_layer[tile_y][tile_x]
           ~~~~~~~~~~~~~~~~~~~~^^^^^^^^
TypeError: list indices must be integers or slices, not float
2025-04-03 21:59:20 - __main__ - INFO - Starting PokeTogether
2025-04-03 21:59:20 - game.core.game - INFO - Initializing game
2025-04-03 21:59:20 - game.core.settings - INFO - Initializing settings
2025-04-03 21:59:20 - game.core.settings - INFO - Settings loaded from settings.json
2025-04-03 21:59:20 - game.core.input_handler - INFO - Initialisiere Input-Handler
2025-04-03 21:59:20 - game.core.input_handler - INFO - Controller gefunden: Xbox 360 Controller
2025-04-03 21:59:20 - game.core.input_handler - INFO - Controller gefunden: Xbox 360 Controller
2025-04-03 21:59:20 - game.maps.simple_map - INFO - Creating simple map with size 35x28, tile size 32px
2025-04-03 21:59:20 - game.entities.player - INFO - Creating player 'Red' at position (560, 448)
2025-04-03 21:59:20 - game.core.camera - INFO - Creating camera with size 800x600, map size 1120x896, zoom 1.2
2025-04-03 21:59:20 - game.ui.main_menu - INFO - Initializing main menu
2025-04-03 21:59:20 - game.ui.options_menu - INFO - Initializing options menu
2025-04-03 21:59:20 - game.ui.ingame_menu - INFO - Initializing ingame menu
2025-04-03 21:59:20 - game.core.game - INFO - Game initialized
2025-04-03 21:59:20 - game.core.game - INFO - Starting game loop
2025-04-03 21:59:20 - game.core.game - INFO - Loading resources
2025-04-03 21:59:20 - game.core.game - INFO - Resources loaded
2025-04-03 21:59:20 - game.core.input_handler - INFO - Controller gefunden: Xbox 360 Controller
2025-04-03 21:59:20 - game.core.input_handler - INFO - Controller gefunden: Xbox 360 Controller
2025-04-03 21:59:20 - game.core.input_handler - INFO - Controller gefunden: Xbox 360 Controller
2025-04-03 21:59:20 - game.core.input_handler - INFO - Controller gefunden: Xbox 360 Controller
2025-04-03 21:59:25 - game.ui.main_menu - INFO - Options selected
2025-04-03 21:59:25 - game.core.game - INFO - Showing options menu
2025-04-03 21:59:25 - game.ui.options_menu - INFO - Options menu opened
2025-04-03 21:59:26 - game.ui.options_menu - INFO - Executing action for option: Video
2025-04-03 21:59:26 - game.ui.options_menu - INFO - Changed to video menu
2025-04-03 21:59:27 - game.ui.options_menu - INFO - Executing action for option: Resolution
2025-04-03 21:59:27 - game.ui.options_menu - INFO - Resolution directly set to 1024x768
2025-04-03 21:59:27 - game.core.game - INFO - Applying current resolution: [1024, 768]
2025-04-03 21:59:27 - game.core.game - INFO - Applying resolution 1024x768
2025-04-03 21:59:27 - game.maps.simple_map - INFO - Creating simple map with size 42x34, tile size 32px
2025-04-03 21:59:27 - game.core.camera - INFO - Creating camera with size 1024x768, map size 1344x1088, zoom 1.2
2025-04-03 21:59:27 - game.ui.options_menu - INFO - Executing action for option: Resolution
2025-04-03 21:59:27 - game.ui.options_menu - INFO - Resolution directly set to 1280x720
2025-04-03 21:59:27 - game.core.game - INFO - Applying current resolution: [1280, 720]
2025-04-03 21:59:27 - game.core.game - INFO - Applying resolution 1280x720
2025-04-03 21:59:27 - game.maps.simple_map - INFO - Creating simple map with size 50x32, tile size 32px
2025-04-03 21:59:27 - game.core.camera - INFO - Creating camera with size 1280x720, map size 1600x1024, zoom 1.2
2025-04-03 21:59:28 - game.ui.options_menu - INFO - Executing action for option: Resolution
2025-04-03 21:59:28 - game.ui.options_menu - INFO - Resolution directly set to 1366x768
2025-04-03 21:59:28 - game.core.game - INFO - Applying current resolution: [1366, 768]
2025-04-03 21:59:28 - game.core.game - INFO - Applying resolution 1366x768
2025-04-03 21:59:28 - game.maps.simple_map - INFO - Creating simple map with size 52x34, tile size 32px
2025-04-03 21:59:28 - game.core.camera - INFO - Creating camera with size 1366x768, map size 1664x1088, zoom 1.2
2025-04-03 21:59:29 - game.ui.options_menu - INFO - Executing action for option: Resolution
2025-04-03 21:59:29 - game.ui.options_menu - INFO - Resolution directly set to 1920x1080
2025-04-03 21:59:29 - game.core.game - INFO - Applying current resolution: [1920, 1080]
2025-04-03 21:59:29 - game.core.game - INFO - Applying resolution 1920x1080
2025-04-03 21:59:29 - game.maps.simple_map - INFO - Creating simple map with size 70x43, tile size 32px
2025-04-03 21:59:29 - game.core.camera - INFO - Creating camera with size 1920x1080, map size 2240x1376, zoom 1.2
2025-04-03 21:59:30 - game.ui.options_menu - INFO - Executing action for option: Resolution
2025-04-03 21:59:30 - game.ui.options_menu - INFO - Resolution directly set to 640x480
2025-04-03 21:59:30 - game.core.game - INFO - Applying current resolution: [640, 480]
2025-04-03 21:59:30 - game.core.game - INFO - Applying resolution 640x480
2025-04-03 21:59:30 - game.maps.simple_map - INFO - Creating simple map with size 30x25, tile size 32px
2025-04-03 21:59:30 - game.core.camera - INFO - Creating camera with size 640x480, map size 960x800, zoom 1.2
2025-04-03 21:59:31 - game.ui.options_menu - INFO - Executing action for option: Resolution
2025-04-03 21:59:31 - game.ui.options_menu - INFO - Resolution directly set to 800x600
2025-04-03 21:59:31 - game.core.game - INFO - Applying current resolution: [800, 600]
2025-04-03 21:59:31 - game.core.game - INFO - Applying resolution 800x600
2025-04-03 21:59:31 - game.maps.simple_map - INFO - Creating simple map with size 35x28, tile size 32px
2025-04-03 21:59:31 - game.core.camera - INFO - Creating camera with size 800x600, map size 1120x896, zoom 1.2
2025-04-03 21:59:31 - game.ui.options_menu - INFO - Executing action for option: Resolution
2025-04-03 21:59:31 - game.ui.options_menu - INFO - Resolution directly set to 1024x768
2025-04-03 21:59:31 - game.core.game - INFO - Applying current resolution: [1024, 768]
2025-04-03 21:59:31 - game.core.game - INFO - Applying resolution 1024x768
2025-04-03 21:59:31 - game.maps.simple_map - INFO - Creating simple map with size 42x34, tile size 32px
2025-04-03 21:59:31 - game.core.camera - INFO - Creating camera with size 1024x768, map size 1344x1088, zoom 1.2
2025-04-03 21:59:31 - game.ui.options_menu - INFO - Executing action for option: Resolution
2025-04-03 21:59:31 - game.ui.options_menu - INFO - Resolution directly set to 1280x720
2025-04-03 21:59:31 - game.core.game - INFO - Applying current resolution: [1280, 720]
2025-04-03 21:59:31 - game.core.game - INFO - Applying resolution 1280x720
2025-04-03 21:59:31 - game.maps.simple_map - INFO - Creating simple map with size 50x32, tile size 32px
2025-04-03 21:59:31 - game.core.camera - INFO - Creating camera with size 1280x720, map size 1600x1024, zoom 1.2
2025-04-03 21:59:32 - game.ui.options_menu - INFO - Executing action for option: Resolution
2025-04-03 21:59:32 - game.ui.options_menu - INFO - Resolution directly set to 1366x768
2025-04-03 21:59:32 - game.core.game - INFO - Applying current resolution: [1366, 768]
2025-04-03 21:59:32 - game.core.game - INFO - Applying resolution 1366x768
2025-04-03 21:59:32 - game.maps.simple_map - INFO - Creating simple map with size 52x34, tile size 32px
2025-04-03 21:59:32 - game.core.camera - INFO - Creating camera with size 1366x768, map size 1664x1088, zoom 1.2
2025-04-03 21:59:32 - game.ui.options_menu - INFO - Executing action for option: Resolution
2025-04-03 21:59:32 - game.ui.options_menu - INFO - Resolution directly set to 1920x1080
2025-04-03 21:59:32 - game.core.game - INFO - Applying current resolution: [1920, 1080]
2025-04-03 21:59:32 - game.core.game - INFO - Applying resolution 1920x1080
2025-04-03 21:59:32 - game.maps.simple_map - INFO - Creating simple map with size 70x43, tile size 32px
2025-04-03 21:59:32 - game.core.camera - INFO - Creating camera with size 1920x1080, map size 2240x1376, zoom 1.2
2025-04-03 21:59:45 - game.ui.options_menu - INFO - Executing action for option: Back
2025-04-03 21:59:45 - game.ui.options_menu - INFO - Changed to main menu
2025-04-03 21:59:47 - game.ui.options_menu - INFO - Executing action for option: Back
2025-04-03 21:59:47 - game.ui.options_menu - INFO - Options menu closed
2025-04-03 21:59:47 - game.core.game - INFO - Options menu closed, returning to previous state
2025-04-03 21:59:47 - game.core.settings - INFO - Settings saved to settings.json
2025-04-03 21:59:47 - game.ui.options_menu - INFO - Settings saved
2025-04-03 21:59:52 - game.ui.main_menu - INFO - New game selected
2025-04-03 21:59:52 - game.core.game - INFO - Starting new game
2025-04-03 21:59:52 - __main__ - ERROR - Error running game: list indices must be integers or slices, not float
Traceback (most recent call last):
  File "C:\Users\Matthias\Documents\augment-projects\PokeTogether\src\main.py", line 31, in main
    game.run()
    ~~~~~~~~^^
  File "C:\Users\Matthias\Documents\augment-projects\PokeTogether\src\game\core\game.py", line 378, in run
    self.update(dt)
    ~~~~~~~~~~~^^^^
  File "C:\Users\Matthias\Documents\augment-projects\PokeTogether\src\game\core\game.py", line 223, in update
    self._update_game_state(dt)
    ~~~~~~~~~~~~~~~~~~~~~~~^^^^
  File "C:\Users\Matthias\Documents\augment-projects\PokeTogether\src\game\core\game.py", line 250, in _update_game_state
    if self.current_map.is_collision(self.player.x, self.player.y):
       ~~~~~~~~~~~~~~~~~~~~~~~~~~~~~^^^^^^^^^^^^^^^^^^^^^^^^^^^^^^
  File "C:\Users\Matthias\Documents\augment-projects\PokeTogether\src\game\maps\simple_map.py", line 144, in is_collision
    return self.collision_layer[tile_y][tile_x]
           ~~~~~~~~~~~~~~~~~~~~^^^^^^^^
TypeError: list indices must be integers or slices, not float
2025-04-03 22:03:06 - __main__ - INFO - Starting PokeTogether
2025-04-03 22:03:06 - game.core.game - INFO - Initializing game
2025-04-03 22:03:06 - game.core.settings - INFO - Initializing settings
2025-04-03 22:03:06 - game.core.settings - INFO - Settings loaded from settings.json
2025-04-03 22:03:06 - game.core.input_handler - INFO - Initialisiere Input-Handler
2025-04-03 22:03:06 - game.core.input_handler - INFO - Controller gefunden: Xbox 360 Controller
2025-04-03 22:03:06 - game.core.input_handler - INFO - Controller gefunden: Xbox 360 Controller
2025-04-03 22:03:06 - game.maps.simple_map - INFO - Creating simple map with size 35x28, tile size 32px
2025-04-03 22:03:06 - game.entities.player - INFO - Creating player 'Red' at position (560, 448)
2025-04-03 22:03:06 - game.core.camera - INFO - Creating camera with size 800x600, map size 1120x896, zoom 1.2
2025-04-03 22:03:06 - game.ui.main_menu - INFO - Initializing main menu
2025-04-03 22:03:06 - game.ui.options_menu - INFO - Initializing options menu
2025-04-03 22:03:06 - game.ui.ingame_menu - INFO - Initializing ingame menu
2025-04-03 22:03:06 - game.core.game - INFO - Game initialized
2025-04-03 22:03:06 - game.core.game - INFO - Starting game loop
2025-04-03 22:03:06 - game.core.game - INFO - Loading resources
2025-04-03 22:03:06 - game.core.game - INFO - Resources loaded
2025-04-03 22:03:06 - game.core.input_handler - INFO - Controller gefunden: Xbox 360 Controller
2025-04-03 22:03:06 - game.core.input_handler - INFO - Controller gefunden: Xbox 360 Controller
2025-04-03 22:03:06 - game.core.input_handler - INFO - Controller gefunden: Xbox 360 Controller
2025-04-03 22:03:06 - game.core.input_handler - INFO - Controller gefunden: Xbox 360 Controller
2025-04-03 22:03:11 - game.ui.main_menu - INFO - Options selected
2025-04-03 22:03:11 - game.core.game - INFO - Showing options menu
2025-04-03 22:03:11 - game.ui.options_menu - INFO - Options menu opened
2025-04-03 22:03:13 - game.ui.options_menu - INFO - Executing action for option: Video
2025-04-03 22:03:13 - game.ui.options_menu - INFO - Changed to video menu
2025-04-03 22:03:14 - game.ui.options_menu - INFO - Executing action for option: Resolution
2025-04-03 22:03:14 - game.ui.options_menu - INFO - Resolution directly set to 640x480
2025-04-03 22:03:14 - game.core.game - INFO - Applying current resolution: [640, 480]
2025-04-03 22:03:14 - game.core.game - INFO - Applying resolution 640x480
2025-04-03 22:03:14 - game.maps.simple_map - INFO - Creating simple map with size 30x25, tile size 32px
2025-04-03 22:03:14 - game.core.camera - INFO - Creating camera with size 640x480, map size 960x800, zoom 1.2
2025-04-03 22:03:15 - game.ui.options_menu - INFO - Executing action for option: Resolution
2025-04-03 22:03:15 - game.ui.options_menu - INFO - Resolution directly set to 800x600
2025-04-03 22:03:15 - game.core.game - INFO - Applying current resolution: [800, 600]
2025-04-03 22:03:15 - game.core.game - INFO - Applying resolution 800x600
2025-04-03 22:03:15 - game.maps.simple_map - INFO - Creating simple map with size 35x28, tile size 32px
2025-04-03 22:03:15 - game.core.camera - INFO - Creating camera with size 800x600, map size 1120x896, zoom 1.2
2025-04-03 22:03:15 - game.ui.options_menu - INFO - Executing action for option: Resolution
2025-04-03 22:03:15 - game.ui.options_menu - INFO - Resolution directly set to 1024x768
2025-04-03 22:03:15 - game.core.game - INFO - Applying current resolution: [1024, 768]
2025-04-03 22:03:15 - game.core.game - INFO - Applying resolution 1024x768
2025-04-03 22:03:15 - game.maps.simple_map - INFO - Creating simple map with size 42x34, tile size 32px
2025-04-03 22:03:15 - game.core.camera - INFO - Creating camera with size 1024x768, map size 1344x1088, zoom 1.2
2025-04-03 22:03:16 - game.ui.options_menu - INFO - Executing action for option: Resolution
2025-04-03 22:03:16 - game.ui.options_menu - INFO - Resolution directly set to 1280x720
2025-04-03 22:03:16 - game.core.game - INFO - Applying current resolution: [1280, 720]
2025-04-03 22:03:16 - game.core.game - INFO - Applying resolution 1280x720
2025-04-03 22:03:16 - game.maps.simple_map - INFO - Creating simple map with size 50x32, tile size 32px
2025-04-03 22:03:16 - game.core.camera - INFO - Creating camera with size 1280x720, map size 1600x1024, zoom 1.2
2025-04-03 22:03:16 - game.ui.options_menu - INFO - Executing action for option: Resolution
2025-04-03 22:03:16 - game.ui.options_menu - INFO - Resolution directly set to 1366x768
2025-04-03 22:03:16 - game.core.game - INFO - Applying current resolution: [1366, 768]
2025-04-03 22:03:16 - game.core.game - INFO - Applying resolution 1366x768
2025-04-03 22:03:16 - game.maps.simple_map - INFO - Creating simple map with size 52x34, tile size 32px
2025-04-03 22:03:16 - game.core.camera - INFO - Creating camera with size 1366x768, map size 1664x1088, zoom 1.2
2025-04-03 22:03:17 - game.ui.options_menu - INFO - Executing action for option: Resolution
2025-04-03 22:03:17 - game.ui.options_menu - INFO - Resolution directly set to 1920x1080
2025-04-03 22:03:17 - game.core.game - INFO - Applying current resolution: [1920, 1080]
2025-04-03 22:03:17 - game.core.game - INFO - Applying resolution 1920x1080
2025-04-03 22:03:17 - game.maps.simple_map - INFO - Creating simple map with size 70x43, tile size 32px
2025-04-03 22:03:17 - game.core.camera - INFO - Creating camera with size 1920x1080, map size 2240x1376, zoom 1.2
2025-04-03 22:03:18 - game.ui.options_menu - INFO - Executing action for option: Resolution
2025-04-03 22:03:18 - game.ui.options_menu - INFO - Resolution directly set to 640x480
2025-04-03 22:03:18 - game.core.game - INFO - Applying current resolution: [640, 480]
2025-04-03 22:03:18 - game.core.game - INFO - Applying resolution 640x480
2025-04-03 22:03:18 - game.maps.simple_map - INFO - Creating simple map with size 30x25, tile size 32px
2025-04-03 22:03:18 - game.core.camera - INFO - Creating camera with size 640x480, map size 960x800, zoom 1.2
2025-04-03 22:03:19 - game.ui.options_menu - INFO - Executing action for option: Resolution
2025-04-03 22:03:19 - game.ui.options_menu - INFO - Resolution directly set to 800x600
2025-04-03 22:03:19 - game.core.game - INFO - Applying current resolution: [800, 600]
2025-04-03 22:03:19 - game.core.game - INFO - Applying resolution 800x600
2025-04-03 22:03:19 - game.maps.simple_map - INFO - Creating simple map with size 35x28, tile size 32px
2025-04-03 22:03:19 - game.core.camera - INFO - Creating camera with size 800x600, map size 1120x896, zoom 1.2
2025-04-03 22:03:22 - game.ui.options_menu - INFO - Executing action for option: Back
2025-04-03 22:03:22 - game.ui.options_menu - INFO - Changed to main menu
2025-04-03 22:03:27 - game.ui.options_menu - INFO - Executing action for option: Back
2025-04-03 22:03:27 - game.ui.options_menu - INFO - Options menu closed
2025-04-03 22:03:27 - game.core.game - INFO - Options menu closed, returning to previous state
2025-04-03 22:03:27 - game.core.settings - INFO - Settings saved to settings.json
2025-04-03 22:03:27 - game.ui.options_menu - INFO - Settings saved
2025-04-03 22:03:28 - game.ui.main_menu - INFO - New game selected
2025-04-03 22:03:28 - game.core.game - INFO - Starting new game
2025-04-03 22:03:43 - game.core.input_handler - INFO - Controller-Button erkannt: menu (Button 7)
2025-04-03 22:03:43 - game.ui.ingame_menu - INFO - Ingame menu opened
2025-04-03 22:03:43 - game.core.input_handler - INFO - Controller-Button erkannt: menu (Button 7)
2025-04-03 22:03:43 - game.core.input_handler - INFO - Controller-Button erkannt: menu (Button 7)
2025-04-03 22:03:43 - game.core.input_handler - INFO - Controller-Button erkannt: menu (Button 7)
2025-04-03 22:03:43 - game.core.input_handler - INFO - Controller-Button erkannt: menu (Button 7)
2025-04-03 22:03:43 - game.core.input_handler - INFO - Controller-Button erkannt: menu (Button 7)
2025-04-03 22:03:43 - game.core.input_handler - INFO - Controller-Button erkannt: menu (Button 7)
2025-04-03 22:03:52 - game.ui.ingame_menu - INFO - Executing action for option: OPTIONS
2025-04-03 22:03:52 - game.ui.ingame_menu - INFO - Showing options menu
2025-04-03 22:03:52 - game.core.game - INFO - Showing options menu
2025-04-03 22:03:52 - game.ui.ingame_menu - INFO - Ingame menu closed
2025-04-03 22:03:52 - game.ui.options_menu - INFO - Options menu opened
2025-04-03 22:03:52 - game.ui.ingame_menu - INFO - Ingame menu closed
2025-04-03 22:03:54 - game.ui.options_menu - INFO - Executing action for option: Gameplay
2025-04-03 22:03:54 - game.ui.options_menu - INFO - Changed to gameplay menu
2025-04-03 22:03:57 - game.ui.options_menu - INFO - Executing action for option: Text Speed
2025-04-03 22:03:57 - game.core.settings - INFO - Setting gameplay.text_speed set to fast
2025-04-03 22:03:59 - game.ui.options_menu - INFO - Executing action for option: Battle Animations
2025-04-03 22:03:59 - game.core.settings - INFO - Setting gameplay.battle_animations set to False
2025-04-03 22:04:01 - game.ui.options_menu - INFO - Executing action for option: Battle Style
2025-04-03 22:04:01 - game.core.settings - INFO - Setting gameplay.battle_style set to set
2025-04-03 22:04:01 - game.ui.options_menu - INFO - Executing action for option: Battle Style
2025-04-03 22:04:01 - game.core.settings - INFO - Setting gameplay.battle_style set to shift
2025-04-03 22:04:03 - game.ui.options_menu - INFO - Executing action for option: Back
2025-04-03 22:04:03 - game.ui.options_menu - INFO - Changed to main menu
2025-04-03 22:04:04 - game.ui.options_menu - INFO - Executing action for option: Controls
2025-04-03 22:04:04 - game.ui.options_menu - INFO - Changed to controls menu
2025-04-03 22:04:05 - game.ui.options_menu - INFO - Executing action for option: Back
2025-04-03 22:04:05 - game.ui.options_menu - INFO - Changed to main menu
2025-04-03 22:04:07 - game.ui.options_menu - INFO - Executing action for option: Back
2025-04-03 22:04:07 - game.ui.options_menu - INFO - Options menu closed
2025-04-03 22:04:07 - game.core.game - INFO - Options menu closed, returning to previous state
2025-04-03 22:04:07 - game.ui.ingame_menu - INFO - Ingame menu opened
2025-04-03 22:04:07 - game.core.settings - INFO - Settings saved to settings.json
2025-04-03 22:04:07 - game.ui.options_menu - INFO - Settings saved
2025-04-03 22:04:09 - game.ui.ingame_menu - INFO - Executing action for option: PLAYER
2025-04-03 22:04:09 - game.ui.ingame_menu - INFO - Changed to player menu
2025-04-03 22:04:10 - game.ui.ingame_menu - INFO - Executing action for option: Back
2025-04-03 22:04:10 - game.ui.ingame_menu - INFO - Changed to main menu
2025-04-03 22:04:10 - game.ui.ingame_menu - INFO - Executing action for option: POKEMON
2025-04-03 22:04:10 - game.ui.ingame_menu - INFO - Changed to pokemon menu
2025-04-03 22:04:11 - game.ui.ingame_menu - INFO - Executing action for option: Back
2025-04-03 22:04:11 - game.ui.ingame_menu - INFO - Changed to main menu
2025-04-03 22:04:11 - game.ui.ingame_menu - INFO - Executing action for option: BAG
2025-04-03 22:04:11 - game.ui.ingame_menu - INFO - Changed to bag menu
2025-04-03 22:04:11 - game.ui.ingame_menu - INFO - Executing action for option: Back
2025-04-03 22:04:11 - game.ui.ingame_menu - INFO - Changed to main menu
2025-04-03 22:04:17 - game.ui.ingame_menu - INFO - Executing action for option: EXIT
2025-04-03 22:04:17 - game.ui.ingame_menu - INFO - Ingame menu closed
2025-04-03 22:04:34 - game.core.input_handler - INFO - Controller-Button erkannt: menu (Button 7)
2025-04-03 22:04:34 - game.core.input_handler - INFO - Controller-Button erkannt: menu (Button 7)
2025-04-03 22:04:34 - game.core.input_handler - INFO - Controller-Button erkannt: menu (Button 7)
2025-04-03 22:04:34 - game.core.input_handler - INFO - Controller-Button erkannt: menu (Button 7)
2025-04-03 22:04:34 - game.core.input_handler - INFO - Controller-Button erkannt: menu (Button 7)
2025-04-03 22:04:34 - game.core.input_handler - INFO - Controller-Button erkannt: menu (Button 7)
2025-04-03 22:04:34 - game.core.input_handler - INFO - Controller-Button erkannt: menu (Button 7)
2025-04-03 22:04:34 - game.core.input_handler - INFO - Controller-Button erkannt: menu (Button 7)
2025-04-03 22:04:34 - game.core.input_handler - INFO - Controller-Button erkannt: menu (Button 7)
2025-04-03 22:04:34 - game.core.input_handler - INFO - Controller-Button erkannt: menu (Button 7)
2025-04-03 22:04:34 - game.core.input_handler - INFO - Controller-Button erkannt: menu (Button 7)
2025-04-03 22:04:34 - game.core.input_handler - INFO - Controller-Button erkannt: menu (Button 7)
2025-04-03 22:04:34 - game.core.input_handler - INFO - Controller-Button erkannt: menu (Button 7)
2025-04-03 22:04:34 - game.core.input_handler - INFO - Controller-Button erkannt: menu (Button 7)
2025-04-03 22:04:35 - game.core.input_handler - INFO - Controller-Button erkannt: menu (Button 7)
2025-04-03 22:04:35 - game.core.input_handler - INFO - Controller-Button erkannt: menu (Button 7)
2025-04-03 22:04:35 - game.core.input_handler - INFO - Controller-Button erkannt: menu (Button 7)
2025-04-03 22:04:35 - game.core.input_handler - INFO - Controller-Button erkannt: menu (Button 7)
2025-04-03 22:04:35 - game.core.input_handler - INFO - Controller-Button erkannt: menu (Button 7)
2025-04-03 22:04:35 - game.core.input_handler - INFO - Controller-Button erkannt: menu (Button 7)
2025-04-03 22:04:35 - game.core.input_handler - INFO - Controller-Button erkannt: menu (Button 7)
2025-04-03 22:04:35 - game.core.input_handler - INFO - Controller-Button erkannt: menu (Button 7)
2025-04-03 22:04:35 - game.core.input_handler - INFO - Controller-Button erkannt: menu (Button 7)
2025-04-03 22:04:35 - game.core.input_handler - INFO - Controller-Button erkannt: menu (Button 7)
2025-04-03 22:04:35 - game.core.input_handler - INFO - Controller-Button erkannt: menu (Button 7)
2025-04-03 22:04:35 - game.core.input_handler - INFO - Controller-Button erkannt: menu (Button 7)
2025-04-03 22:04:35 - game.core.input_handler - INFO - Controller-Button erkannt: menu (Button 7)
2025-04-03 22:04:35 - game.core.input_handler - INFO - Controller-Button erkannt: menu (Button 7)
2025-04-03 22:04:35 - game.core.input_handler - INFO - Controller-Button erkannt: menu (Button 7)
2025-04-03 22:04:35 - game.core.input_handler - INFO - Controller-Button erkannt: menu (Button 7)
2025-04-03 22:12:26 - __main__ - INFO - Starting PokeTogether
2025-04-03 22:12:26 - game.core.game - INFO - Initializing game
2025-04-03 22:12:26 - game.core.settings - INFO - Initializing settings
2025-04-03 22:12:26 - game.core.settings - INFO - Settings loaded from settings.json
2025-04-03 22:12:26 - game.core.input_handler - INFO - Initialisiere Input-Handler
2025-04-03 22:12:26 - game.core.input_handler - INFO - Controller gefunden: Xbox 360 Controller
2025-04-03 22:12:26 - game.core.input_handler - INFO - Controller gefunden: Xbox 360 Controller
2025-04-03 22:12:26 - game.maps.simple_map - INFO - Creating simple map with size 35x28, tile size 32px
2025-04-03 22:12:26 - game.entities.player - INFO - Creating player 'Red' at position (560, 448)
2025-04-03 22:12:26 - game.core.camera - INFO - Creating camera with size 800x600, map size 1120x896, zoom 1.2
2025-04-03 22:12:26 - game.ui.main_menu - INFO - Initializing main menu
2025-04-03 22:12:26 - game.ui.options_menu - INFO - Initializing options menu
2025-04-03 22:12:26 - game.ui.ingame_menu - INFO - Initializing ingame menu
2025-04-03 22:12:26 - game.core.game - INFO - Game initialized
2025-04-03 22:12:26 - game.core.game - INFO - Starting game loop
2025-04-03 22:12:26 - game.core.game - INFO - Loading resources
2025-04-03 22:12:26 - game.core.game - INFO - Resources loaded
2025-04-03 22:12:26 - game.core.input_handler - INFO - Controller gefunden: Xbox 360 Controller
2025-04-03 22:12:26 - game.core.input_handler - INFO - Controller gefunden: Xbox 360 Controller
2025-04-03 22:12:26 - game.core.input_handler - INFO - Controller gefunden: Xbox 360 Controller
2025-04-03 22:12:26 - game.core.input_handler - INFO - Controller gefunden: Xbox 360 Controller
2025-04-03 22:13:06 - game.core.game - INFO - Game loop ended
2025-04-03 22:13:06 - __main__ - INFO - Game closed successfully
2025-04-03 22:14:41 - __main__ - INFO - Starting PokeTogether
2025-04-03 22:14:41 - game.core.game - INFO - Initializing game
2025-04-03 22:14:42 - game.core.settings - INFO - Initializing settings
2025-04-03 22:14:42 - game.core.settings - INFO - Settings loaded from settings.json
2025-04-03 22:14:42 - game.core.input_handler - INFO - Initialisiere Input-Handler
2025-04-03 22:14:42 - game.core.input_handler - INFO - Controller gefunden: Xbox 360 Controller
2025-04-03 22:14:42 - game.core.input_handler - INFO - Controller gefunden: Xbox 360 Controller
2025-04-03 22:14:42 - game.maps.simple_map - INFO - Creating simple map with size 35x28, tile size 32px
2025-04-03 22:14:42 - game.entities.player - INFO - Creating player 'Red' at position (560, 448)
2025-04-03 22:14:42 - game.core.camera - INFO - Creating camera with size 800x600, map size 1120x896, zoom 1.2
2025-04-03 22:14:42 - game.ui.main_menu - INFO - Initializing main menu
2025-04-03 22:14:42 - game.ui.options_menu - INFO - Initializing options menu
2025-04-03 22:14:42 - game.ui.ingame_menu - INFO - Initializing ingame menu
2025-04-03 22:14:42 - game.core.game - INFO - Game initialized
2025-04-03 22:14:42 - game.core.game - INFO - Starting game loop
2025-04-03 22:14:42 - game.core.game - INFO - Loading resources
2025-04-03 22:14:42 - game.core.game - INFO - Resources loaded
2025-04-03 22:14:42 - game.core.input_handler - INFO - Controller gefunden: Xbox 360 Controller
2025-04-03 22:14:42 - game.core.input_handler - INFO - Controller gefunden: Xbox 360 Controller
2025-04-03 22:14:42 - game.core.input_handler - INFO - Controller gefunden: Xbox 360 Controller
2025-04-03 22:14:42 - game.core.input_handler - INFO - Controller gefunden: Xbox 360 Controller
2025-04-03 22:15:01 - game.core.game - INFO - Game loop ended
2025-04-03 22:15:01 - __main__ - INFO - Game closed successfully
2025-04-03 22:19:04 - __main__ - INFO - Starting PokeTogether
2025-04-03 22:19:04 - game.core.game - INFO - Initializing game
2025-04-03 22:19:04 - game.core.settings - INFO - Initializing settings
2025-04-03 22:19:04 - game.core.settings - INFO - Settings loaded from settings.json
2025-04-03 22:19:04 - game.core.input_handler - INFO - Initialisiere Input-Handler
2025-04-03 22:19:04 - game.core.input_handler - INFO - Controller gefunden: Xbox 360 Controller
2025-04-03 22:19:04 - game.core.input_handler - INFO - Controller gefunden: Xbox 360 Controller
2025-04-03 22:19:04 - game.maps.simple_map - INFO - Creating simple map with size 35x28, tile size 32px
2025-04-03 22:19:04 - game.entities.player - INFO - Creating player 'Red' at position (560, 448)
2025-04-03 22:19:04 - game.core.camera - INFO - Creating camera with size 800x600, map size 1120x896, zoom 1.2
2025-04-03 22:19:04 - game.ui.main_menu - INFO - Initializing main menu
2025-04-03 22:19:04 - game.ui.options_menu - INFO - Initializing options menu
2025-04-03 22:19:04 - game.ui.ingame_menu - INFO - Initializing ingame menu
2025-04-03 22:19:04 - game.core.game - INFO - Game initialized
2025-04-03 22:19:04 - game.core.game - INFO - Starting game loop
2025-04-03 22:19:04 - game.core.game - INFO - Loading resources
2025-04-03 22:19:04 - game.core.game - INFO - Resources loaded
2025-04-03 22:19:04 - game.core.input_handler - INFO - Controller gefunden: Xbox 360 Controller
2025-04-03 22:19:04 - game.core.input_handler - INFO - Controller gefunden: Xbox 360 Controller
2025-04-03 22:19:04 - game.core.input_handler - INFO - Controller gefunden: Xbox 360 Controller
2025-04-03 22:19:04 - game.core.input_handler - INFO - Controller gefunden: Xbox 360 Controller
